
ATSAM3X8E_FW.elf:     file format elf32-littlearm

Sections:
Idx Name          Size      VMA       LMA       File off  Algn
  0 .text         00001e90  00080000  00080000  00008000  2**2
                  CONTENTS, ALLOC, LOAD, READONLY, CODE
  1 .relocate     00000518  20070000  00081e90  00010000  2**3
                  CONTENTS, ALLOC, LOAD, DATA
  2 .bss          00000240  20070518  000823a8  00010518  2**2
                  ALLOC
  3 .stack        00002000  20070758  000825e8  00010518  2**0
                  ALLOC
  4 .ARM.attributes 00000029  00000000  00000000  00010518  2**0
                  CONTENTS, READONLY
  5 .comment      00000071  00000000  00000000  00010541  2**0
                  CONTENTS, READONLY
  6 .debug_info   00002108  00000000  00000000  000105b2  2**0
                  CONTENTS, READONLY, DEBUGGING
  7 .debug_abbrev 000007ec  00000000  00000000  000126ba  2**0
                  CONTENTS, READONLY, DEBUGGING
  8 .debug_loc    000002e0  00000000  00000000  00012ea6  2**0
                  CONTENTS, READONLY, DEBUGGING
  9 .debug_aranges 000000c0  00000000  00000000  00013186  2**0
                  CONTENTS, READONLY, DEBUGGING
 10 .debug_line   0000098b  00000000  00000000  00013246  2**0
                  CONTENTS, READONLY, DEBUGGING
 11 .debug_str    000007df  00000000  00000000  00013bd1  2**0
                  CONTENTS, READONLY, DEBUGGING
 12 .debug_frame  000000f0  00000000  00000000  000143b0  2**2
                  CONTENTS, READONLY, DEBUGGING
 13 .debug_ranges 00000050  00000000  00000000  000144a0  2**0
                  CONTENTS, READONLY, DEBUGGING

Disassembly of section .text:

00080000 <_sfixed>:
   80000:	20072758 	.word	0x20072758
   80004:	00081ca9 	.word	0x00081ca9
   80008:	00081ca5 	.word	0x00081ca5
   8000c:	00081ca5 	.word	0x00081ca5
   80010:	00081ca5 	.word	0x00081ca5
   80014:	00081ca5 	.word	0x00081ca5
   80018:	00081ca5 	.word	0x00081ca5
	...
   8002c:	00081ca5 	.word	0x00081ca5
   80030:	00081ca5 	.word	0x00081ca5
   80034:	00000000 	.word	0x00000000
   80038:	00081ca5 	.word	0x00081ca5
   8003c:	00081ca5 	.word	0x00081ca5
   80040:	00081ca5 	.word	0x00081ca5
   80044:	00081ca5 	.word	0x00081ca5
   80048:	00081ca5 	.word	0x00081ca5
   8004c:	00081ca5 	.word	0x00081ca5
   80050:	00081ca5 	.word	0x00081ca5
   80054:	00081ca5 	.word	0x00081ca5
   80058:	00081ca5 	.word	0x00081ca5
   8005c:	00081ca5 	.word	0x00081ca5
   80060:	00081ca5 	.word	0x00081ca5
   80064:	00081ca5 	.word	0x00081ca5
   80068:	00000000 	.word	0x00000000
   8006c:	00081c01 	.word	0x00081c01
   80070:	00081c15 	.word	0x00081c15
   80074:	00081c29 	.word	0x00081c29
   80078:	00081c3d 	.word	0x00081c3d
	...
   80084:	00081ca5 	.word	0x00081ca5
   80088:	00081ca5 	.word	0x00081ca5
   8008c:	00081ca5 	.word	0x00081ca5
   80090:	00081ca5 	.word	0x00081ca5
   80094:	00081ca5 	.word	0x00081ca5
   80098:	00081ca5 	.word	0x00081ca5
   8009c:	00081ca5 	.word	0x00081ca5
   800a0:	00081ca5 	.word	0x00081ca5
   800a4:	00000000 	.word	0x00000000
   800a8:	00081ca5 	.word	0x00081ca5
   800ac:	00081ca5 	.word	0x00081ca5
   800b0:	00081ca5 	.word	0x00081ca5
   800b4:	00081ca5 	.word	0x00081ca5
   800b8:	00081ca5 	.word	0x00081ca5
   800bc:	00081ca5 	.word	0x00081ca5
   800c0:	00081ca5 	.word	0x00081ca5
   800c4:	00081ca5 	.word	0x00081ca5
   800c8:	00081ca5 	.word	0x00081ca5
   800cc:	00081ca5 	.word	0x00081ca5
   800d0:	00081ca5 	.word	0x00081ca5
   800d4:	00081ca5 	.word	0x00081ca5
   800d8:	00081ca5 	.word	0x00081ca5
   800dc:	00081ca5 	.word	0x00081ca5
   800e0:	00080f05 	.word	0x00080f05
   800e4:	00081ca5 	.word	0x00081ca5
   800e8:	00081ca5 	.word	0x00081ca5
   800ec:	00081ca5 	.word	0x00081ca5
   800f0:	00081ca5 	.word	0x00081ca5

000800f4 <deregister_tm_clones>:
   800f4:	b508      	push	{r3, lr}
   800f6:	4805      	ldr	r0, [pc, #20]	; (8010c <deregister_tm_clones+0x18>)
   800f8:	4b05      	ldr	r3, [pc, #20]	; (80110 <deregister_tm_clones+0x1c>)
   800fa:	1a19      	subs	r1, r3, r0
   800fc:	2906      	cmp	r1, #6
   800fe:	d800      	bhi.n	80102 <deregister_tm_clones+0xe>
   80100:	bd08      	pop	{r3, pc}
   80102:	4a04      	ldr	r2, [pc, #16]	; (80114 <deregister_tm_clones+0x20>)
   80104:	2a00      	cmp	r2, #0
   80106:	d0fb      	beq.n	80100 <deregister_tm_clones+0xc>
   80108:	4790      	blx	r2
   8010a:	e7f9      	b.n	80100 <deregister_tm_clones+0xc>
   8010c:	00081e90 	.word	0x00081e90
   80110:	00081e93 	.word	0x00081e93
   80114:	00000000 	.word	0x00000000

00080118 <register_tm_clones>:
   80118:	b508      	push	{r3, lr}
   8011a:	4807      	ldr	r0, [pc, #28]	; (80138 <register_tm_clones+0x20>)
   8011c:	4b07      	ldr	r3, [pc, #28]	; (8013c <register_tm_clones+0x24>)
   8011e:	1a19      	subs	r1, r3, r0
   80120:	108a      	asrs	r2, r1, #2
   80122:	eb02 73d2 	add.w	r3, r2, r2, lsr #31
   80126:	1059      	asrs	r1, r3, #1
   80128:	d100      	bne.n	8012c <register_tm_clones+0x14>
   8012a:	bd08      	pop	{r3, pc}
   8012c:	4a04      	ldr	r2, [pc, #16]	; (80140 <register_tm_clones+0x28>)
   8012e:	2a00      	cmp	r2, #0
   80130:	d0fb      	beq.n	8012a <register_tm_clones+0x12>
   80132:	4790      	blx	r2
   80134:	e7f9      	b.n	8012a <register_tm_clones+0x12>
   80136:	bf00      	nop
   80138:	00081e90 	.word	0x00081e90
   8013c:	00081e90 	.word	0x00081e90
   80140:	00000000 	.word	0x00000000

00080144 <__do_global_dtors_aux>:
   80144:	b510      	push	{r4, lr}
   80146:	4c06      	ldr	r4, [pc, #24]	; (80160 <__do_global_dtors_aux+0x1c>)
   80148:	7823      	ldrb	r3, [r4, #0]
   8014a:	b943      	cbnz	r3, 8015e <__do_global_dtors_aux+0x1a>
   8014c:	f7ff ffd2 	bl	800f4 <deregister_tm_clones>
   80150:	4804      	ldr	r0, [pc, #16]	; (80164 <__do_global_dtors_aux+0x20>)
   80152:	b110      	cbz	r0, 8015a <__do_global_dtors_aux+0x16>
   80154:	4804      	ldr	r0, [pc, #16]	; (80168 <__do_global_dtors_aux+0x24>)
   80156:	f3af 8000 	nop.w
   8015a:	2101      	movs	r1, #1
   8015c:	7021      	strb	r1, [r4, #0]
   8015e:	bd10      	pop	{r4, pc}
   80160:	20070518 	.word	0x20070518
   80164:	00000000 	.word	0x00000000
   80168:	00081e90 	.word	0x00081e90

0008016c <frame_dummy>:
   8016c:	b508      	push	{r3, lr}
   8016e:	4b08      	ldr	r3, [pc, #32]	; (80190 <frame_dummy+0x24>)
   80170:	b11b      	cbz	r3, 8017a <frame_dummy+0xe>
   80172:	4808      	ldr	r0, [pc, #32]	; (80194 <frame_dummy+0x28>)
   80174:	4908      	ldr	r1, [pc, #32]	; (80198 <frame_dummy+0x2c>)
   80176:	f3af 8000 	nop.w
   8017a:	4808      	ldr	r0, [pc, #32]	; (8019c <frame_dummy+0x30>)
   8017c:	6801      	ldr	r1, [r0, #0]
   8017e:	b111      	cbz	r1, 80186 <frame_dummy+0x1a>
   80180:	4a07      	ldr	r2, [pc, #28]	; (801a0 <frame_dummy+0x34>)
   80182:	b102      	cbz	r2, 80186 <frame_dummy+0x1a>
   80184:	4790      	blx	r2
   80186:	e8bd 4008 	ldmia.w	sp!, {r3, lr}
   8018a:	f7ff bfc5 	b.w	80118 <register_tm_clones>
   8018e:	bf00      	nop
   80190:	00000000 	.word	0x00000000
   80194:	00081e90 	.word	0x00081e90
   80198:	2007051c 	.word	0x2007051c
   8019c:	00081e90 	.word	0x00081e90
   801a0:	00000000 	.word	0x00000000

000801a4 <cpu_irq_save>:
   801a4:	f3ef 8010 	mrs	r0, PRIMASK
   801a8:	b672      	cpsid	i
   801aa:	f3bf 8f5f 	dmb	sy
   801ae:	2200      	movs	r2, #0
   801b0:	1a81      	subs	r1, r0, r2
   801b2:	4b02      	ldr	r3, [pc, #8]	; (801bc <cpu_irq_save+0x18>)
   801b4:	4248      	negs	r0, r1
   801b6:	701a      	strb	r2, [r3, #0]
   801b8:	4148      	adcs	r0, r1
   801ba:	4770      	bx	lr
   801bc:	200700e0 	.word	0x200700e0

000801c0 <udi_cdc_comm_enable>:
   801c0:	b510      	push	{r4, lr}
   801c2:	4b10      	ldr	r3, [pc, #64]	; (80204 <udi_cdc_comm_enable+0x44>)
   801c4:	4c10      	ldr	r4, [pc, #64]	; (80208 <udi_cdc_comm_enable+0x48>)
   801c6:	2200      	movs	r2, #0
   801c8:	7022      	strb	r2, [r4, #0]
   801ca:	801a      	strh	r2, [r3, #0]
   801cc:	4b0f      	ldr	r3, [pc, #60]	; (8020c <udi_cdc_comm_enable+0x4c>)
   801ce:	20a1      	movs	r0, #161	; 0xa1
   801d0:	7018      	strb	r0, [r3, #0]
   801d2:	2020      	movs	r0, #32
   801d4:	7058      	strb	r0, [r3, #1]
   801d6:	2002      	movs	r0, #2
   801d8:	805a      	strh	r2, [r3, #2]
   801da:	809a      	strh	r2, [r3, #4]
   801dc:	80d8      	strh	r0, [r3, #6]
   801de:	811a      	strh	r2, [r3, #8]
   801e0:	4b0b      	ldr	r3, [pc, #44]	; (80210 <udi_cdc_comm_enable+0x50>)
   801e2:	4611      	mov	r1, r2
   801e4:	701a      	strb	r2, [r3, #0]
   801e6:	2001      	movs	r0, #1
   801e8:	f06f 023d 	mvn.w	r2, #61	; 0x3d
   801ec:	705a      	strb	r2, [r3, #1]
   801ee:	70d9      	strb	r1, [r3, #3]
   801f0:	7098      	strb	r0, [r3, #2]
   801f2:	7119      	strb	r1, [r3, #4]
   801f4:	7159      	strb	r1, [r3, #5]
   801f6:	2108      	movs	r1, #8
   801f8:	7199      	strb	r1, [r3, #6]
   801fa:	7823      	ldrb	r3, [r4, #0]
   801fc:	181a      	adds	r2, r3, r0
   801fe:	b2d1      	uxtb	r1, r2
   80200:	7021      	strb	r1, [r4, #0]
   80202:	bd10      	pop	{r4, pc}
   80204:	20070664 	.word	0x20070664
   80208:	200705c8 	.word	0x200705c8
   8020c:	200705d4 	.word	0x200705d4
   80210:	20070535 	.word	0x20070535

00080214 <udi_cdc_comm_disable>:
   80214:	4b02      	ldr	r3, [pc, #8]	; (80220 <udi_cdc_comm_disable+0xc>)
   80216:	781a      	ldrb	r2, [r3, #0]
   80218:	1e50      	subs	r0, r2, #1
   8021a:	b2c1      	uxtb	r1, r0
   8021c:	7019      	strb	r1, [r3, #0]
   8021e:	4770      	bx	lr
   80220:	200705c8 	.word	0x200705c8

00080224 <udi_cdc_data_disable>:
   80224:	4b04      	ldr	r3, [pc, #16]	; (80238 <udi_cdc_data_disable+0x14>)
   80226:	781a      	ldrb	r2, [r3, #0]
   80228:	1e50      	subs	r0, r2, #1
   8022a:	b2c1      	uxtb	r1, r0
   8022c:	7019      	strb	r1, [r3, #0]
   8022e:	781b      	ldrb	r3, [r3, #0]
   80230:	4b02      	ldr	r3, [pc, #8]	; (8023c <udi_cdc_data_disable+0x18>)
   80232:	2200      	movs	r2, #0
   80234:	701a      	strb	r2, [r3, #0]
   80236:	4770      	bx	lr
   80238:	2007053c 	.word	0x2007053c
   8023c:	200705ce 	.word	0x200705ce

00080240 <udi_cdc_data_setup>:
   80240:	2000      	movs	r0, #0
   80242:	4770      	bx	lr

00080244 <udi_cdc_getsetting>:
   80244:	2000      	movs	r0, #0
   80246:	4770      	bx	lr

00080248 <udi_cdc_line_coding_received>:
   80248:	4770      	bx	lr
	...

0008024c <cpu_irq_restore>:
   8024c:	b128      	cbz	r0, 8025a <cpu_irq_restore+0xe>
   8024e:	4b03      	ldr	r3, [pc, #12]	; (8025c <cpu_irq_restore+0x10>)
   80250:	2201      	movs	r2, #1
   80252:	701a      	strb	r2, [r3, #0]
   80254:	f3bf 8f5f 	dmb	sy
   80258:	b662      	cpsie	i
   8025a:	4770      	bx	lr
   8025c:	200700e0 	.word	0x200700e0

00080260 <udi_cdc_comm_setup>:
   80260:	4b13      	ldr	r3, [pc, #76]	; (802b0 <udi_cdc_comm_setup+0x50>)
   80262:	781a      	ldrb	r2, [r3, #0]
   80264:	f012 0f80 	tst.w	r2, #128	; 0x80
   80268:	f002 0060 	and.w	r0, r2, #96	; 0x60
   8026c:	d008      	beq.n	80280 <udi_cdc_comm_setup+0x20>
   8026e:	2820      	cmp	r0, #32
   80270:	d11b      	bne.n	802aa <udi_cdc_comm_setup+0x4a>
   80272:	785a      	ldrb	r2, [r3, #1]
   80274:	2a21      	cmp	r2, #33	; 0x21
   80276:	d118      	bne.n	802aa <udi_cdc_comm_setup+0x4a>
   80278:	88d8      	ldrh	r0, [r3, #6]
   8027a:	2807      	cmp	r0, #7
   8027c:	d115      	bne.n	802aa <udi_cdc_comm_setup+0x4a>
   8027e:	e00f      	b.n	802a0 <udi_cdc_comm_setup+0x40>
   80280:	2820      	cmp	r0, #32
   80282:	d112      	bne.n	802aa <udi_cdc_comm_setup+0x4a>
   80284:	7859      	ldrb	r1, [r3, #1]
   80286:	2920      	cmp	r1, #32
   80288:	d005      	beq.n	80296 <udi_cdc_comm_setup+0x36>
   8028a:	f1b1 0322 	subs.w	r3, r1, #34	; 0x22
   8028e:	425a      	negs	r2, r3
   80290:	eb52 0003 	adcs.w	r0, r2, r3
   80294:	4770      	bx	lr
   80296:	88d8      	ldrh	r0, [r3, #6]
   80298:	2807      	cmp	r0, #7
   8029a:	d106      	bne.n	802aa <udi_cdc_comm_setup+0x4a>
   8029c:	4905      	ldr	r1, [pc, #20]	; (802b4 <udi_cdc_comm_setup+0x54>)
   8029e:	6119      	str	r1, [r3, #16]
   802a0:	4905      	ldr	r1, [pc, #20]	; (802b8 <udi_cdc_comm_setup+0x58>)
   802a2:	8198      	strh	r0, [r3, #12]
   802a4:	6099      	str	r1, [r3, #8]
   802a6:	2001      	movs	r0, #1
   802a8:	4770      	bx	lr
   802aa:	2000      	movs	r0, #0
   802ac:	4770      	bx	lr
   802ae:	bf00      	nop
   802b0:	20070740 	.word	0x20070740
   802b4:	00080249 	.word	0x00080249
   802b8:	20070535 	.word	0x20070535

000802bc <udi_cdc_tx_send.isra.5>:
   802bc:	b5f7      	push	{r0, r1, r2, r4, r5, r6, r7, lr}
   802be:	4b33      	ldr	r3, [pc, #204]	; (8038c <udi_cdc_tx_send.isra.5+0xd0>)
   802c0:	7818      	ldrb	r0, [r3, #0]
   802c2:	2800      	cmp	r0, #0
   802c4:	d160      	bne.n	80388 <udi_cdc_tx_send.isra.5+0xcc>
   802c6:	4932      	ldr	r1, [pc, #200]	; (80390 <udi_cdc_tx_send.isra.5+0xd4>)
   802c8:	4788      	blx	r1
   802ca:	4a32      	ldr	r2, [pc, #200]	; (80394 <udi_cdc_tx_send.isra.5+0xd8>)
   802cc:	8814      	ldrh	r4, [r2, #0]
   802ce:	b168      	cbz	r0, 802ec <udi_cdc_tx_send.isra.5+0x30>
   802d0:	4b31      	ldr	r3, [pc, #196]	; (80398 <udi_cdc_tx_send.isra.5+0xdc>)
   802d2:	4798      	blx	r3
   802d4:	4284      	cmp	r4, r0
   802d6:	d057      	beq.n	80388 <udi_cdc_tx_send.isra.5+0xcc>
   802d8:	4c30      	ldr	r4, [pc, #192]	; (8039c <udi_cdc_tx_send.isra.5+0xe0>)
   802da:	47a0      	blx	r4
   802dc:	4d30      	ldr	r5, [pc, #192]	; (803a0 <udi_cdc_tx_send.isra.5+0xe4>)
   802de:	4606      	mov	r6, r0
   802e0:	782c      	ldrb	r4, [r5, #0]
   802e2:	4830      	ldr	r0, [pc, #192]	; (803a4 <udi_cdc_tx_send.isra.5+0xe8>)
   802e4:	f830 1014 	ldrh.w	r1, [r0, r4, lsl #1]
   802e8:	b9b9      	cbnz	r1, 8031a <udi_cdc_tx_send.isra.5+0x5e>
   802ea:	e001      	b.n	802f0 <udi_cdc_tx_send.isra.5+0x34>
   802ec:	4b2e      	ldr	r3, [pc, #184]	; (803a8 <udi_cdc_tx_send.isra.5+0xec>)
   802ee:	e7f0      	b.n	802d2 <udi_cdc_tx_send.isra.5+0x16>
   802f0:	4d2e      	ldr	r5, [pc, #184]	; (803ac <udi_cdc_tx_send.isra.5+0xf0>)
   802f2:	882f      	ldrh	r7, [r5, #0]
   802f4:	1c7a      	adds	r2, r7, #1
   802f6:	4f26      	ldr	r7, [pc, #152]	; (80390 <udi_cdc_tx_send.isra.5+0xd4>)
   802f8:	802a      	strh	r2, [r5, #0]
   802fa:	47b8      	blx	r7
   802fc:	b930      	cbnz	r0, 8030c <udi_cdc_tx_send.isra.5+0x50>
   802fe:	882b      	ldrh	r3, [r5, #0]
   80300:	2b63      	cmp	r3, #99	; 0x63
   80302:	d803      	bhi.n	8030c <udi_cdc_tx_send.isra.5+0x50>
   80304:	4630      	mov	r0, r6
   80306:	4b2a      	ldr	r3, [pc, #168]	; (803b0 <udi_cdc_tx_send.isra.5+0xf4>)
   80308:	4798      	blx	r3
   8030a:	e03d      	b.n	80388 <udi_cdc_tx_send.isra.5+0xcc>
   8030c:	47b8      	blx	r7
   8030e:	b120      	cbz	r0, 8031a <udi_cdc_tx_send.isra.5+0x5e>
   80310:	4826      	ldr	r0, [pc, #152]	; (803ac <udi_cdc_tx_send.isra.5+0xf0>)
   80312:	8801      	ldrh	r1, [r0, #0]
   80314:	f5b1 7f48 	cmp.w	r1, #800	; 0x320
   80318:	d3f4      	bcc.n	80304 <udi_cdc_tx_send.isra.5+0x48>
   8031a:	4b26      	ldr	r3, [pc, #152]	; (803b4 <udi_cdc_tx_send.isra.5+0xf8>)
   8031c:	4a23      	ldr	r2, [pc, #140]	; (803ac <udi_cdc_tx_send.isra.5+0xf0>)
   8031e:	7818      	ldrb	r0, [r3, #0]
   80320:	2500      	movs	r5, #0
   80322:	8015      	strh	r5, [r2, #0]
   80324:	b930      	cbnz	r0, 80334 <udi_cdc_tx_send.isra.5+0x78>
   80326:	1b61      	subs	r1, r4, r5
   80328:	424d      	negs	r5, r1
   8032a:	4b1d      	ldr	r3, [pc, #116]	; (803a0 <udi_cdc_tx_send.isra.5+0xe4>)
   8032c:	eb55 0201 	adcs.w	r2, r5, r1
   80330:	701a      	strb	r2, [r3, #0]
   80332:	e003      	b.n	8033c <udi_cdc_tx_send.isra.5+0x80>
   80334:	f1d4 0401 	rsbs	r4, r4, #1
   80338:	bf38      	it	cc
   8033a:	2400      	movcc	r4, #0
   8033c:	4913      	ldr	r1, [pc, #76]	; (8038c <udi_cdc_tx_send.isra.5+0xd0>)
   8033e:	2001      	movs	r0, #1
   80340:	7008      	strb	r0, [r1, #0]
   80342:	4d1b      	ldr	r5, [pc, #108]	; (803b0 <udi_cdc_tx_send.isra.5+0xf4>)
   80344:	4630      	mov	r0, r6
   80346:	47a8      	blx	r5
   80348:	4a16      	ldr	r2, [pc, #88]	; (803a4 <udi_cdc_tx_send.isra.5+0xe8>)
   8034a:	f832 3014 	ldrh.w	r3, [r2, r4, lsl #1]
   8034e:	f1b3 0540 	subs.w	r5, r3, #64	; 0x40
   80352:	bf18      	it	ne
   80354:	2501      	movne	r5, #1
   80356:	b14d      	cbz	r5, 8036c <udi_cdc_tx_send.isra.5+0xb0>
   80358:	4e0d      	ldr	r6, [pc, #52]	; (80390 <udi_cdc_tx_send.isra.5+0xd4>)
   8035a:	47b0      	blx	r6
   8035c:	4e0d      	ldr	r6, [pc, #52]	; (80394 <udi_cdc_tx_send.isra.5+0xd8>)
   8035e:	b108      	cbz	r0, 80364 <udi_cdc_tx_send.isra.5+0xa8>
   80360:	490d      	ldr	r1, [pc, #52]	; (80398 <udi_cdc_tx_send.isra.5+0xdc>)
   80362:	e000      	b.n	80366 <udi_cdc_tx_send.isra.5+0xaa>
   80364:	4910      	ldr	r1, [pc, #64]	; (803a8 <udi_cdc_tx_send.isra.5+0xec>)
   80366:	4788      	blx	r1
   80368:	8030      	strh	r0, [r6, #0]
   8036a:	e001      	b.n	80370 <udi_cdc_tx_send.isra.5+0xb4>
   8036c:	4809      	ldr	r0, [pc, #36]	; (80394 <udi_cdc_tx_send.isra.5+0xd8>)
   8036e:	8005      	strh	r5, [r0, #0]
   80370:	4a0c      	ldr	r2, [pc, #48]	; (803a4 <udi_cdc_tx_send.isra.5+0xe8>)
   80372:	4811      	ldr	r0, [pc, #68]	; (803b8 <udi_cdc_tx_send.isra.5+0xfc>)
   80374:	f832 3014 	ldrh.w	r3, [r2, r4, lsl #1]
   80378:	4a10      	ldr	r2, [pc, #64]	; (803bc <udi_cdc_tx_send.isra.5+0x100>)
   8037a:	9000      	str	r0, [sp, #0]
   8037c:	eb02 1284 	add.w	r2, r2, r4, lsl #6
   80380:	2081      	movs	r0, #129	; 0x81
   80382:	4629      	mov	r1, r5
   80384:	4c0e      	ldr	r4, [pc, #56]	; (803c0 <udi_cdc_tx_send.isra.5+0x104>)
   80386:	47a0      	blx	r4
   80388:	bdfe      	pop	{r1, r2, r3, r4, r5, r6, r7, pc}
   8038a:	bf00      	nop
   8038c:	200705d0 	.word	0x200705d0
   80390:	000813c5 	.word	0x000813c5
   80394:	200705cc 	.word	0x200705cc
   80398:	00081411 	.word	0x00081411
   8039c:	000801a5 	.word	0x000801a5
   803a0:	2007053d 	.word	0x2007053d
   803a4:	2007053e 	.word	0x2007053e
   803a8:	00081401 	.word	0x00081401
   803ac:	20070660 	.word	0x20070660
   803b0:	0008024d 	.word	0x0008024d
   803b4:	20070662 	.word	0x20070662
   803b8:	000803d1 	.word	0x000803d1
   803bc:	20070544 	.word	0x20070544
   803c0:	000815f5 	.word	0x000815f5

000803c4 <udi_cdc_data_sof_notify>:
   803c4:	b508      	push	{r3, lr}
   803c6:	4b01      	ldr	r3, [pc, #4]	; (803cc <udi_cdc_data_sof_notify+0x8>)
   803c8:	4798      	blx	r3
   803ca:	bd08      	pop	{r3, pc}
   803cc:	000802bd 	.word	0x000802bd

000803d0 <udi_cdc_data_sent>:
   803d0:	b508      	push	{r3, lr}
   803d2:	b970      	cbnz	r0, 803f2 <udi_cdc_data_sent+0x22>
   803d4:	4b07      	ldr	r3, [pc, #28]	; (803f4 <udi_cdc_data_sent+0x24>)
   803d6:	4a08      	ldr	r2, [pc, #32]	; (803f8 <udi_cdc_data_sent+0x28>)
   803d8:	7819      	ldrb	r1, [r3, #0]
   803da:	4b08      	ldr	r3, [pc, #32]	; (803fc <udi_cdc_data_sent+0x2c>)
   803dc:	f1d1 0101 	rsbs	r1, r1, #1
   803e0:	bf38      	it	cc
   803e2:	2100      	movcc	r1, #0
   803e4:	f823 0011 	strh.w	r0, [r3, r1, lsl #1]
   803e8:	4905      	ldr	r1, [pc, #20]	; (80400 <udi_cdc_data_sent+0x30>)
   803ea:	7008      	strb	r0, [r1, #0]
   803ec:	7010      	strb	r0, [r2, #0]
   803ee:	4805      	ldr	r0, [pc, #20]	; (80404 <udi_cdc_data_sent+0x34>)
   803f0:	4780      	blx	r0
   803f2:	bd08      	pop	{r3, pc}
   803f4:	2007053d 	.word	0x2007053d
   803f8:	200705d0 	.word	0x200705d0
   803fc:	2007053e 	.word	0x2007053e
   80400:	20070662 	.word	0x20070662
   80404:	000802bd 	.word	0x000802bd

00080408 <udi_cdc_multi_get_nb_received_data>:
   80408:	b510      	push	{r4, lr}
   8040a:	4b07      	ldr	r3, [pc, #28]	; (80428 <udi_cdc_multi_get_nb_received_data+0x20>)
   8040c:	4798      	blx	r3
   8040e:	4907      	ldr	r1, [pc, #28]	; (8042c <udi_cdc_multi_get_nb_received_data+0x24>)
   80410:	4a07      	ldr	r2, [pc, #28]	; (80430 <udi_cdc_multi_get_nb_received_data+0x28>)
   80412:	880c      	ldrh	r4, [r1, #0]
   80414:	4b07      	ldr	r3, [pc, #28]	; (80434 <udi_cdc_multi_get_nb_received_data+0x2c>)
   80416:	b2a1      	uxth	r1, r4
   80418:	7814      	ldrb	r4, [r2, #0]
   8041a:	f833 2014 	ldrh.w	r2, [r3, r4, lsl #1]
   8041e:	1a54      	subs	r4, r2, r1
   80420:	4905      	ldr	r1, [pc, #20]	; (80438 <udi_cdc_multi_get_nb_received_data+0x30>)
   80422:	4788      	blx	r1
   80424:	4620      	mov	r0, r4
   80426:	bd10      	pop	{r4, pc}
   80428:	000801a5 	.word	0x000801a5
   8042c:	200705ca 	.word	0x200705ca
   80430:	200705cf 	.word	0x200705cf
   80434:	200705c4 	.word	0x200705c4
   80438:	0008024d 	.word	0x0008024d

0008043c <udi_cdc_multi_is_rx_ready>:
   8043c:	b508      	push	{r3, lr}
   8043e:	4b03      	ldr	r3, [pc, #12]	; (8044c <udi_cdc_multi_is_rx_ready+0x10>)
   80440:	4798      	blx	r3
   80442:	3000      	adds	r0, #0
   80444:	bf18      	it	ne
   80446:	2001      	movne	r0, #1
   80448:	bd08      	pop	{r3, pc}
   8044a:	bf00      	nop
   8044c:	00080409 	.word	0x00080409

00080450 <udi_cdc_rx_start.isra.8>:
   80450:	b5f7      	push	{r0, r1, r2, r4, r5, r6, r7, lr}
   80452:	4b17      	ldr	r3, [pc, #92]	; (804b0 <udi_cdc_rx_start.isra.8+0x60>)
   80454:	4798      	blx	r3
   80456:	4a17      	ldr	r2, [pc, #92]	; (804b4 <udi_cdc_rx_start.isra.8+0x64>)
   80458:	4b17      	ldr	r3, [pc, #92]	; (804b8 <udi_cdc_rx_start.isra.8+0x68>)
   8045a:	7814      	ldrb	r4, [r2, #0]
   8045c:	781d      	ldrb	r5, [r3, #0]
   8045e:	4606      	mov	r6, r0
   80460:	b945      	cbnz	r5, 80474 <udi_cdc_rx_start.isra.8+0x24>
   80462:	4916      	ldr	r1, [pc, #88]	; (804bc <udi_cdc_rx_start.isra.8+0x6c>)
   80464:	f8df e06c 	ldr.w	lr, [pc, #108]	; 804d4 <udi_cdc_rx_start.isra.8+0x84>
   80468:	880f      	ldrh	r7, [r1, #0]
   8046a:	f83e c014 	ldrh.w	ip, [lr, r4, lsl #1]
   8046e:	b2bf      	uxth	r7, r7
   80470:	45bc      	cmp	ip, r7
   80472:	d904      	bls.n	8047e <udi_cdc_rx_start.isra.8+0x2e>
   80474:	4630      	mov	r0, r6
   80476:	4912      	ldr	r1, [pc, #72]	; (804c0 <udi_cdc_rx_start.isra.8+0x70>)
   80478:	4788      	blx	r1
   8047a:	2000      	movs	r0, #0
   8047c:	e016      	b.n	804ac <udi_cdc_rx_start.isra.8+0x5c>
   8047e:	f1d4 0601 	rsbs	r6, r4, #1
   80482:	bf38      	it	cc
   80484:	2600      	movcc	r6, #0
   80486:	800d      	strh	r5, [r1, #0]
   80488:	7016      	strb	r6, [r2, #0]
   8048a:	4a0d      	ldr	r2, [pc, #52]	; (804c0 <udi_cdc_rx_start.isra.8+0x70>)
   8048c:	2601      	movs	r6, #1
   8048e:	701e      	strb	r6, [r3, #0]
   80490:	4790      	blx	r2
   80492:	4b0c      	ldr	r3, [pc, #48]	; (804c4 <udi_cdc_rx_start.isra.8+0x74>)
   80494:	4628      	mov	r0, r5
   80496:	4798      	blx	r3
   80498:	480b      	ldr	r0, [pc, #44]	; (804c8 <udi_cdc_rx_start.isra.8+0x78>)
   8049a:	4a0c      	ldr	r2, [pc, #48]	; (804cc <udi_cdc_rx_start.isra.8+0x7c>)
   8049c:	9000      	str	r0, [sp, #0]
   8049e:	eb02 1284 	add.w	r2, r2, r4, lsl #6
   804a2:	2002      	movs	r0, #2
   804a4:	4631      	mov	r1, r6
   804a6:	2340      	movs	r3, #64	; 0x40
   804a8:	4c09      	ldr	r4, [pc, #36]	; (804d0 <udi_cdc_rx_start.isra.8+0x80>)
   804aa:	47a0      	blx	r4
   804ac:	bdfe      	pop	{r1, r2, r3, r4, r5, r6, r7, pc}
   804ae:	bf00      	nop
   804b0:	000801a5 	.word	0x000801a5
   804b4:	200705cf 	.word	0x200705cf
   804b8:	20070534 	.word	0x20070534
   804bc:	200705ca 	.word	0x200705ca
   804c0:	0008024d 	.word	0x0008024d
   804c4:	0008043d 	.word	0x0008043d
   804c8:	000804d9 	.word	0x000804d9
   804cc:	200705e0 	.word	0x200705e0
   804d0:	000815f5 	.word	0x000815f5
   804d4:	200705c4 	.word	0x200705c4

000804d8 <udi_cdc_data_received>:
   804d8:	b513      	push	{r0, r1, r4, lr}
   804da:	b9c0      	cbnz	r0, 8050e <udi_cdc_data_received+0x36>
   804dc:	4b0c      	ldr	r3, [pc, #48]	; (80510 <udi_cdc_data_received+0x38>)
   804de:	781b      	ldrb	r3, [r3, #0]
   804e0:	f1d3 0301 	rsbs	r3, r3, #1
   804e4:	bf38      	it	cc
   804e6:	2300      	movcc	r3, #0
   804e8:	b951      	cbnz	r1, 80500 <udi_cdc_data_received+0x28>
   804ea:	4c0a      	ldr	r4, [pc, #40]	; (80514 <udi_cdc_data_received+0x3c>)
   804ec:	4610      	mov	r0, r2
   804ee:	4a0a      	ldr	r2, [pc, #40]	; (80518 <udi_cdc_data_received+0x40>)
   804f0:	9400      	str	r4, [sp, #0]
   804f2:	eb02 1283 	add.w	r2, r2, r3, lsl #6
   804f6:	2101      	movs	r1, #1
   804f8:	2340      	movs	r3, #64	; 0x40
   804fa:	4c08      	ldr	r4, [pc, #32]	; (8051c <udi_cdc_data_received+0x44>)
   804fc:	47a0      	blx	r4
   804fe:	e006      	b.n	8050e <udi_cdc_data_received+0x36>
   80500:	4a07      	ldr	r2, [pc, #28]	; (80520 <udi_cdc_data_received+0x48>)
   80502:	f822 1013 	strh.w	r1, [r2, r3, lsl #1]
   80506:	4907      	ldr	r1, [pc, #28]	; (80524 <udi_cdc_data_received+0x4c>)
   80508:	7008      	strb	r0, [r1, #0]
   8050a:	4807      	ldr	r0, [pc, #28]	; (80528 <udi_cdc_data_received+0x50>)
   8050c:	4780      	blx	r0
   8050e:	bd1c      	pop	{r2, r3, r4, pc}
   80510:	200705cf 	.word	0x200705cf
   80514:	000804d9 	.word	0x000804d9
   80518:	200705e0 	.word	0x200705e0
   8051c:	000815f5 	.word	0x000815f5
   80520:	200705c4 	.word	0x200705c4
   80524:	20070534 	.word	0x20070534
   80528:	00080451 	.word	0x00080451

0008052c <udi_cdc_data_enable>:
   8052c:	b570      	push	{r4, r5, r6, lr}
   8052e:	4b14      	ldr	r3, [pc, #80]	; (80580 <udi_cdc_data_enable+0x54>)
   80530:	4d14      	ldr	r5, [pc, #80]	; (80584 <udi_cdc_data_enable+0x58>)
   80532:	2400      	movs	r4, #0
   80534:	4814      	ldr	r0, [pc, #80]	; (80588 <udi_cdc_data_enable+0x5c>)
   80536:	702c      	strb	r4, [r5, #0]
   80538:	4a14      	ldr	r2, [pc, #80]	; (8058c <udi_cdc_data_enable+0x60>)
   8053a:	701c      	strb	r4, [r3, #0]
   8053c:	4914      	ldr	r1, [pc, #80]	; (80590 <udi_cdc_data_enable+0x64>)
   8053e:	4b15      	ldr	r3, [pc, #84]	; (80594 <udi_cdc_data_enable+0x68>)
   80540:	7004      	strb	r4, [r0, #0]
   80542:	4815      	ldr	r0, [pc, #84]	; (80598 <udi_cdc_data_enable+0x6c>)
   80544:	700c      	strb	r4, [r1, #0]
   80546:	8014      	strh	r4, [r2, #0]
   80548:	8054      	strh	r4, [r2, #2]
   8054a:	801c      	strh	r4, [r3, #0]
   8054c:	4780      	blx	r0
   8054e:	4913      	ldr	r1, [pc, #76]	; (8059c <udi_cdc_data_enable+0x70>)
   80550:	4a13      	ldr	r2, [pc, #76]	; (805a0 <udi_cdc_data_enable+0x74>)
   80552:	4b14      	ldr	r3, [pc, #80]	; (805a4 <udi_cdc_data_enable+0x78>)
   80554:	4814      	ldr	r0, [pc, #80]	; (805a8 <udi_cdc_data_enable+0x7c>)
   80556:	700c      	strb	r4, [r1, #0]
   80558:	4914      	ldr	r1, [pc, #80]	; (805ac <udi_cdc_data_enable+0x80>)
   8055a:	7014      	strb	r4, [r2, #0]
   8055c:	4626      	mov	r6, r4
   8055e:	801c      	strh	r4, [r3, #0]
   80560:	8004      	strh	r4, [r0, #0]
   80562:	4788      	blx	r1
   80564:	b158      	cbz	r0, 8057e <udi_cdc_data_enable+0x52>
   80566:	782a      	ldrb	r2, [r5, #0]
   80568:	1c53      	adds	r3, r2, #1
   8056a:	b2d8      	uxtb	r0, r3
   8056c:	7028      	strb	r0, [r5, #0]
   8056e:	7829      	ldrb	r1, [r5, #0]
   80570:	2901      	cmp	r1, #1
   80572:	4608      	mov	r0, r1
   80574:	d102      	bne.n	8057c <udi_cdc_data_enable+0x50>
   80576:	4a0e      	ldr	r2, [pc, #56]	; (805b0 <udi_cdc_data_enable+0x84>)
   80578:	7011      	strb	r1, [r2, #0]
   8057a:	bd70      	pop	{r4, r5, r6, pc}
   8057c:	2001      	movs	r0, #1
   8057e:	bd70      	pop	{r4, r5, r6, pc}
   80580:	200705d0 	.word	0x200705d0
   80584:	2007053c 	.word	0x2007053c
   80588:	20070662 	.word	0x20070662
   8058c:	2007053e 	.word	0x2007053e
   80590:	2007053d 	.word	0x2007053d
   80594:	200705cc 	.word	0x200705cc
   80598:	000802bd 	.word	0x000802bd
   8059c:	20070534 	.word	0x20070534
   805a0:	200705cf 	.word	0x200705cf
   805a4:	200705c4 	.word	0x200705c4
   805a8:	200705ca 	.word	0x200705ca
   805ac:	00080451 	.word	0x00080451
   805b0:	200705ce 	.word	0x200705ce

000805b4 <udc_valid_address>:
   805b4:	b508      	push	{r3, lr}
   805b6:	4b03      	ldr	r3, [pc, #12]	; (805c4 <udc_valid_address+0x10>)
   805b8:	4903      	ldr	r1, [pc, #12]	; (805c8 <udc_valid_address+0x14>)
   805ba:	8858      	ldrh	r0, [r3, #2]
   805bc:	f000 007f 	and.w	r0, r0, #127	; 0x7f
   805c0:	4788      	blx	r1
   805c2:	bd08      	pop	{r3, pc}
   805c4:	20070740 	.word	0x20070740
   805c8:	000813c9 	.word	0x000813c9

000805cc <udc_update_iface_desc>:
   805cc:	b510      	push	{r4, lr}
   805ce:	4b12      	ldr	r3, [pc, #72]	; (80618 <udc_update_iface_desc+0x4c>)
   805d0:	781a      	ldrb	r2, [r3, #0]
   805d2:	b12a      	cbz	r2, 805e0 <udc_update_iface_desc+0x14>
   805d4:	4b11      	ldr	r3, [pc, #68]	; (8061c <udc_update_iface_desc+0x50>)
   805d6:	681a      	ldr	r2, [r3, #0]
   805d8:	6813      	ldr	r3, [r2, #0]
   805da:	791a      	ldrb	r2, [r3, #4]
   805dc:	4282      	cmp	r2, r0
   805de:	d801      	bhi.n	805e4 <udc_update_iface_desc+0x18>
   805e0:	2000      	movs	r0, #0
   805e2:	bd10      	pop	{r4, pc}
   805e4:	4a0e      	ldr	r2, [pc, #56]	; (80620 <udc_update_iface_desc+0x54>)
   805e6:	6013      	str	r3, [r2, #0]
   805e8:	885a      	ldrh	r2, [r3, #2]
   805ea:	189a      	adds	r2, r3, r2
   805ec:	429a      	cmp	r2, r3
   805ee:	d90f      	bls.n	80610 <udc_update_iface_desc+0x44>
   805f0:	785c      	ldrb	r4, [r3, #1]
   805f2:	2c04      	cmp	r4, #4
   805f4:	d109      	bne.n	8060a <udc_update_iface_desc+0x3e>
   805f6:	789c      	ldrb	r4, [r3, #2]
   805f8:	4284      	cmp	r4, r0
   805fa:	d106      	bne.n	8060a <udc_update_iface_desc+0x3e>
   805fc:	78dc      	ldrb	r4, [r3, #3]
   805fe:	428c      	cmp	r4, r1
   80600:	d103      	bne.n	8060a <udc_update_iface_desc+0x3e>
   80602:	4907      	ldr	r1, [pc, #28]	; (80620 <udc_update_iface_desc+0x54>)
   80604:	2001      	movs	r0, #1
   80606:	600b      	str	r3, [r1, #0]
   80608:	bd10      	pop	{r4, pc}
   8060a:	781c      	ldrb	r4, [r3, #0]
   8060c:	191b      	adds	r3, r3, r4
   8060e:	e7ed      	b.n	805ec <udc_update_iface_desc+0x20>
   80610:	4803      	ldr	r0, [pc, #12]	; (80620 <udc_update_iface_desc+0x54>)
   80612:	6003      	str	r3, [r0, #0]
   80614:	e7e4      	b.n	805e0 <udc_update_iface_desc+0x14>
   80616:	bf00      	nop
   80618:	20070670 	.word	0x20070670
   8061c:	20070668 	.word	0x20070668
   80620:	20070674 	.word	0x20070674

00080624 <udc_next_desc_in_iface.constprop.3>:
   80624:	4b08      	ldr	r3, [pc, #32]	; (80648 <udc_next_desc_in_iface.constprop.3+0x24>)
   80626:	6819      	ldr	r1, [r3, #0]
   80628:	680b      	ldr	r3, [r1, #0]
   8062a:	885a      	ldrh	r2, [r3, #2]
   8062c:	189b      	adds	r3, r3, r2
   8062e:	7801      	ldrb	r1, [r0, #0]
   80630:	1840      	adds	r0, r0, r1
   80632:	4283      	cmp	r3, r0
   80634:	d905      	bls.n	80642 <udc_next_desc_in_iface.constprop.3+0x1e>
   80636:	7842      	ldrb	r2, [r0, #1]
   80638:	2a04      	cmp	r2, #4
   8063a:	d002      	beq.n	80642 <udc_next_desc_in_iface.constprop.3+0x1e>
   8063c:	2a05      	cmp	r2, #5
   8063e:	d1f6      	bne.n	8062e <udc_next_desc_in_iface.constprop.3+0xa>
   80640:	e000      	b.n	80644 <udc_next_desc_in_iface.constprop.3+0x20>
   80642:	2000      	movs	r0, #0
   80644:	4770      	bx	lr
   80646:	bf00      	nop
   80648:	20070668 	.word	0x20070668

0008064c <udc_iface_disable>:
   8064c:	b570      	push	{r4, r5, r6, lr}
   8064e:	2100      	movs	r1, #0
   80650:	4c0e      	ldr	r4, [pc, #56]	; (8068c <udc_iface_disable+0x40>)
   80652:	4606      	mov	r6, r0
   80654:	47a0      	blx	r4
   80656:	b1c0      	cbz	r0, 8068a <udc_iface_disable+0x3e>
   80658:	4b0d      	ldr	r3, [pc, #52]	; (80690 <udc_iface_disable+0x44>)
   8065a:	6818      	ldr	r0, [r3, #0]
   8065c:	6841      	ldr	r1, [r0, #4]
   8065e:	f851 5026 	ldr.w	r5, [r1, r6, lsl #2]
   80662:	68ea      	ldr	r2, [r5, #12]
   80664:	4790      	blx	r2
   80666:	4601      	mov	r1, r0
   80668:	4630      	mov	r0, r6
   8066a:	47a0      	blx	r4
   8066c:	b168      	cbz	r0, 8068a <udc_iface_disable+0x3e>
   8066e:	4c09      	ldr	r4, [pc, #36]	; (80694 <udc_iface_disable+0x48>)
   80670:	6824      	ldr	r4, [r4, #0]
   80672:	4620      	mov	r0, r4
   80674:	4b08      	ldr	r3, [pc, #32]	; (80698 <udc_iface_disable+0x4c>)
   80676:	4798      	blx	r3
   80678:	4604      	mov	r4, r0
   8067a:	b118      	cbz	r0, 80684 <udc_iface_disable+0x38>
   8067c:	7880      	ldrb	r0, [r0, #2]
   8067e:	4907      	ldr	r1, [pc, #28]	; (8069c <udc_iface_disable+0x50>)
   80680:	4788      	blx	r1
   80682:	e7f6      	b.n	80672 <udc_iface_disable+0x26>
   80684:	6868      	ldr	r0, [r5, #4]
   80686:	4780      	blx	r0
   80688:	2001      	movs	r0, #1
   8068a:	bd70      	pop	{r4, r5, r6, pc}
   8068c:	000805cd 	.word	0x000805cd
   80690:	20070668 	.word	0x20070668
   80694:	20070674 	.word	0x20070674
   80698:	00080625 	.word	0x00080625
   8069c:	0008142d 	.word	0x0008142d

000806a0 <udc_iface_enable>:
   806a0:	b538      	push	{r3, r4, r5, lr}
   806a2:	4b0e      	ldr	r3, [pc, #56]	; (806dc <udc_iface_enable+0x3c>)
   806a4:	4605      	mov	r5, r0
   806a6:	4798      	blx	r3
   806a8:	b908      	cbnz	r0, 806ae <udc_iface_enable+0xe>
   806aa:	2000      	movs	r0, #0
   806ac:	bd38      	pop	{r3, r4, r5, pc}
   806ae:	480c      	ldr	r0, [pc, #48]	; (806e0 <udc_iface_enable+0x40>)
   806b0:	6804      	ldr	r4, [r0, #0]
   806b2:	4620      	mov	r0, r4
   806b4:	490b      	ldr	r1, [pc, #44]	; (806e4 <udc_iface_enable+0x44>)
   806b6:	4788      	blx	r1
   806b8:	4604      	mov	r4, r0
   806ba:	b138      	cbz	r0, 806cc <udc_iface_enable+0x2c>
   806bc:	7880      	ldrb	r0, [r0, #2]
   806be:	78e1      	ldrb	r1, [r4, #3]
   806c0:	88a2      	ldrh	r2, [r4, #4]
   806c2:	4b09      	ldr	r3, [pc, #36]	; (806e8 <udc_iface_enable+0x48>)
   806c4:	4798      	blx	r3
   806c6:	2800      	cmp	r0, #0
   806c8:	d1f3      	bne.n	806b2 <udc_iface_enable+0x12>
   806ca:	e7ee      	b.n	806aa <udc_iface_enable+0xa>
   806cc:	4a07      	ldr	r2, [pc, #28]	; (806ec <udc_iface_enable+0x4c>)
   806ce:	6810      	ldr	r0, [r2, #0]
   806d0:	6841      	ldr	r1, [r0, #4]
   806d2:	f851 3025 	ldr.w	r3, [r1, r5, lsl #2]
   806d6:	681a      	ldr	r2, [r3, #0]
   806d8:	4790      	blx	r2
   806da:	bd38      	pop	{r3, r4, r5, pc}
   806dc:	000805cd 	.word	0x000805cd
   806e0:	20070674 	.word	0x20070674
   806e4:	00080625 	.word	0x00080625
   806e8:	000816b1 	.word	0x000816b1
   806ec:	20070668 	.word	0x20070668

000806f0 <udc_reset>:
   806f0:	b510      	push	{r4, lr}
   806f2:	4b0b      	ldr	r3, [pc, #44]	; (80720 <udc_reset+0x30>)
   806f4:	7818      	ldrb	r0, [r3, #0]
   806f6:	b930      	cbnz	r0, 80706 <udc_reset+0x16>
   806f8:	4a09      	ldr	r2, [pc, #36]	; (80720 <udc_reset+0x30>)
   806fa:	4b0a      	ldr	r3, [pc, #40]	; (80724 <udc_reset+0x34>)
   806fc:	2100      	movs	r1, #0
   806fe:	2001      	movs	r0, #1
   80700:	7011      	strb	r1, [r2, #0]
   80702:	8018      	strh	r0, [r3, #0]
   80704:	bd10      	pop	{r4, pc}
   80706:	2400      	movs	r4, #0
   80708:	4907      	ldr	r1, [pc, #28]	; (80728 <udc_reset+0x38>)
   8070a:	680a      	ldr	r2, [r1, #0]
   8070c:	6813      	ldr	r3, [r2, #0]
   8070e:	7918      	ldrb	r0, [r3, #4]
   80710:	42a0      	cmp	r0, r4
   80712:	d9f1      	bls.n	806f8 <udc_reset+0x8>
   80714:	4620      	mov	r0, r4
   80716:	4905      	ldr	r1, [pc, #20]	; (8072c <udc_reset+0x3c>)
   80718:	3401      	adds	r4, #1
   8071a:	4788      	blx	r1
   8071c:	b2e4      	uxtb	r4, r4
   8071e:	e7f3      	b.n	80708 <udc_reset+0x18>
   80720:	20070670 	.word	0x20070670
   80724:	2007066e 	.word	0x2007066e
   80728:	20070668 	.word	0x20070668
   8072c:	0008064d 	.word	0x0008064d

00080730 <udc_sof_notify>:
   80730:	b510      	push	{r4, lr}
   80732:	4b0a      	ldr	r3, [pc, #40]	; (8075c <udc_sof_notify+0x2c>)
   80734:	7818      	ldrb	r0, [r3, #0]
   80736:	b900      	cbnz	r0, 8073a <udc_sof_notify+0xa>
   80738:	bd10      	pop	{r4, pc}
   8073a:	2400      	movs	r4, #0
   8073c:	4908      	ldr	r1, [pc, #32]	; (80760 <udc_sof_notify+0x30>)
   8073e:	680b      	ldr	r3, [r1, #0]
   80740:	681a      	ldr	r2, [r3, #0]
   80742:	7910      	ldrb	r0, [r2, #4]
   80744:	42a0      	cmp	r0, r4
   80746:	d908      	bls.n	8075a <udc_sof_notify+0x2a>
   80748:	6859      	ldr	r1, [r3, #4]
   8074a:	f851 3024 	ldr.w	r3, [r1, r4, lsl #2]
   8074e:	691a      	ldr	r2, [r3, #16]
   80750:	b102      	cbz	r2, 80754 <udc_sof_notify+0x24>
   80752:	4790      	blx	r2
   80754:	3401      	adds	r4, #1
   80756:	b2e4      	uxtb	r4, r4
   80758:	e7f0      	b.n	8073c <udc_sof_notify+0xc>
   8075a:	bd10      	pop	{r4, pc}
   8075c:	20070670 	.word	0x20070670
   80760:	20070668 	.word	0x20070668

00080764 <udc_process_setup>:
   80764:	b570      	push	{r4, r5, r6, lr}
   80766:	4a96      	ldr	r2, [pc, #600]	; (809c0 <udc_process_setup+0x25c>)
   80768:	2300      	movs	r3, #0
   8076a:	8193      	strh	r3, [r2, #12]
   8076c:	6113      	str	r3, [r2, #16]
   8076e:	6153      	str	r3, [r2, #20]
   80770:	7813      	ldrb	r3, [r2, #0]
   80772:	b2d8      	uxtb	r0, r3
   80774:	0601      	lsls	r1, r0, #24
   80776:	d503      	bpl.n	80780 <udc_process_setup+0x1c>
   80778:	88d1      	ldrh	r1, [r2, #6]
   8077a:	2900      	cmp	r1, #0
   8077c:	f000 819b 	beq.w	80ab6 <udc_process_setup+0x352>
   80780:	f013 0160 	ands.w	r1, r3, #96	; 0x60
   80784:	f040 8151 	bne.w	80a2a <udc_process_setup+0x2c6>
   80788:	f010 0f80 	tst.w	r0, #128	; 0x80
   8078c:	4c8c      	ldr	r4, [pc, #560]	; (809c0 <udc_process_setup+0x25c>)
   8078e:	f000 8099 	beq.w	808c4 <udc_process_setup+0x160>
   80792:	88e5      	ldrh	r5, [r4, #6]
   80794:	2d00      	cmp	r5, #0
   80796:	f000 8148 	beq.w	80a2a <udc_process_setup+0x2c6>
   8079a:	f013 001f 	ands.w	r0, r3, #31
   8079e:	d157      	bne.n	80850 <udc_process_setup+0xec>
   807a0:	7861      	ldrb	r1, [r4, #1]
   807a2:	2906      	cmp	r1, #6
   807a4:	d009      	beq.n	807ba <udc_process_setup+0x56>
   807a6:	2908      	cmp	r1, #8
   807a8:	d04d      	beq.n	80846 <udc_process_setup+0xe2>
   807aa:	2900      	cmp	r1, #0
   807ac:	f040 813d 	bne.w	80a2a <udc_process_setup+0x2c6>
   807b0:	2d02      	cmp	r5, #2
   807b2:	f040 813a 	bne.w	80a2a <udc_process_setup+0x2c6>
   807b6:	4883      	ldr	r0, [pc, #524]	; (809c4 <udc_process_setup+0x260>)
   807b8:	e080      	b.n	808bc <udc_process_setup+0x158>
   807ba:	8860      	ldrh	r0, [r4, #2]
   807bc:	0a05      	lsrs	r5, r0, #8
   807be:	2d02      	cmp	r5, #2
   807c0:	d008      	beq.n	807d4 <udc_process_setup+0x70>
   807c2:	2d03      	cmp	r5, #3
   807c4:	d016      	beq.n	807f4 <udc_process_setup+0x90>
   807c6:	2d01      	cmp	r5, #1
   807c8:	f040 812f 	bne.w	80a2a <udc_process_setup+0x2c6>
   807cc:	497e      	ldr	r1, [pc, #504]	; (809c8 <udc_process_setup+0x264>)
   807ce:	6808      	ldr	r0, [r1, #0]
   807d0:	7801      	ldrb	r1, [r0, #0]
   807d2:	e02e      	b.n	80832 <udc_process_setup+0xce>
   807d4:	4b7c      	ldr	r3, [pc, #496]	; (809c8 <udc_process_setup+0x264>)
   807d6:	b2c0      	uxtb	r0, r0
   807d8:	6819      	ldr	r1, [r3, #0]
   807da:	7c4a      	ldrb	r2, [r1, #17]
   807dc:	4282      	cmp	r2, r0
   807de:	f240 8124 	bls.w	80a2a <udc_process_setup+0x2c6>
   807e2:	685b      	ldr	r3, [r3, #4]
   807e4:	4a79      	ldr	r2, [pc, #484]	; (809cc <udc_process_setup+0x268>)
   807e6:	f853 0030 	ldr.w	r0, [r3, r0, lsl #3]
   807ea:	8841      	ldrh	r1, [r0, #2]
   807ec:	4790      	blx	r2
   807ee:	68a0      	ldr	r0, [r4, #8]
   807f0:	7045      	strb	r5, [r0, #1]
   807f2:	e020      	b.n	80836 <udc_process_setup+0xd2>
   807f4:	b2c3      	uxtb	r3, r0
   807f6:	2b03      	cmp	r3, #3
   807f8:	f200 8117 	bhi.w	80a2a <udc_process_setup+0x2c6>
   807fc:	e8df f013 	tbh	[pc, r3, lsl #1]
   80800:	00040007 	.word	0x00040007
   80804:	0158000a 	.word	0x0158000a
   80808:	210c      	movs	r1, #12
   8080a:	4a71      	ldr	r2, [pc, #452]	; (809d0 <udc_process_setup+0x26c>)
   8080c:	e004      	b.n	80818 <udc_process_setup+0xb4>
   8080e:	4871      	ldr	r0, [pc, #452]	; (809d4 <udc_process_setup+0x270>)
   80810:	2104      	movs	r1, #4
   80812:	e00e      	b.n	80832 <udc_process_setup+0xce>
   80814:	4a70      	ldr	r2, [pc, #448]	; (809d8 <udc_process_setup+0x274>)
   80816:	2111      	movs	r1, #17
   80818:	2300      	movs	r3, #0
   8081a:	4870      	ldr	r0, [pc, #448]	; (809dc <udc_process_setup+0x278>)
   8081c:	5cd5      	ldrb	r5, [r2, r3]
   8081e:	eb00 0443 	add.w	r4, r0, r3, lsl #1
   80822:	3301      	adds	r3, #1
   80824:	8065      	strh	r5, [r4, #2]
   80826:	b2dc      	uxtb	r4, r3
   80828:	428c      	cmp	r4, r1
   8082a:	d3f6      	bcc.n	8081a <udc_process_setup+0xb6>
   8082c:	0049      	lsls	r1, r1, #1
   8082e:	3102      	adds	r1, #2
   80830:	7001      	strb	r1, [r0, #0]
   80832:	4a66      	ldr	r2, [pc, #408]	; (809cc <udc_process_setup+0x268>)
   80834:	4790      	blx	r2
   80836:	4b62      	ldr	r3, [pc, #392]	; (809c0 <udc_process_setup+0x25c>)
   80838:	88da      	ldrh	r2, [r3, #6]
   8083a:	8999      	ldrh	r1, [r3, #12]
   8083c:	4291      	cmp	r1, r2
   8083e:	f240 80f2 	bls.w	80a26 <udc_process_setup+0x2c2>
   80842:	819a      	strh	r2, [r3, #12]
   80844:	e0ef      	b.n	80a26 <udc_process_setup+0x2c2>
   80846:	2d01      	cmp	r5, #1
   80848:	f040 80ef 	bne.w	80a2a <udc_process_setup+0x2c6>
   8084c:	4864      	ldr	r0, [pc, #400]	; (809e0 <udc_process_setup+0x27c>)
   8084e:	e035      	b.n	808bc <udc_process_setup+0x158>
   80850:	2801      	cmp	r0, #1
   80852:	d123      	bne.n	8089c <udc_process_setup+0x138>
   80854:	7860      	ldrb	r0, [r4, #1]
   80856:	280a      	cmp	r0, #10
   80858:	f040 80e7 	bne.w	80a2a <udc_process_setup+0x2c6>
   8085c:	2d01      	cmp	r5, #1
   8085e:	f040 80e4 	bne.w	80a2a <udc_process_setup+0x2c6>
   80862:	4b5f      	ldr	r3, [pc, #380]	; (809e0 <udc_process_setup+0x27c>)
   80864:	781a      	ldrb	r2, [r3, #0]
   80866:	2a00      	cmp	r2, #0
   80868:	f000 80df 	beq.w	80a2a <udc_process_setup+0x2c6>
   8086c:	4d5d      	ldr	r5, [pc, #372]	; (809e4 <udc_process_setup+0x280>)
   8086e:	7924      	ldrb	r4, [r4, #4]
   80870:	682d      	ldr	r5, [r5, #0]
   80872:	6828      	ldr	r0, [r5, #0]
   80874:	7903      	ldrb	r3, [r0, #4]
   80876:	42a3      	cmp	r3, r4
   80878:	f240 80d7 	bls.w	80a2a <udc_process_setup+0x2c6>
   8087c:	4620      	mov	r0, r4
   8087e:	4a5a      	ldr	r2, [pc, #360]	; (809e8 <udc_process_setup+0x284>)
   80880:	4790      	blx	r2
   80882:	2800      	cmp	r0, #0
   80884:	f000 80d1 	beq.w	80a2a <udc_process_setup+0x2c6>
   80888:	6869      	ldr	r1, [r5, #4]
   8088a:	f851 0024 	ldr.w	r0, [r1, r4, lsl #2]
   8088e:	68c3      	ldr	r3, [r0, #12]
   80890:	4798      	blx	r3
   80892:	4a56      	ldr	r2, [pc, #344]	; (809ec <udc_process_setup+0x288>)
   80894:	2101      	movs	r1, #1
   80896:	7010      	strb	r0, [r2, #0]
   80898:	4610      	mov	r0, r2
   8089a:	e010      	b.n	808be <udc_process_setup+0x15a>
   8089c:	2802      	cmp	r0, #2
   8089e:	f040 80c4 	bne.w	80a2a <udc_process_setup+0x2c6>
   808a2:	7861      	ldrb	r1, [r4, #1]
   808a4:	2900      	cmp	r1, #0
   808a6:	f040 80c0 	bne.w	80a2a <udc_process_setup+0x2c6>
   808aa:	2d02      	cmp	r5, #2
   808ac:	f040 80bd 	bne.w	80a2a <udc_process_setup+0x2c6>
   808b0:	7920      	ldrb	r0, [r4, #4]
   808b2:	4b4f      	ldr	r3, [pc, #316]	; (809f0 <udc_process_setup+0x28c>)
   808b4:	4798      	blx	r3
   808b6:	4a4f      	ldr	r2, [pc, #316]	; (809f4 <udc_process_setup+0x290>)
   808b8:	8010      	strh	r0, [r2, #0]
   808ba:	4610      	mov	r0, r2
   808bc:	4629      	mov	r1, r5
   808be:	4b43      	ldr	r3, [pc, #268]	; (809cc <udc_process_setup+0x268>)
   808c0:	4798      	blx	r3
   808c2:	e0b0      	b.n	80a26 <udc_process_setup+0x2c2>
   808c4:	f013 031f 	ands.w	r3, r3, #31
   808c8:	d151      	bne.n	8096e <udc_process_setup+0x20a>
   808ca:	7861      	ldrb	r1, [r4, #1]
   808cc:	1e48      	subs	r0, r1, #1
   808ce:	2808      	cmp	r0, #8
   808d0:	f200 80ab 	bhi.w	80a2a <udc_process_setup+0x2c6>
   808d4:	e8df f010 	tbh	[pc, r0, lsl #1]
   808d8:	00a90011 	.word	0x00a90011
   808dc:	00a900a9 	.word	0x00a900a9
   808e0:	00a90009 	.word	0x00a90009
   808e4:	00a900a9 	.word	0x00a900a9
   808e8:	0020      	.short	0x0020
   808ea:	88e2      	ldrh	r2, [r4, #6]
   808ec:	2a00      	cmp	r2, #0
   808ee:	f040 809c 	bne.w	80a2a <udc_process_setup+0x2c6>
   808f2:	4941      	ldr	r1, [pc, #260]	; (809f8 <udc_process_setup+0x294>)
   808f4:	4b32      	ldr	r3, [pc, #200]	; (809c0 <udc_process_setup+0x25c>)
   808f6:	6119      	str	r1, [r3, #16]
   808f8:	e095      	b.n	80a26 <udc_process_setup+0x2c2>
   808fa:	88e0      	ldrh	r0, [r4, #6]
   808fc:	2800      	cmp	r0, #0
   808fe:	f040 8094 	bne.w	80a2a <udc_process_setup+0x2c6>
   80902:	4a2f      	ldr	r2, [pc, #188]	; (809c0 <udc_process_setup+0x25c>)
   80904:	8851      	ldrh	r1, [r2, #2]
   80906:	2901      	cmp	r1, #1
   80908:	f040 808f 	bne.w	80a2a <udc_process_setup+0x2c6>
   8090c:	4b2d      	ldr	r3, [pc, #180]	; (809c4 <udc_process_setup+0x260>)
   8090e:	8818      	ldrh	r0, [r3, #0]
   80910:	f020 0202 	bic.w	r2, r0, #2
   80914:	801a      	strh	r2, [r3, #0]
   80916:	e086      	b.n	80a26 <udc_process_setup+0x2c2>
   80918:	88e4      	ldrh	r4, [r4, #6]
   8091a:	4d29      	ldr	r5, [pc, #164]	; (809c0 <udc_process_setup+0x25c>)
   8091c:	2c00      	cmp	r4, #0
   8091e:	f040 8084 	bne.w	80a2a <udc_process_setup+0x2c6>
   80922:	4936      	ldr	r1, [pc, #216]	; (809fc <udc_process_setup+0x298>)
   80924:	4788      	blx	r1
   80926:	2800      	cmp	r0, #0
   80928:	d07f      	beq.n	80a2a <udc_process_setup+0x2c6>
   8092a:	4e27      	ldr	r6, [pc, #156]	; (809c8 <udc_process_setup+0x264>)
   8092c:	78a8      	ldrb	r0, [r5, #2]
   8092e:	6833      	ldr	r3, [r6, #0]
   80930:	7c5a      	ldrb	r2, [r3, #17]
   80932:	4290      	cmp	r0, r2
   80934:	dc79      	bgt.n	80a2a <udc_process_setup+0x2c6>
   80936:	4932      	ldr	r1, [pc, #200]	; (80a00 <udc_process_setup+0x29c>)
   80938:	4788      	blx	r1
   8093a:	78a8      	ldrb	r0, [r5, #2]
   8093c:	4b28      	ldr	r3, [pc, #160]	; (809e0 <udc_process_setup+0x27c>)
   8093e:	7018      	strb	r0, [r3, #0]
   80940:	2800      	cmp	r0, #0
   80942:	d070      	beq.n	80a26 <udc_process_setup+0x2c2>
   80944:	6872      	ldr	r2, [r6, #4]
   80946:	1e41      	subs	r1, r0, #1
   80948:	4b26      	ldr	r3, [pc, #152]	; (809e4 <udc_process_setup+0x280>)
   8094a:	eb02 00c1 	add.w	r0, r2, r1, lsl #3
   8094e:	6018      	str	r0, [r3, #0]
   80950:	4924      	ldr	r1, [pc, #144]	; (809e4 <udc_process_setup+0x280>)
   80952:	680a      	ldr	r2, [r1, #0]
   80954:	6810      	ldr	r0, [r2, #0]
   80956:	7903      	ldrb	r3, [r0, #4]
   80958:	42a3      	cmp	r3, r4
   8095a:	d964      	bls.n	80a26 <udc_process_setup+0x2c2>
   8095c:	4620      	mov	r0, r4
   8095e:	2100      	movs	r1, #0
   80960:	4a28      	ldr	r2, [pc, #160]	; (80a04 <udc_process_setup+0x2a0>)
   80962:	4790      	blx	r2
   80964:	2800      	cmp	r0, #0
   80966:	d060      	beq.n	80a2a <udc_process_setup+0x2c6>
   80968:	3401      	adds	r4, #1
   8096a:	b2e4      	uxtb	r4, r4
   8096c:	e7f0      	b.n	80950 <udc_process_setup+0x1ec>
   8096e:	2b01      	cmp	r3, #1
   80970:	d115      	bne.n	8099e <udc_process_setup+0x23a>
   80972:	7862      	ldrb	r2, [r4, #1]
   80974:	2a0b      	cmp	r2, #11
   80976:	d158      	bne.n	80a2a <udc_process_setup+0x2c6>
   80978:	88e1      	ldrh	r1, [r4, #6]
   8097a:	2900      	cmp	r1, #0
   8097c:	d155      	bne.n	80a2a <udc_process_setup+0x2c6>
   8097e:	4818      	ldr	r0, [pc, #96]	; (809e0 <udc_process_setup+0x27c>)
   80980:	7803      	ldrb	r3, [r0, #0]
   80982:	2b00      	cmp	r3, #0
   80984:	d051      	beq.n	80a2a <udc_process_setup+0x2c6>
   80986:	7925      	ldrb	r5, [r4, #4]
   80988:	4a1f      	ldr	r2, [pc, #124]	; (80a08 <udc_process_setup+0x2a4>)
   8098a:	4628      	mov	r0, r5
   8098c:	8864      	ldrh	r4, [r4, #2]
   8098e:	4790      	blx	r2
   80990:	2800      	cmp	r0, #0
   80992:	d04a      	beq.n	80a2a <udc_process_setup+0x2c6>
   80994:	4628      	mov	r0, r5
   80996:	b2e1      	uxtb	r1, r4
   80998:	4b1a      	ldr	r3, [pc, #104]	; (80a04 <udc_process_setup+0x2a0>)
   8099a:	4798      	blx	r3
   8099c:	e042      	b.n	80a24 <udc_process_setup+0x2c0>
   8099e:	2b02      	cmp	r3, #2
   809a0:	d143      	bne.n	80a2a <udc_process_setup+0x2c6>
   809a2:	7860      	ldrb	r0, [r4, #1]
   809a4:	2801      	cmp	r0, #1
   809a6:	d002      	beq.n	809ae <udc_process_setup+0x24a>
   809a8:	2803      	cmp	r0, #3
   809aa:	d13e      	bne.n	80a2a <udc_process_setup+0x2c6>
   809ac:	e030      	b.n	80a10 <udc_process_setup+0x2ac>
   809ae:	88e0      	ldrh	r0, [r4, #6]
   809b0:	2800      	cmp	r0, #0
   809b2:	d13a      	bne.n	80a2a <udc_process_setup+0x2c6>
   809b4:	8863      	ldrh	r3, [r4, #2]
   809b6:	2b00      	cmp	r3, #0
   809b8:	d137      	bne.n	80a2a <udc_process_setup+0x2c6>
   809ba:	7920      	ldrb	r0, [r4, #4]
   809bc:	4913      	ldr	r1, [pc, #76]	; (80a0c <udc_process_setup+0x2a8>)
   809be:	e030      	b.n	80a22 <udc_process_setup+0x2be>
   809c0:	20070740 	.word	0x20070740
   809c4:	2007066e 	.word	0x2007066e
   809c8:	20070028 	.word	0x20070028
   809cc:	00081421 	.word	0x00081421
   809d0:	200700aa 	.word	0x200700aa
   809d4:	200700dc 	.word	0x200700dc
   809d8:	20070098 	.word	0x20070098
   809dc:	200700b8 	.word	0x200700b8
   809e0:	20070670 	.word	0x20070670
   809e4:	20070668 	.word	0x20070668
   809e8:	000805cd 	.word	0x000805cd
   809ec:	20070666 	.word	0x20070666
   809f0:	00081481 	.word	0x00081481
   809f4:	2007066c 	.word	0x2007066c
   809f8:	000805b5 	.word	0x000805b5
   809fc:	000813f1 	.word	0x000813f1
   80a00:	000806f1 	.word	0x000806f1
   80a04:	000806a1 	.word	0x000806a1
   80a08:	0008064d 	.word	0x0008064d
   80a0c:	00081545 	.word	0x00081545
   80a10:	88e1      	ldrh	r1, [r4, #6]
   80a12:	b951      	cbnz	r1, 80a2a <udc_process_setup+0x2c6>
   80a14:	8863      	ldrh	r3, [r4, #2]
   80a16:	b943      	cbnz	r3, 80a2a <udc_process_setup+0x2c6>
   80a18:	7920      	ldrb	r0, [r4, #4]
   80a1a:	4a28      	ldr	r2, [pc, #160]	; (80abc <udc_process_setup+0x358>)
   80a1c:	4790      	blx	r2
   80a1e:	7920      	ldrb	r0, [r4, #4]
   80a20:	4927      	ldr	r1, [pc, #156]	; (80ac0 <udc_process_setup+0x35c>)
   80a22:	4788      	blx	r1
   80a24:	b108      	cbz	r0, 80a2a <udc_process_setup+0x2c6>
   80a26:	2001      	movs	r0, #1
   80a28:	bd70      	pop	{r4, r5, r6, pc}
   80a2a:	4826      	ldr	r0, [pc, #152]	; (80ac4 <udc_process_setup+0x360>)
   80a2c:	7803      	ldrb	r3, [r0, #0]
   80a2e:	f003 021f 	and.w	r2, r3, #31
   80a32:	2a01      	cmp	r2, #1
   80a34:	d11b      	bne.n	80a6e <udc_process_setup+0x30a>
   80a36:	4924      	ldr	r1, [pc, #144]	; (80ac8 <udc_process_setup+0x364>)
   80a38:	780b      	ldrb	r3, [r1, #0]
   80a3a:	b1c3      	cbz	r3, 80a6e <udc_process_setup+0x30a>
   80a3c:	4e23      	ldr	r6, [pc, #140]	; (80acc <udc_process_setup+0x368>)
   80a3e:	7904      	ldrb	r4, [r0, #4]
   80a40:	6836      	ldr	r6, [r6, #0]
   80a42:	6830      	ldr	r0, [r6, #0]
   80a44:	7902      	ldrb	r2, [r0, #4]
   80a46:	42a2      	cmp	r2, r4
   80a48:	d911      	bls.n	80a6e <udc_process_setup+0x30a>
   80a4a:	4620      	mov	r0, r4
   80a4c:	2100      	movs	r1, #0
   80a4e:	4d20      	ldr	r5, [pc, #128]	; (80ad0 <udc_process_setup+0x36c>)
   80a50:	47a8      	blx	r5
   80a52:	b160      	cbz	r0, 80a6e <udc_process_setup+0x30a>
   80a54:	6871      	ldr	r1, [r6, #4]
   80a56:	f851 6024 	ldr.w	r6, [r1, r4, lsl #2]
   80a5a:	68f3      	ldr	r3, [r6, #12]
   80a5c:	4798      	blx	r3
   80a5e:	4601      	mov	r1, r0
   80a60:	4620      	mov	r0, r4
   80a62:	47a8      	blx	r5
   80a64:	b118      	cbz	r0, 80a6e <udc_process_setup+0x30a>
   80a66:	68b0      	ldr	r0, [r6, #8]
   80a68:	4780      	blx	r0
   80a6a:	2800      	cmp	r0, #0
   80a6c:	d1db      	bne.n	80a26 <udc_process_setup+0x2c2>
   80a6e:	4a15      	ldr	r2, [pc, #84]	; (80ac4 <udc_process_setup+0x360>)
   80a70:	7811      	ldrb	r1, [r2, #0]
   80a72:	f001 031f 	and.w	r3, r1, #31
   80a76:	2b02      	cmp	r3, #2
   80a78:	d11d      	bne.n	80ab6 <udc_process_setup+0x352>
   80a7a:	4813      	ldr	r0, [pc, #76]	; (80ac8 <udc_process_setup+0x364>)
   80a7c:	7802      	ldrb	r2, [r0, #0]
   80a7e:	b1d2      	cbz	r2, 80ab6 <udc_process_setup+0x352>
   80a80:	2400      	movs	r4, #0
   80a82:	4912      	ldr	r1, [pc, #72]	; (80acc <udc_process_setup+0x368>)
   80a84:	680b      	ldr	r3, [r1, #0]
   80a86:	6818      	ldr	r0, [r3, #0]
   80a88:	7902      	ldrb	r2, [r0, #4]
   80a8a:	42a2      	cmp	r2, r4
   80a8c:	d913      	bls.n	80ab6 <udc_process_setup+0x352>
   80a8e:	685d      	ldr	r5, [r3, #4]
   80a90:	f855 5024 	ldr.w	r5, [r5, r4, lsl #2]
   80a94:	68e9      	ldr	r1, [r5, #12]
   80a96:	4788      	blx	r1
   80a98:	4b0d      	ldr	r3, [pc, #52]	; (80ad0 <udc_process_setup+0x36c>)
   80a9a:	4601      	mov	r1, r0
   80a9c:	4620      	mov	r0, r4
   80a9e:	4798      	blx	r3
   80aa0:	b148      	cbz	r0, 80ab6 <udc_process_setup+0x352>
   80aa2:	68a8      	ldr	r0, [r5, #8]
   80aa4:	4780      	blx	r0
   80aa6:	2800      	cmp	r0, #0
   80aa8:	d1bd      	bne.n	80a26 <udc_process_setup+0x2c2>
   80aaa:	3401      	adds	r4, #1
   80aac:	b2e4      	uxtb	r4, r4
   80aae:	e7e8      	b.n	80a82 <udc_process_setup+0x31e>
   80ab0:	2106      	movs	r1, #6
   80ab2:	4a08      	ldr	r2, [pc, #32]	; (80ad4 <udc_process_setup+0x370>)
   80ab4:	e6b0      	b.n	80818 <udc_process_setup+0xb4>
   80ab6:	2000      	movs	r0, #0
   80ab8:	bd70      	pop	{r4, r5, r6, pc}
   80aba:	bf00      	nop
   80abc:	00081851 	.word	0x00081851
   80ac0:	00081495 	.word	0x00081495
   80ac4:	20070740 	.word	0x20070740
   80ac8:	20070670 	.word	0x20070670
   80acc:	20070668 	.word	0x20070668
   80ad0:	000805cd 	.word	0x000805cd
   80ad4:	00081e5c 	.word	0x00081e5c

00080ad8 <cpu_irq_save>:
   80ad8:	f3ef 8010 	mrs	r0, PRIMASK
   80adc:	b672      	cpsid	i
   80ade:	f3bf 8f5f 	dmb	sy
   80ae2:	2200      	movs	r2, #0
   80ae4:	1a81      	subs	r1, r0, r2
   80ae6:	4b02      	ldr	r3, [pc, #8]	; (80af0 <cpu_irq_save+0x18>)
   80ae8:	4248      	negs	r0, r1
   80aea:	701a      	strb	r2, [r3, #0]
   80aec:	4148      	adcs	r0, r1
   80aee:	4770      	bx	lr
   80af0:	200700e0 	.word	0x200700e0

00080af4 <udd_ctrl_stall_data>:
   80af4:	4b03      	ldr	r3, [pc, #12]	; (80b04 <udd_ctrl_stall_data+0x10>)
   80af6:	4904      	ldr	r1, [pc, #16]	; (80b08 <udd_ctrl_stall_data+0x14>)
   80af8:	2205      	movs	r2, #5
   80afa:	f44f 2000 	mov.w	r0, #524288	; 0x80000
   80afe:	701a      	strb	r2, [r3, #0]
   80b00:	6008      	str	r0, [r1, #0]
   80b02:	4770      	bx	lr
   80b04:	200706c4 	.word	0x200706c4
   80b08:	400ac1f0 	.word	0x400ac1f0

00080b0c <udd_ctrl_endofrequest>:
   80b0c:	b508      	push	{r3, lr}
   80b0e:	4b02      	ldr	r3, [pc, #8]	; (80b18 <udd_ctrl_endofrequest+0xc>)
   80b10:	6918      	ldr	r0, [r3, #16]
   80b12:	b100      	cbz	r0, 80b16 <udd_ctrl_endofrequest+0xa>
   80b14:	4780      	blx	r0
   80b16:	bd08      	pop	{r3, pc}
   80b18:	20070740 	.word	0x20070740

00080b1c <cpu_irq_restore>:
   80b1c:	b128      	cbz	r0, 80b2a <cpu_irq_restore+0xe>
   80b1e:	4b03      	ldr	r3, [pc, #12]	; (80b2c <cpu_irq_restore+0x10>)
   80b20:	2201      	movs	r2, #1
   80b22:	701a      	strb	r2, [r3, #0]
   80b24:	f3bf 8f5f 	dmb	sy
   80b28:	b662      	cpsie	i
   80b2a:	4770      	bx	lr
   80b2c:	200700e0 	.word	0x200700e0

00080b30 <udd_sleep_mode>:
   80b30:	b510      	push	{r4, lr}
   80b32:	4b0b      	ldr	r3, [pc, #44]	; (80b60 <udd_sleep_mode+0x30>)
   80b34:	4604      	mov	r4, r0
   80b36:	7818      	ldrb	r0, [r3, #0]
   80b38:	b934      	cbnz	r4, 80b48 <udd_sleep_mode+0x18>
   80b3a:	b170      	cbz	r0, 80b5a <udd_sleep_mode+0x2a>
   80b3c:	4809      	ldr	r0, [pc, #36]	; (80b64 <udd_sleep_mode+0x34>)
   80b3e:	4780      	blx	r0
   80b40:	4b09      	ldr	r3, [pc, #36]	; (80b68 <udd_sleep_mode+0x38>)
   80b42:	789a      	ldrb	r2, [r3, #2]
   80b44:	1e51      	subs	r1, r2, #1
   80b46:	e005      	b.n	80b54 <udd_sleep_mode+0x24>
   80b48:	b938      	cbnz	r0, 80b5a <udd_sleep_mode+0x2a>
   80b4a:	4906      	ldr	r1, [pc, #24]	; (80b64 <udd_sleep_mode+0x34>)
   80b4c:	4788      	blx	r1
   80b4e:	4b06      	ldr	r3, [pc, #24]	; (80b68 <udd_sleep_mode+0x38>)
   80b50:	789a      	ldrb	r2, [r3, #2]
   80b52:	1c51      	adds	r1, r2, #1
   80b54:	7099      	strb	r1, [r3, #2]
   80b56:	4b05      	ldr	r3, [pc, #20]	; (80b6c <udd_sleep_mode+0x3c>)
   80b58:	4798      	blx	r3
   80b5a:	4901      	ldr	r1, [pc, #4]	; (80b60 <udd_sleep_mode+0x30>)
   80b5c:	700c      	strb	r4, [r1, #0]
   80b5e:	bd10      	pop	{r4, pc}
   80b60:	200706c2 	.word	0x200706c2
   80b64:	00080ad9 	.word	0x00080ad9
   80b68:	20070739 	.word	0x20070739
   80b6c:	00080b1d 	.word	0x00080b1d

00080b70 <udd_ctrl_init>:
   80b70:	b508      	push	{r3, lr}
   80b72:	4b09      	ldr	r3, [pc, #36]	; (80b98 <udd_ctrl_init+0x28>)
   80b74:	4798      	blx	r3
   80b76:	4909      	ldr	r1, [pc, #36]	; (80b9c <udd_ctrl_init+0x2c>)
   80b78:	2201      	movs	r2, #1
   80b7a:	600a      	str	r2, [r1, #0]
   80b7c:	4b08      	ldr	r3, [pc, #32]	; (80ba0 <udd_ctrl_init+0x30>)
   80b7e:	4798      	blx	r3
   80b80:	4a08      	ldr	r2, [pc, #32]	; (80ba4 <udd_ctrl_init+0x34>)
   80b82:	2002      	movs	r0, #2
   80b84:	6010      	str	r0, [r2, #0]
   80b86:	4808      	ldr	r0, [pc, #32]	; (80ba8 <udd_ctrl_init+0x38>)
   80b88:	4a08      	ldr	r2, [pc, #32]	; (80bac <udd_ctrl_init+0x3c>)
   80b8a:	2300      	movs	r3, #0
   80b8c:	6103      	str	r3, [r0, #16]
   80b8e:	6143      	str	r3, [r0, #20]
   80b90:	8183      	strh	r3, [r0, #12]
   80b92:	7013      	strb	r3, [r2, #0]
   80b94:	bd08      	pop	{r3, pc}
   80b96:	bf00      	nop
   80b98:	00080ad9 	.word	0x00080ad9
   80b9c:	400ac220 	.word	0x400ac220
   80ba0:	00080b1d 	.word	0x00080b1d
   80ba4:	400ac160 	.word	0x400ac160
   80ba8:	20070740 	.word	0x20070740
   80bac:	200706c4 	.word	0x200706c4

00080bb0 <udd_ctrl_send_zlp_in>:
   80bb0:	b508      	push	{r3, lr}
   80bb2:	4b08      	ldr	r3, [pc, #32]	; (80bd4 <udd_ctrl_send_zlp_in+0x24>)
   80bb4:	2203      	movs	r2, #3
   80bb6:	4808      	ldr	r0, [pc, #32]	; (80bd8 <udd_ctrl_send_zlp_in+0x28>)
   80bb8:	701a      	strb	r2, [r3, #0]
   80bba:	4780      	blx	r0
   80bbc:	4907      	ldr	r1, [pc, #28]	; (80bdc <udd_ctrl_send_zlp_in+0x2c>)
   80bbe:	4b08      	ldr	r3, [pc, #32]	; (80be0 <udd_ctrl_send_zlp_in+0x30>)
   80bc0:	2201      	movs	r2, #1
   80bc2:	600a      	str	r2, [r1, #0]
   80bc4:	601a      	str	r2, [r3, #0]
   80bc6:	2208      	movs	r2, #8
   80bc8:	600a      	str	r2, [r1, #0]
   80bca:	601a      	str	r2, [r3, #0]
   80bcc:	4905      	ldr	r1, [pc, #20]	; (80be4 <udd_ctrl_send_zlp_in+0x34>)
   80bce:	4788      	blx	r1
   80bd0:	bd08      	pop	{r3, pc}
   80bd2:	bf00      	nop
   80bd4:	200706c4 	.word	0x200706c4
   80bd8:	00080ad9 	.word	0x00080ad9
   80bdc:	400ac160 	.word	0x400ac160
   80be0:	400ac1f0 	.word	0x400ac1f0
   80be4:	00080b1d 	.word	0x00080b1d

00080be8 <udd_ctrl_in_sent>:
   80be8:	b570      	push	{r4, r5, r6, lr}
   80bea:	4b34      	ldr	r3, [pc, #208]	; (80cbc <udd_ctrl_in_sent+0xd4>)
   80bec:	4798      	blx	r3
   80bee:	4934      	ldr	r1, [pc, #208]	; (80cc0 <udd_ctrl_in_sent+0xd8>)
   80bf0:	2201      	movs	r2, #1
   80bf2:	600a      	str	r2, [r1, #0]
   80bf4:	4b33      	ldr	r3, [pc, #204]	; (80cc4 <udd_ctrl_in_sent+0xdc>)
   80bf6:	4798      	blx	r3
   80bf8:	4833      	ldr	r0, [pc, #204]	; (80cc8 <udd_ctrl_in_sent+0xe0>)
   80bfa:	7802      	ldrb	r2, [r0, #0]
   80bfc:	2a03      	cmp	r2, #3
   80bfe:	d104      	bne.n	80c0a <udd_ctrl_in_sent+0x22>
   80c00:	4832      	ldr	r0, [pc, #200]	; (80ccc <udd_ctrl_in_sent+0xe4>)
   80c02:	4780      	blx	r0
   80c04:	4932      	ldr	r1, [pc, #200]	; (80cd0 <udd_ctrl_in_sent+0xe8>)
   80c06:	4788      	blx	r1
   80c08:	bd70      	pop	{r4, r5, r6, pc}
   80c0a:	4e32      	ldr	r6, [pc, #200]	; (80cd4 <udd_ctrl_in_sent+0xec>)
   80c0c:	4d32      	ldr	r5, [pc, #200]	; (80cd8 <udd_ctrl_in_sent+0xf0>)
   80c0e:	8833      	ldrh	r3, [r6, #0]
   80c10:	89ac      	ldrh	r4, [r5, #12]
   80c12:	1ae1      	subs	r1, r4, r3
   80c14:	b28c      	uxth	r4, r1
   80c16:	b9dc      	cbnz	r4, 80c50 <udd_ctrl_in_sent+0x68>
   80c18:	4830      	ldr	r0, [pc, #192]	; (80cdc <udd_ctrl_in_sent+0xf4>)
   80c1a:	8802      	ldrh	r2, [r0, #0]
   80c1c:	189b      	adds	r3, r3, r2
   80c1e:	b299      	uxth	r1, r3
   80c20:	8001      	strh	r1, [r0, #0]
   80c22:	88e8      	ldrh	r0, [r5, #6]
   80c24:	4288      	cmp	r0, r1
   80c26:	d002      	beq.n	80c2e <udd_ctrl_in_sent+0x46>
   80c28:	4a2d      	ldr	r2, [pc, #180]	; (80ce0 <udd_ctrl_in_sent+0xf8>)
   80c2a:	7813      	ldrb	r3, [r2, #0]
   80c2c:	b153      	cbz	r3, 80c44 <udd_ctrl_in_sent+0x5c>
   80c2e:	4b26      	ldr	r3, [pc, #152]	; (80cc8 <udd_ctrl_in_sent+0xe0>)
   80c30:	2204      	movs	r2, #4
   80c32:	4822      	ldr	r0, [pc, #136]	; (80cbc <udd_ctrl_in_sent+0xd4>)
   80c34:	701a      	strb	r2, [r3, #0]
   80c36:	4780      	blx	r0
   80c38:	4a2a      	ldr	r2, [pc, #168]	; (80ce4 <udd_ctrl_in_sent+0xfc>)
   80c3a:	2110      	movs	r1, #16
   80c3c:	6011      	str	r1, [r2, #0]
   80c3e:	f8c2 1090 	str.w	r1, [r2, #144]	; 0x90
   80c42:	e037      	b.n	80cb4 <udd_ctrl_in_sent+0xcc>
   80c44:	6969      	ldr	r1, [r5, #20]
   80c46:	b151      	cbz	r1, 80c5e <udd_ctrl_in_sent+0x76>
   80c48:	4788      	blx	r1
   80c4a:	b140      	cbz	r0, 80c5e <udd_ctrl_in_sent+0x76>
   80c4c:	8034      	strh	r4, [r6, #0]
   80c4e:	89ac      	ldrh	r4, [r5, #12]
   80c50:	2c3f      	cmp	r4, #63	; 0x3f
   80c52:	d904      	bls.n	80c5e <udd_ctrl_in_sent+0x76>
   80c54:	4e22      	ldr	r6, [pc, #136]	; (80ce0 <udd_ctrl_in_sent+0xf8>)
   80c56:	2500      	movs	r5, #0
   80c58:	7035      	strb	r5, [r6, #0]
   80c5a:	2440      	movs	r4, #64	; 0x40
   80c5c:	e002      	b.n	80c64 <udd_ctrl_in_sent+0x7c>
   80c5e:	4a20      	ldr	r2, [pc, #128]	; (80ce0 <udd_ctrl_in_sent+0xf8>)
   80c60:	2001      	movs	r0, #1
   80c62:	7010      	strb	r0, [r2, #0]
   80c64:	4b1b      	ldr	r3, [pc, #108]	; (80cd4 <udd_ctrl_in_sent+0xec>)
   80c66:	491c      	ldr	r1, [pc, #112]	; (80cd8 <udd_ctrl_in_sent+0xf0>)
   80c68:	4814      	ldr	r0, [pc, #80]	; (80cbc <udd_ctrl_in_sent+0xd4>)
   80c6a:	881d      	ldrh	r5, [r3, #0]
   80c6c:	688e      	ldr	r6, [r1, #8]
   80c6e:	4780      	blx	r0
   80c70:	4b1d      	ldr	r3, [pc, #116]	; (80ce8 <udd_ctrl_in_sent+0x100>)
   80c72:	1976      	adds	r6, r6, r5
   80c74:	6819      	ldr	r1, [r3, #0]
   80c76:	4602      	mov	r2, r0
   80c78:	0789      	lsls	r1, r1, #30
   80c7a:	d505      	bpl.n	80c88 <udd_ctrl_in_sent+0xa0>
   80c7c:	4a11      	ldr	r2, [pc, #68]	; (80cc4 <udd_ctrl_in_sent+0xdc>)
   80c7e:	4790      	blx	r2
   80c80:	4911      	ldr	r1, [pc, #68]	; (80cc8 <udd_ctrl_in_sent+0xe0>)
   80c82:	2004      	movs	r0, #4
   80c84:	7008      	strb	r0, [r1, #0]
   80c86:	bd70      	pop	{r4, r5, r6, pc}
   80c88:	4818      	ldr	r0, [pc, #96]	; (80cec <udd_ctrl_in_sent+0x104>)
   80c8a:	b2c3      	uxtb	r3, r0
   80c8c:	42a3      	cmp	r3, r4
   80c8e:	d208      	bcs.n	80ca2 <udd_ctrl_in_sent+0xba>
   80c90:	1831      	adds	r1, r6, r0
   80c92:	f101 435f 	add.w	r3, r1, #3741319168	; 0xdf000000
   80c96:	f503 0168 	add.w	r1, r3, #15204352	; 0xe80000
   80c9a:	780b      	ldrb	r3, [r1, #0]
   80c9c:	f800 3b01 	strb.w	r3, [r0], #1
   80ca0:	e7f3      	b.n	80c8a <udd_ctrl_in_sent+0xa2>
   80ca2:	4b10      	ldr	r3, [pc, #64]	; (80ce4 <udd_ctrl_in_sent+0xfc>)
   80ca4:	490b      	ldr	r1, [pc, #44]	; (80cd4 <udd_ctrl_in_sent+0xec>)
   80ca6:	2001      	movs	r0, #1
   80ca8:	1964      	adds	r4, r4, r5
   80caa:	800c      	strh	r4, [r1, #0]
   80cac:	6018      	str	r0, [r3, #0]
   80cae:	f8c3 0090 	str.w	r0, [r3, #144]	; 0x90
   80cb2:	4610      	mov	r0, r2
   80cb4:	4b03      	ldr	r3, [pc, #12]	; (80cc4 <udd_ctrl_in_sent+0xdc>)
   80cb6:	4798      	blx	r3
   80cb8:	bd70      	pop	{r4, r5, r6, pc}
   80cba:	bf00      	nop
   80cbc:	00080ad9 	.word	0x00080ad9
   80cc0:	400ac220 	.word	0x400ac220
   80cc4:	00080b1d 	.word	0x00080b1d
   80cc8:	200706c4 	.word	0x200706c4
   80ccc:	00080b0d 	.word	0x00080b0d
   80cd0:	00080b71 	.word	0x00080b71
   80cd4:	200706c6 	.word	0x200706c6
   80cd8:	20070740 	.word	0x20070740
   80cdc:	200706c0 	.word	0x200706c0
   80ce0:	200706c3 	.word	0x200706c3
   80ce4:	400ac160 	.word	0x400ac160
   80ce8:	400ac130 	.word	0x400ac130
   80cec:	20180000 	.word	0x20180000

00080cf0 <udd_ep_finish_job>:
   80cf0:	b510      	push	{r4, lr}
   80cf2:	7d04      	ldrb	r4, [r0, #20]
   80cf4:	4603      	mov	r3, r0
   80cf6:	07e0      	lsls	r0, r4, #31
   80cf8:	d50e      	bpl.n	80d18 <udd_ep_finish_job+0x28>
   80cfa:	f36f 0400 	bfc	r4, #0, #1
   80cfe:	751c      	strb	r4, [r3, #20]
   80d00:	681c      	ldr	r4, [r3, #0]
   80d02:	b14c      	cbz	r4, 80d18 <udd_ep_finish_job+0x28>
   80d04:	4805      	ldr	r0, [pc, #20]	; (80d1c <udd_ep_finish_job+0x2c>)
   80d06:	f850 0022 	ldr.w	r0, [r0, r2, lsl #2]
   80d0a:	05c0      	lsls	r0, r0, #23
   80d0c:	bf48      	it	mi
   80d0e:	f042 0280 	orrmi.w	r2, r2, #128	; 0x80
   80d12:	4608      	mov	r0, r1
   80d14:	6899      	ldr	r1, [r3, #8]
   80d16:	47a0      	blx	r4
   80d18:	bd10      	pop	{r4, pc}
   80d1a:	bf00      	nop
   80d1c:	400ac100 	.word	0x400ac100

00080d20 <udd_ep_trans_done>:
   80d20:	e92d 43f8 	stmdb	sp!, {r3, r4, r5, r6, r7, r8, r9, lr}
   80d24:	4b44      	ldr	r3, [pc, #272]	; (80e38 <udd_ep_trans_done+0x118>)
   80d26:	f100 39ff 	add.w	r9, r0, #4294967295
   80d2a:	2518      	movs	r5, #24
   80d2c:	fb05 3509 	mla	r5, r5, r9, r3
   80d30:	4604      	mov	r4, r0
   80d32:	7d28      	ldrb	r0, [r5, #20]
   80d34:	07c0      	lsls	r0, r0, #31
   80d36:	d57d      	bpl.n	80e34 <udd_ep_trans_done+0x114>
   80d38:	68ea      	ldr	r2, [r5, #12]
   80d3a:	68ae      	ldr	r6, [r5, #8]
   80d3c:	42b2      	cmp	r2, r6
   80d3e:	d052      	beq.n	80de6 <udd_ep_trans_done+0xc6>
   80d40:	1ab6      	subs	r6, r6, r2
   80d42:	f5b6 3f80 	cmp.w	r6, #65536	; 0x10000
   80d46:	d801      	bhi.n	80d4c <udd_ep_trans_done+0x2c>
   80d48:	0437      	lsls	r7, r6, #16
   80d4a:	e002      	b.n	80d52 <udd_ep_trans_done+0x32>
   80d4c:	f44f 3680 	mov.w	r6, #65536	; 0x10000
   80d50:	2700      	movs	r7, #0
   80d52:	4b3a      	ldr	r3, [pc, #232]	; (80e3c <udd_ep_trans_done+0x11c>)
   80d54:	f853 1024 	ldr.w	r1, [r3, r4, lsl #2]
   80d58:	05c9      	lsls	r1, r1, #23
   80d5a:	d50f      	bpl.n	80d7c <udd_ep_trans_done+0x5c>
   80d5c:	f853 0024 	ldr.w	r0, [r3, r4, lsl #2]
   80d60:	2108      	movs	r1, #8
   80d62:	f3c0 1302 	ubfx	r3, r0, #4, #3
   80d66:	fa01 f003 	lsl.w	r0, r1, r3
   80d6a:	1e43      	subs	r3, r0, #1
   80d6c:	421e      	tst	r6, r3
   80d6e:	d016      	beq.n	80d9e <udd_ep_trans_done+0x7e>
   80d70:	430f      	orrs	r7, r1
   80d72:	7d29      	ldrb	r1, [r5, #20]
   80d74:	f36f 0141 	bfc	r1, #1, #1
   80d78:	7529      	strb	r1, [r5, #20]
   80d7a:	e010      	b.n	80d9e <udd_ep_trans_done+0x7e>
   80d7c:	f853 0024 	ldr.w	r0, [r3, r4, lsl #2]
   80d80:	f3c0 21c1 	ubfx	r1, r0, #11, #2
   80d84:	2901      	cmp	r1, #1
   80d86:	d108      	bne.n	80d9a <udd_ep_trans_done+0x7a>
   80d88:	f853 3024 	ldr.w	r3, [r3, r4, lsl #2]
   80d8c:	2108      	movs	r1, #8
   80d8e:	f3c3 1002 	ubfx	r0, r3, #4, #3
   80d92:	fa01 f300 	lsl.w	r3, r1, r0
   80d96:	429e      	cmp	r6, r3
   80d98:	d801      	bhi.n	80d9e <udd_ep_trans_done+0x7e>
   80d9a:	f047 0714 	orr.w	r7, r7, #20
   80d9e:	686b      	ldr	r3, [r5, #4]
   80da0:	f8df 80b8 	ldr.w	r8, [pc, #184]	; 80e5c <udd_ep_trans_done+0x13c>
   80da4:	0120      	lsls	r0, r4, #4
   80da6:	4480      	add	r8, r0
   80da8:	189a      	adds	r2, r3, r2
   80daa:	f8c8 2004 	str.w	r2, [r8, #4]
   80dae:	4924      	ldr	r1, [pc, #144]	; (80e40 <udd_ep_trans_done+0x120>)
   80db0:	4788      	blx	r1
   80db2:	f8d8 300c 	ldr.w	r3, [r8, #12]
   80db6:	06db      	lsls	r3, r3, #27
   80db8:	d411      	bmi.n	80dde <udd_ep_trans_done+0xbe>
   80dba:	f047 0721 	orr.w	r7, r7, #33	; 0x21
   80dbe:	f8c8 7008 	str.w	r7, [r8, #8]
   80dc2:	68eb      	ldr	r3, [r5, #12]
   80dc4:	f04f 7100 	mov.w	r1, #33554432	; 0x2000000
   80dc8:	199a      	adds	r2, r3, r6
   80dca:	60ea      	str	r2, [r5, #12]
   80dcc:	fa01 f209 	lsl.w	r2, r1, r9
   80dd0:	4b1c      	ldr	r3, [pc, #112]	; (80e44 <udd_ep_trans_done+0x124>)
   80dd2:	612e      	str	r6, [r5, #16]
   80dd4:	491c      	ldr	r1, [pc, #112]	; (80e48 <udd_ep_trans_done+0x128>)
   80dd6:	619a      	str	r2, [r3, #24]
   80dd8:	4788      	blx	r1
   80dda:	e8bd 83f8 	ldmia.w	sp!, {r3, r4, r5, r6, r7, r8, r9, pc}
   80dde:	4a1a      	ldr	r2, [pc, #104]	; (80e48 <udd_ep_trans_done+0x128>)
   80de0:	4790      	blx	r2
   80de2:	68e8      	ldr	r0, [r5, #12]
   80de4:	60a8      	str	r0, [r5, #8]
   80de6:	4915      	ldr	r1, [pc, #84]	; (80e3c <udd_ep_trans_done+0x11c>)
   80de8:	f851 3024 	ldr.w	r3, [r1, r4, lsl #2]
   80dec:	05d9      	lsls	r1, r3, #23
   80dee:	d51c      	bpl.n	80e2a <udd_ep_trans_done+0x10a>
   80df0:	7d2a      	ldrb	r2, [r5, #20]
   80df2:	f002 0002 	and.w	r0, r2, #2
   80df6:	b2c1      	uxtb	r1, r0
   80df8:	b1b9      	cbz	r1, 80e2a <udd_ep_trans_done+0x10a>
   80dfa:	4a14      	ldr	r2, [pc, #80]	; (80e4c <udd_ep_trans_done+0x12c>)
   80dfc:	2001      	movs	r0, #1
   80dfe:	f842 0024 	str.w	r0, [r2, r4, lsl #2]
   80e02:	3a30      	subs	r2, #48	; 0x30
   80e04:	f852 1024 	ldr.w	r1, [r2, r4, lsl #2]
   80e08:	4a11      	ldr	r2, [pc, #68]	; (80e50 <udd_ep_trans_done+0x130>)
   80e0a:	03cb      	lsls	r3, r1, #15
   80e0c:	bf48      	it	mi
   80e0e:	4b11      	ldrmi	r3, [pc, #68]	; (80e54 <udd_ep_trans_done+0x134>)
   80e10:	490c      	ldr	r1, [pc, #48]	; (80e44 <udd_ep_trans_done+0x124>)
   80e12:	bf48      	it	mi
   80e14:	f843 0024 	strmi.w	r0, [r3, r4, lsl #2]
   80e18:	f842 0024 	str.w	r0, [r2, r4, lsl #2]
   80e1c:	f44f 5080 	mov.w	r0, #4096	; 0x1000
   80e20:	fa00 f404 	lsl.w	r4, r0, r4
   80e24:	618c      	str	r4, [r1, #24]
   80e26:	e8bd 83f8 	ldmia.w	sp!, {r3, r4, r5, r6, r7, r8, r9, pc}
   80e2a:	4628      	mov	r0, r5
   80e2c:	2100      	movs	r1, #0
   80e2e:	4622      	mov	r2, r4
   80e30:	4b09      	ldr	r3, [pc, #36]	; (80e58 <udd_ep_trans_done+0x138>)
   80e32:	4798      	blx	r3
   80e34:	e8bd 83f8 	ldmia.w	sp!, {r3, r4, r5, r6, r7, r8, r9, pc}
   80e38:	20070678 	.word	0x20070678
   80e3c:	400ac100 	.word	0x400ac100
   80e40:	00080ad9 	.word	0x00080ad9
   80e44:	400ac000 	.word	0x400ac000
   80e48:	00080b1d 	.word	0x00080b1d
   80e4c:	400ac160 	.word	0x400ac160
   80e50:	400ac1f0 	.word	0x400ac1f0
   80e54:	400ac190 	.word	0x400ac190
   80e58:	00080cf1 	.word	0x00080cf1
   80e5c:	400ac300 	.word	0x400ac300

00080e60 <udd_attach>:
   80e60:	b570      	push	{r4, r5, r6, lr}
   80e62:	4b17      	ldr	r3, [pc, #92]	; (80ec0 <udd_attach+0x60>)
   80e64:	4798      	blx	r3
   80e66:	4917      	ldr	r1, [pc, #92]	; (80ec4 <udd_attach+0x64>)
   80e68:	4606      	mov	r6, r0
   80e6a:	2001      	movs	r0, #1
   80e6c:	4788      	blx	r1
   80e6e:	4816      	ldr	r0, [pc, #88]	; (80ec8 <udd_attach+0x68>)
   80e70:	f8d0 2800 	ldr.w	r2, [r0, #2048]	; 0x800
   80e74:	4605      	mov	r5, r0
   80e76:	f422 4480 	bic.w	r4, r2, #16384	; 0x4000
   80e7a:	f8c0 4800 	str.w	r4, [r0, #2048]	; 0x800
   80e7e:	f8d5 1804 	ldr.w	r1, [r5, #2052]	; 0x804
   80e82:	4b11      	ldr	r3, [pc, #68]	; (80ec8 <udd_attach+0x68>)
   80e84:	044c      	lsls	r4, r1, #17
   80e86:	d5fa      	bpl.n	80e7e <udd_attach+0x1e>
   80e88:	6818      	ldr	r0, [r3, #0]
   80e8a:	2101      	movs	r1, #1
   80e8c:	f420 7280 	bic.w	r2, r0, #256	; 0x100
   80e90:	601a      	str	r2, [r3, #0]
   80e92:	2508      	movs	r5, #8
   80e94:	2210      	movs	r2, #16
   80e96:	2404      	movs	r4, #4
   80e98:	2002      	movs	r0, #2
   80e9a:	619d      	str	r5, [r3, #24]
   80e9c:	6199      	str	r1, [r3, #24]
   80e9e:	619a      	str	r2, [r3, #24]
   80ea0:	619c      	str	r4, [r3, #24]
   80ea2:	609d      	str	r5, [r3, #8]
   80ea4:	609c      	str	r4, [r3, #8]
   80ea6:	6098      	str	r0, [r3, #8]
   80ea8:	60d9      	str	r1, [r3, #12]
   80eaa:	609a      	str	r2, [r3, #8]
   80eac:	f8d3 1800 	ldr.w	r1, [r3, #2048]	; 0x800
   80eb0:	4630      	mov	r0, r6
   80eb2:	f441 4280 	orr.w	r2, r1, #16384	; 0x4000
   80eb6:	f8c3 2800 	str.w	r2, [r3, #2048]	; 0x800
   80eba:	4b04      	ldr	r3, [pc, #16]	; (80ecc <udd_attach+0x6c>)
   80ebc:	4798      	blx	r3
   80ebe:	bd70      	pop	{r4, r5, r6, pc}
   80ec0:	00080ad9 	.word	0x00080ad9
   80ec4:	00080b31 	.word	0x00080b31
   80ec8:	400ac000 	.word	0x400ac000
   80ecc:	00080b1d 	.word	0x00080b1d

00080ed0 <udd_detach>:
   80ed0:	b508      	push	{r3, lr}
   80ed2:	4b0a      	ldr	r3, [pc, #40]	; (80efc <udd_detach+0x2c>)
   80ed4:	f8d3 2800 	ldr.w	r2, [r3, #2048]	; 0x800
   80ed8:	f422 4080 	bic.w	r0, r2, #16384	; 0x4000
   80edc:	f8c3 0800 	str.w	r0, [r3, #2048]	; 0x800
   80ee0:	6819      	ldr	r1, [r3, #0]
   80ee2:	f441 7280 	orr.w	r2, r1, #256	; 0x100
   80ee6:	601a      	str	r2, [r3, #0]
   80ee8:	f8d3 0800 	ldr.w	r0, [r3, #2048]	; 0x800
   80eec:	f440 4180 	orr.w	r1, r0, #16384	; 0x4000
   80ef0:	f8c3 1800 	str.w	r1, [r3, #2048]	; 0x800
   80ef4:	2000      	movs	r0, #0
   80ef6:	4b02      	ldr	r3, [pc, #8]	; (80f00 <udd_detach+0x30>)
   80ef8:	4798      	blx	r3
   80efa:	bd08      	pop	{r3, pc}
   80efc:	400ac000 	.word	0x400ac000
   80f00:	00080b31 	.word	0x00080b31

00080f04 <UOTGHS_Handler>:
   80f04:	b5f8      	push	{r3, r4, r5, r6, r7, lr}
   80f06:	4b86      	ldr	r3, [pc, #536]	; (81120 <UOTGHS_Handler+0x21c>)
   80f08:	4798      	blx	r3
   80f0a:	4a86      	ldr	r2, [pc, #536]	; (81124 <UOTGHS_Handler+0x220>)
   80f0c:	b948      	cbnz	r0, 80f22 <UOTGHS_Handler+0x1e>
   80f0e:	6850      	ldr	r0, [r2, #4]
   80f10:	f010 0101 	ands.w	r1, r0, #1
   80f14:	d105      	bne.n	80f22 <UOTGHS_Handler+0x1e>
   80f16:	b672      	cpsid	i
   80f18:	f3bf 8f5f 	dmb	sy
   80f1c:	4882      	ldr	r0, [pc, #520]	; (81128 <UOTGHS_Handler+0x224>)
   80f1e:	7001      	strb	r1, [r0, #0]
   80f20:	bdf8      	pop	{r3, r4, r5, r6, r7, pc}
   80f22:	6852      	ldr	r2, [r2, #4]
   80f24:	4b7f      	ldr	r3, [pc, #508]	; (81124 <UOTGHS_Handler+0x220>)
   80f26:	0751      	lsls	r1, r2, #29
   80f28:	d508      	bpl.n	80f3c <UOTGHS_Handler+0x38>
   80f2a:	2204      	movs	r2, #4
   80f2c:	609a      	str	r2, [r3, #8]
   80f2e:	f8d3 1804 	ldr.w	r1, [r3, #2052]	; 0x804
   80f32:	f411 5f40 	tst.w	r1, #12288	; 0x3000
   80f36:	f040 8224 	bne.w	81382 <UOTGHS_Handler+0x47e>
   80f3a:	e004      	b.n	80f46 <UOTGHS_Handler+0x42>
   80f3c:	6858      	ldr	r0, [r3, #4]
   80f3e:	0782      	lsls	r2, r0, #30
   80f40:	d504      	bpl.n	80f4c <UOTGHS_Handler+0x48>
   80f42:	2002      	movs	r0, #2
   80f44:	6098      	str	r0, [r3, #8]
   80f46:	4b79      	ldr	r3, [pc, #484]	; (8112c <UOTGHS_Handler+0x228>)
   80f48:	4798      	blx	r3
   80f4a:	bdf8      	pop	{r3, r4, r5, r6, r7, pc}
   80f4c:	685c      	ldr	r4, [r3, #4]
   80f4e:	04e4      	lsls	r4, r4, #19
   80f50:	f140 8140 	bpl.w	811d4 <UOTGHS_Handler+0x2d0>
   80f54:	4976      	ldr	r1, [pc, #472]	; (81130 <UOTGHS_Handler+0x22c>)
   80f56:	2310      	movs	r3, #16
   80f58:	2208      	movs	r2, #8
   80f5a:	600b      	str	r3, [r1, #0]
   80f5c:	600a      	str	r2, [r1, #0]
   80f5e:	39f0      	subs	r1, #240	; 0xf0
   80f60:	6808      	ldr	r0, [r1, #0]
   80f62:	460c      	mov	r4, r1
   80f64:	f010 0f04 	tst.w	r0, #4
   80f68:	d046      	beq.n	80ff8 <UOTGHS_Handler+0xf4>
   80f6a:	4a72      	ldr	r2, [pc, #456]	; (81134 <UOTGHS_Handler+0x230>)
   80f6c:	7813      	ldrb	r3, [r2, #0]
   80f6e:	b11b      	cbz	r3, 80f78 <UOTGHS_Handler+0x74>
   80f70:	4871      	ldr	r0, [pc, #452]	; (81138 <UOTGHS_Handler+0x234>)
   80f72:	4780      	blx	r0
   80f74:	4971      	ldr	r1, [pc, #452]	; (8113c <UOTGHS_Handler+0x238>)
   80f76:	4788      	blx	r1
   80f78:	6822      	ldr	r2, [r4, #0]
   80f7a:	f3c2 530a 	ubfx	r3, r2, #20, #11
   80f7e:	2b08      	cmp	r3, #8
   80f80:	d004      	beq.n	80f8c <UOTGHS_Handler+0x88>
   80f82:	4b6f      	ldr	r3, [pc, #444]	; (81140 <UOTGHS_Handler+0x23c>)
   80f84:	4798      	blx	r3
   80f86:	2204      	movs	r2, #4
   80f88:	4b6e      	ldr	r3, [pc, #440]	; (81144 <UOTGHS_Handler+0x240>)
   80f8a:	e0b7      	b.n	810fc <UOTGHS_Handler+0x1f8>
   80f8c:	4e6e      	ldr	r6, [pc, #440]	; (81148 <UOTGHS_Handler+0x244>)
   80f8e:	f816 4f01 	ldrb.w	r4, [r6, #1]!
   80f92:	4d6e      	ldr	r5, [pc, #440]	; (8114c <UOTGHS_Handler+0x248>)
   80f94:	4b6e      	ldr	r3, [pc, #440]	; (81150 <UOTGHS_Handler+0x24c>)
   80f96:	1970      	adds	r0, r6, r5
   80f98:	f100 415f 	add.w	r1, r0, #3741319168	; 0xdf000000
   80f9c:	f501 0268 	add.w	r2, r1, #15204352	; 0xe80000
   80fa0:	429e      	cmp	r6, r3
   80fa2:	7014      	strb	r4, [r2, #0]
   80fa4:	d1f3      	bne.n	80f8e <UOTGHS_Handler+0x8a>
   80fa6:	4e6b      	ldr	r6, [pc, #428]	; (81154 <UOTGHS_Handler+0x250>)
   80fa8:	47b0      	blx	r6
   80faa:	4c66      	ldr	r4, [pc, #408]	; (81144 <UOTGHS_Handler+0x240>)
   80fac:	2604      	movs	r6, #4
   80fae:	b918      	cbnz	r0, 80fb8 <UOTGHS_Handler+0xb4>
   80fb0:	4a63      	ldr	r2, [pc, #396]	; (81140 <UOTGHS_Handler+0x23c>)
   80fb2:	4790      	blx	r2
   80fb4:	6026      	str	r6, [r4, #0]
   80fb6:	bdf8      	pop	{r3, r4, r5, r6, r7, pc}
   80fb8:	6026      	str	r6, [r4, #0]
   80fba:	f995 0000 	ldrsb.w	r0, [r5]
   80fbe:	2800      	cmp	r0, #0
   80fc0:	da08      	bge.n	80fd4 <UOTGHS_Handler+0xd0>
   80fc2:	4a65      	ldr	r2, [pc, #404]	; (81158 <UOTGHS_Handler+0x254>)
   80fc4:	4b65      	ldr	r3, [pc, #404]	; (8115c <UOTGHS_Handler+0x258>)
   80fc6:	2000      	movs	r0, #0
   80fc8:	8010      	strh	r0, [r2, #0]
   80fca:	8018      	strh	r0, [r3, #0]
   80fcc:	4859      	ldr	r0, [pc, #356]	; (81134 <UOTGHS_Handler+0x230>)
   80fce:	2102      	movs	r1, #2
   80fd0:	7001      	strb	r1, [r0, #0]
   80fd2:	e018      	b.n	81006 <UOTGHS_Handler+0x102>
   80fd4:	88e9      	ldrh	r1, [r5, #6]
   80fd6:	2900      	cmp	r1, #0
   80fd8:	d05d      	beq.n	81096 <UOTGHS_Handler+0x192>
   80fda:	4b60      	ldr	r3, [pc, #384]	; (8115c <UOTGHS_Handler+0x258>)
   80fdc:	4a5e      	ldr	r2, [pc, #376]	; (81158 <UOTGHS_Handler+0x254>)
   80fde:	2500      	movs	r5, #0
   80fe0:	4954      	ldr	r1, [pc, #336]	; (81134 <UOTGHS_Handler+0x230>)
   80fe2:	8015      	strh	r5, [r2, #0]
   80fe4:	801d      	strh	r5, [r3, #0]
   80fe6:	2001      	movs	r0, #1
   80fe8:	2510      	movs	r5, #16
   80fea:	7008      	strb	r0, [r1, #0]
   80fec:	4a5c      	ldr	r2, [pc, #368]	; (81160 <UOTGHS_Handler+0x25c>)
   80fee:	6025      	str	r5, [r4, #0]
   80ff0:	4790      	blx	r2
   80ff2:	4b5c      	ldr	r3, [pc, #368]	; (81164 <UOTGHS_Handler+0x260>)
   80ff4:	601d      	str	r5, [r3, #0]
   80ff6:	e06c      	b.n	810d2 <UOTGHS_Handler+0x1ce>
   80ff8:	6809      	ldr	r1, [r1, #0]
   80ffa:	07c8      	lsls	r0, r1, #31
   80ffc:	d505      	bpl.n	8100a <UOTGHS_Handler+0x106>
   80ffe:	4b5a      	ldr	r3, [pc, #360]	; (81168 <UOTGHS_Handler+0x264>)
   81000:	681a      	ldr	r2, [r3, #0]
   81002:	07d1      	lsls	r1, r2, #31
   81004:	d501      	bpl.n	8100a <UOTGHS_Handler+0x106>
   81006:	4859      	ldr	r0, [pc, #356]	; (8116c <UOTGHS_Handler+0x268>)
   81008:	e0e2      	b.n	811d0 <UOTGHS_Handler+0x2cc>
   8100a:	4b59      	ldr	r3, [pc, #356]	; (81170 <UOTGHS_Handler+0x26c>)
   8100c:	6818      	ldr	r0, [r3, #0]
   8100e:	0782      	lsls	r2, r0, #30
   81010:	d562      	bpl.n	810d8 <UOTGHS_Handler+0x1d4>
   81012:	4848      	ldr	r0, [pc, #288]	; (81134 <UOTGHS_Handler+0x230>)
   81014:	7801      	ldrb	r1, [r0, #0]
   81016:	2901      	cmp	r1, #1
   81018:	d009      	beq.n	8102e <UOTGHS_Handler+0x12a>
   8101a:	2902      	cmp	r1, #2
   8101c:	d001      	beq.n	81022 <UOTGHS_Handler+0x11e>
   8101e:	2904      	cmp	r1, #4
   81020:	d101      	bne.n	81026 <UOTGHS_Handler+0x122>
   81022:	4945      	ldr	r1, [pc, #276]	; (81138 <UOTGHS_Handler+0x234>)
   81024:	e000      	b.n	81028 <UOTGHS_Handler+0x124>
   81026:	4946      	ldr	r1, [pc, #280]	; (81140 <UOTGHS_Handler+0x23c>)
   81028:	4788      	blx	r1
   8102a:	4844      	ldr	r0, [pc, #272]	; (8113c <UOTGHS_Handler+0x238>)
   8102c:	e0d0      	b.n	811d0 <UOTGHS_Handler+0x2cc>
   8102e:	4a4b      	ldr	r2, [pc, #300]	; (8115c <UOTGHS_Handler+0x258>)
   81030:	681c      	ldr	r4, [r3, #0]
   81032:	4846      	ldr	r0, [pc, #280]	; (8114c <UOTGHS_Handler+0x248>)
   81034:	8812      	ldrh	r2, [r2, #0]
   81036:	8981      	ldrh	r1, [r0, #12]
   81038:	f3c4 530a 	ubfx	r3, r4, #20, #11
   8103c:	18d4      	adds	r4, r2, r3
   8103e:	42a1      	cmp	r1, r4
   81040:	6880      	ldr	r0, [r0, #8]
   81042:	bfb8      	it	lt
   81044:	ebc2 0301 	rsblt	r3, r2, r1
   81048:	494a      	ldr	r1, [pc, #296]	; (81174 <UOTGHS_Handler+0x270>)
   8104a:	b29b      	uxth	r3, r3
   8104c:	1884      	adds	r4, r0, r2
   8104e:	b2c8      	uxtb	r0, r1
   81050:	4298      	cmp	r0, r3
   81052:	d206      	bcs.n	81062 <UOTGHS_Handler+0x15e>
   81054:	f811 5b01 	ldrb.w	r5, [r1], #1
   81058:	4847      	ldr	r0, [pc, #284]	; (81178 <UOTGHS_Handler+0x274>)
   8105a:	1866      	adds	r6, r4, r1
   8105c:	1830      	adds	r0, r6, r0
   8105e:	7005      	strb	r5, [r0, #0]
   81060:	e7f5      	b.n	8104e <UOTGHS_Handler+0x14a>
   81062:	1899      	adds	r1, r3, r2
   81064:	4c3d      	ldr	r4, [pc, #244]	; (8115c <UOTGHS_Handler+0x258>)
   81066:	b28a      	uxth	r2, r1
   81068:	2b40      	cmp	r3, #64	; 0x40
   8106a:	8022      	strh	r2, [r4, #0]
   8106c:	4b37      	ldr	r3, [pc, #220]	; (8114c <UOTGHS_Handler+0x248>)
   8106e:	d105      	bne.n	8107c <UOTGHS_Handler+0x178>
   81070:	4d39      	ldr	r5, [pc, #228]	; (81158 <UOTGHS_Handler+0x254>)
   81072:	88d8      	ldrh	r0, [r3, #6]
   81074:	8829      	ldrh	r1, [r5, #0]
   81076:	1889      	adds	r1, r1, r2
   81078:	4288      	cmp	r0, r1
   8107a:	dc0e      	bgt.n	8109a <UOTGHS_Handler+0x196>
   8107c:	819a      	strh	r2, [r3, #12]
   8107e:	695b      	ldr	r3, [r3, #20]
   81080:	4c30      	ldr	r4, [pc, #192]	; (81144 <UOTGHS_Handler+0x240>)
   81082:	b133      	cbz	r3, 81092 <UOTGHS_Handler+0x18e>
   81084:	4798      	blx	r3
   81086:	b920      	cbnz	r0, 81092 <UOTGHS_Handler+0x18e>
   81088:	482d      	ldr	r0, [pc, #180]	; (81140 <UOTGHS_Handler+0x23c>)
   8108a:	4780      	blx	r0
   8108c:	2102      	movs	r1, #2
   8108e:	6021      	str	r1, [r4, #0]
   81090:	bdf8      	pop	{r3, r4, r5, r6, r7, pc}
   81092:	2202      	movs	r2, #2
   81094:	6022      	str	r2, [r4, #0]
   81096:	4839      	ldr	r0, [pc, #228]	; (8117c <UOTGHS_Handler+0x278>)
   81098:	e09a      	b.n	811d0 <UOTGHS_Handler+0x2cc>
   8109a:	8998      	ldrh	r0, [r3, #12]
   8109c:	4290      	cmp	r0, r2
   8109e:	d10f      	bne.n	810c0 <UOTGHS_Handler+0x1bc>
   810a0:	695a      	ldr	r2, [r3, #20]
   810a2:	4e28      	ldr	r6, [pc, #160]	; (81144 <UOTGHS_Handler+0x240>)
   810a4:	b10a      	cbz	r2, 810aa <UOTGHS_Handler+0x1a6>
   810a6:	4790      	blx	r2
   810a8:	b920      	cbnz	r0, 810b4 <UOTGHS_Handler+0x1b0>
   810aa:	4825      	ldr	r0, [pc, #148]	; (81140 <UOTGHS_Handler+0x23c>)
   810ac:	4780      	blx	r0
   810ae:	2102      	movs	r1, #2
   810b0:	6031      	str	r1, [r6, #0]
   810b2:	bdf8      	pop	{r3, r4, r5, r6, r7, pc}
   810b4:	8821      	ldrh	r1, [r4, #0]
   810b6:	882b      	ldrh	r3, [r5, #0]
   810b8:	2200      	movs	r2, #0
   810ba:	18c8      	adds	r0, r1, r3
   810bc:	8028      	strh	r0, [r5, #0]
   810be:	8022      	strh	r2, [r4, #0]
   810c0:	4920      	ldr	r1, [pc, #128]	; (81144 <UOTGHS_Handler+0x240>)
   810c2:	2402      	movs	r4, #2
   810c4:	600c      	str	r4, [r1, #0]
   810c6:	2410      	movs	r4, #16
   810c8:	600c      	str	r4, [r1, #0]
   810ca:	4b25      	ldr	r3, [pc, #148]	; (81160 <UOTGHS_Handler+0x25c>)
   810cc:	4798      	blx	r3
   810ce:	4a25      	ldr	r2, [pc, #148]	; (81164 <UOTGHS_Handler+0x260>)
   810d0:	6014      	str	r4, [r2, #0]
   810d2:	492b      	ldr	r1, [pc, #172]	; (81180 <UOTGHS_Handler+0x27c>)
   810d4:	4788      	blx	r1
   810d6:	bdf8      	pop	{r3, r4, r5, r6, r7, pc}
   810d8:	6819      	ldr	r1, [r3, #0]
   810da:	0708      	lsls	r0, r1, #28
   810dc:	d510      	bpl.n	81100 <UOTGHS_Handler+0x1fc>
   810de:	4a19      	ldr	r2, [pc, #100]	; (81144 <UOTGHS_Handler+0x240>)
   810e0:	2108      	movs	r1, #8
   810e2:	6011      	str	r1, [r2, #0]
   810e4:	681b      	ldr	r3, [r3, #0]
   810e6:	07d9      	lsls	r1, r3, #31
   810e8:	f100 814b 	bmi.w	81382 <UOTGHS_Handler+0x47e>
   810ec:	4811      	ldr	r0, [pc, #68]	; (81134 <UOTGHS_Handler+0x230>)
   810ee:	7801      	ldrb	r1, [r0, #0]
   810f0:	2903      	cmp	r1, #3
   810f2:	f040 8146 	bne.w	81382 <UOTGHS_Handler+0x47e>
   810f6:	4b1b      	ldr	r3, [pc, #108]	; (81164 <UOTGHS_Handler+0x260>)
   810f8:	f44f 2200 	mov.w	r2, #524288	; 0x80000
   810fc:	601a      	str	r2, [r3, #0]
   810fe:	bdf8      	pop	{r3, r4, r5, r6, r7, pc}
   81100:	681a      	ldr	r2, [r3, #0]
   81102:	06d2      	lsls	r2, r2, #27
   81104:	d566      	bpl.n	811d4 <UOTGHS_Handler+0x2d0>
   81106:	490f      	ldr	r1, [pc, #60]	; (81144 <UOTGHS_Handler+0x240>)
   81108:	2010      	movs	r0, #16
   8110a:	6008      	str	r0, [r1, #0]
   8110c:	681b      	ldr	r3, [r3, #0]
   8110e:	079b      	lsls	r3, r3, #30
   81110:	f100 8137 	bmi.w	81382 <UOTGHS_Handler+0x47e>
   81114:	4a07      	ldr	r2, [pc, #28]	; (81134 <UOTGHS_Handler+0x230>)
   81116:	7810      	ldrb	r0, [r2, #0]
   81118:	2801      	cmp	r0, #1
   8111a:	d0bc      	beq.n	81096 <UOTGHS_Handler+0x192>
   8111c:	2804      	cmp	r0, #4
   8111e:	e7e8      	b.n	810f2 <UOTGHS_Handler+0x1ee>
   81120:	00081c95 	.word	0x00081c95
   81124:	400ac000 	.word	0x400ac000
   81128:	200700e0 	.word	0x200700e0
   8112c:	00080731 	.word	0x00080731
   81130:	400ac220 	.word	0x400ac220
   81134:	200706c4 	.word	0x200706c4
   81138:	00080b0d 	.word	0x00080b0d
   8113c:	00080b71 	.word	0x00080b71
   81140:	00080af5 	.word	0x00080af5
   81144:	400ac160 	.word	0x400ac160
   81148:	2017ffff 	.word	0x2017ffff
   8114c:	20070740 	.word	0x20070740
   81150:	20180007 	.word	0x20180007
   81154:	00080765 	.word	0x00080765
   81158:	200706c0 	.word	0x200706c0
   8115c:	200706c6 	.word	0x200706c6
   81160:	00080ad9 	.word	0x00080ad9
   81164:	400ac1f0 	.word	0x400ac1f0
   81168:	400ac1c0 	.word	0x400ac1c0
   8116c:	00080be9 	.word	0x00080be9
   81170:	400ac130 	.word	0x400ac130
   81174:	20180000 	.word	0x20180000
   81178:	dfe7ffff 	.word	0xdfe7ffff
   8117c:	00080bb1 	.word	0x00080bb1
   81180:	00080b1d 	.word	0x00080b1d
   81184:	6919      	ldr	r1, [r3, #16]
   81186:	07c9      	lsls	r1, r1, #31
   81188:	f100 808d 	bmi.w	812a6 <UOTGHS_Handler+0x3a2>
   8118c:	4b7d      	ldr	r3, [pc, #500]	; (81384 <UOTGHS_Handler+0x480>)
   8118e:	6918      	ldr	r0, [r3, #16]
   81190:	461a      	mov	r2, r3
   81192:	f010 0f10 	tst.w	r0, #16
   81196:	f040 80db 	bne.w	81350 <UOTGHS_Handler+0x44c>
   8119a:	f8d2 0804 	ldr.w	r0, [r2, #2052]	; 0x804
   8119e:	4b79      	ldr	r3, [pc, #484]	; (81384 <UOTGHS_Handler+0x480>)
   811a0:	0782      	lsls	r2, r0, #30
   811a2:	f140 80ee 	bpl.w	81382 <UOTGHS_Handler+0x47e>
   811a6:	f8d3 2800 	ldr.w	r2, [r3, #2048]	; 0x800
   811aa:	2002      	movs	r0, #2
   811ac:	f422 4180 	bic.w	r1, r2, #16384	; 0x4000
   811b0:	f8c3 1800 	str.w	r1, [r3, #2048]	; 0x800
   811b4:	f8c3 0808 	str.w	r0, [r3, #2056]	; 0x808
   811b8:	f8d3 2800 	ldr.w	r2, [r3, #2048]	; 0x800
   811bc:	f442 4180 	orr.w	r1, r2, #16384	; 0x4000
   811c0:	f8c3 1800 	str.w	r1, [r3, #2048]	; 0x800
   811c4:	f8d3 3804 	ldr.w	r3, [r3, #2052]	; 0x804
   811c8:	0518      	lsls	r0, r3, #20
   811ca:	bf4c      	ite	mi
   811cc:	486e      	ldrmi	r0, [pc, #440]	; (81388 <UOTGHS_Handler+0x484>)
   811ce:	486f      	ldrpl	r0, [pc, #444]	; (8138c <UOTGHS_Handler+0x488>)
   811d0:	4780      	blx	r0
   811d2:	bdf8      	pop	{r3, r4, r5, r6, r7, pc}
   811d4:	4c6e      	ldr	r4, [pc, #440]	; (81390 <UOTGHS_Handler+0x48c>)
   811d6:	2101      	movs	r1, #1
   811d8:	4e6e      	ldr	r6, [pc, #440]	; (81394 <UOTGHS_Handler+0x490>)
   811da:	1e4d      	subs	r5, r1, #1
   811dc:	2718      	movs	r7, #24
   811de:	fb07 6005 	mla	r0, r7, r5, r6
   811e2:	f04f 7700 	mov.w	r7, #33554432	; 0x2000000
   811e6:	fa07 f505 	lsl.w	r5, r7, r5
   811ea:	4b66      	ldr	r3, [pc, #408]	; (81384 <UOTGHS_Handler+0x480>)
   811ec:	b2ca      	uxtb	r2, r1
   811ee:	691e      	ldr	r6, [r3, #16]
   811f0:	4235      	tst	r5, r6
   811f2:	d015      	beq.n	81220 <UOTGHS_Handler+0x31c>
   811f4:	685e      	ldr	r6, [r3, #4]
   811f6:	4235      	tst	r5, r6
   811f8:	d012      	beq.n	81220 <UOTGHS_Handler+0x31c>
   811fa:	4967      	ldr	r1, [pc, #412]	; (81398 <UOTGHS_Handler+0x494>)
   811fc:	0114      	lsls	r4, r2, #4
   811fe:	1861      	adds	r1, r4, r1
   81200:	68cc      	ldr	r4, [r1, #12]
   81202:	f014 0f01 	tst.w	r4, #1
   81206:	f040 80bc 	bne.w	81382 <UOTGHS_Handler+0x47e>
   8120a:	615d      	str	r5, [r3, #20]
   8120c:	68cb      	ldr	r3, [r1, #12]
   8120e:	0c1b      	lsrs	r3, r3, #16
   81210:	d003      	beq.n	8121a <UOTGHS_Handler+0x316>
   81212:	68c1      	ldr	r1, [r0, #12]
   81214:	1acb      	subs	r3, r1, r3
   81216:	60c3      	str	r3, [r0, #12]
   81218:	6083      	str	r3, [r0, #8]
   8121a:	4610      	mov	r0, r2
   8121c:	4b5f      	ldr	r3, [pc, #380]	; (8139c <UOTGHS_Handler+0x498>)
   8121e:	e057      	b.n	812d0 <UOTGHS_Handler+0x3cc>
   81220:	f44f 5680 	mov.w	r6, #4096	; 0x1000
   81224:	fa06 f601 	lsl.w	r6, r6, r1
   81228:	691b      	ldr	r3, [r3, #16]
   8122a:	421e      	tst	r6, r3
   8122c:	d036      	beq.n	8129c <UOTGHS_Handler+0x398>
   8122e:	f8d4 7090 	ldr.w	r7, [r4, #144]	; 0x90
   81232:	008b      	lsls	r3, r1, #2
   81234:	f017 0f01 	tst.w	r7, #1
   81238:	f104 0590 	add.w	r5, r4, #144	; 0x90
   8123c:	d00f      	beq.n	8125e <UOTGHS_Handler+0x35a>
   8123e:	6827      	ldr	r7, [r4, #0]
   81240:	f017 0f01 	tst.w	r7, #1
   81244:	d00b      	beq.n	8125e <UOTGHS_Handler+0x35a>
   81246:	4956      	ldr	r1, [pc, #344]	; (813a0 <UOTGHS_Handler+0x49c>)
   81248:	4d56      	ldr	r5, [pc, #344]	; (813a4 <UOTGHS_Handler+0x4a0>)
   8124a:	2401      	movs	r4, #1
   8124c:	505c      	str	r4, [r3, r1]
   8124e:	515c      	str	r4, [r3, r5]
   81250:	f44f 4480 	mov.w	r4, #16384	; 0x4000
   81254:	505c      	str	r4, [r3, r1]
   81256:	2100      	movs	r1, #0
   81258:	4b53      	ldr	r3, [pc, #332]	; (813a8 <UOTGHS_Handler+0x4a4>)
   8125a:	4798      	blx	r3
   8125c:	bdf8      	pop	{r3, r4, r5, r6, r7, pc}
   8125e:	682a      	ldr	r2, [r5, #0]
   81260:	04d2      	lsls	r2, r2, #19
   81262:	d51b      	bpl.n	8129c <UOTGHS_Handler+0x398>
   81264:	6825      	ldr	r5, [r4, #0]
   81266:	f3c5 3501 	ubfx	r5, r5, #12, #2
   8126a:	b9bd      	cbnz	r5, 8129c <UOTGHS_Handler+0x398>
   8126c:	4a4c      	ldr	r2, [pc, #304]	; (813a0 <UOTGHS_Handler+0x49c>)
   8126e:	f44f 5180 	mov.w	r1, #4096	; 0x1000
   81272:	5099      	str	r1, [r3, r2]
   81274:	f5a2 7108 	sub.w	r1, r2, #544	; 0x220
   81278:	614e      	str	r6, [r1, #20]
   8127a:	7d02      	ldrb	r2, [r0, #20]
   8127c:	f365 0282 	bfi	r2, r5, #2, #1
   81280:	7502      	strb	r2, [r0, #20]
   81282:	484a      	ldr	r0, [pc, #296]	; (813ac <UOTGHS_Handler+0x4a8>)
   81284:	5819      	ldr	r1, [r3, r0]
   81286:	f421 7200 	bic.w	r2, r1, #512	; 0x200
   8128a:	501a      	str	r2, [r3, r0]
   8128c:	f44f 2100 	mov.w	r1, #524288	; 0x80000
   81290:	30f0      	adds	r0, #240	; 0xf0
   81292:	f44f 2280 	mov.w	r2, #262144	; 0x40000
   81296:	5019      	str	r1, [r3, r0]
   81298:	501a      	str	r2, [r3, r0]
   8129a:	bdf8      	pop	{r3, r4, r5, r6, r7, pc}
   8129c:	3101      	adds	r1, #1
   8129e:	3404      	adds	r4, #4
   812a0:	2904      	cmp	r1, #4
   812a2:	d199      	bne.n	811d8 <UOTGHS_Handler+0x2d4>
   812a4:	e016      	b.n	812d4 <UOTGHS_Handler+0x3d0>
   812a6:	685a      	ldr	r2, [r3, #4]
   812a8:	07d2      	lsls	r2, r2, #31
   812aa:	f57f af6f 	bpl.w	8118c <UOTGHS_Handler+0x288>
   812ae:	f8d3 2800 	ldr.w	r2, [r3, #2048]	; 0x800
   812b2:	f422 4180 	bic.w	r1, r2, #16384	; 0x4000
   812b6:	f8c3 1800 	str.w	r1, [r3, #2048]	; 0x800
   812ba:	2201      	movs	r2, #1
   812bc:	2110      	movs	r1, #16
   812be:	615a      	str	r2, [r3, #20]
   812c0:	6199      	str	r1, [r3, #24]
   812c2:	f8d3 2800 	ldr.w	r2, [r3, #2048]	; 0x800
   812c6:	f442 4180 	orr.w	r1, r2, #16384	; 0x4000
   812ca:	f8c3 1800 	str.w	r1, [r3, #2048]	; 0x800
   812ce:	4b38      	ldr	r3, [pc, #224]	; (813b0 <UOTGHS_Handler+0x4ac>)
   812d0:	4798      	blx	r3
   812d2:	bdf8      	pop	{r3, r4, r5, r6, r7, pc}
   812d4:	4b2b      	ldr	r3, [pc, #172]	; (81384 <UOTGHS_Handler+0x480>)
   812d6:	6858      	ldr	r0, [r3, #4]
   812d8:	f010 0008 	ands.w	r0, r0, #8
   812dc:	f43f af52 	beq.w	81184 <UOTGHS_Handler+0x280>
   812e0:	2408      	movs	r4, #8
   812e2:	609c      	str	r4, [r3, #8]
   812e4:	2100      	movs	r1, #0
   812e6:	4a2b      	ldr	r2, [pc, #172]	; (81394 <UOTGHS_Handler+0x490>)
   812e8:	1c4c      	adds	r4, r1, #1
   812ea:	2018      	movs	r0, #24
   812ec:	fb00 2001 	mla	r0, r0, r1, r2
   812f0:	4b2d      	ldr	r3, [pc, #180]	; (813a8 <UOTGHS_Handler+0x4a4>)
   812f2:	2101      	movs	r1, #1
   812f4:	b2e2      	uxtb	r2, r4
   812f6:	4798      	blx	r3
   812f8:	2c03      	cmp	r4, #3
   812fa:	4621      	mov	r1, r4
   812fc:	d1f3      	bne.n	812e6 <UOTGHS_Handler+0x3e2>
   812fe:	4c2d      	ldr	r4, [pc, #180]	; (813b4 <UOTGHS_Handler+0x4b0>)
   81300:	47a0      	blx	r4
   81302:	4c20      	ldr	r4, [pc, #128]	; (81384 <UOTGHS_Handler+0x480>)
   81304:	6820      	ldr	r0, [r4, #0]
   81306:	f020 027f 	bic.w	r2, r0, #127	; 0x7f
   8130a:	6022      	str	r2, [r4, #0]
   8130c:	6823      	ldr	r3, [r4, #0]
   8130e:	4827      	ldr	r0, [pc, #156]	; (813ac <UOTGHS_Handler+0x4a8>)
   81310:	f043 0180 	orr.w	r1, r3, #128	; 0x80
   81314:	6021      	str	r1, [r4, #0]
   81316:	6802      	ldr	r2, [r0, #0]
   81318:	f422 53cb 	bic.w	r3, r2, #6496	; 0x1960
   8131c:	f023 011c 	bic.w	r1, r3, #28
   81320:	f041 0230 	orr.w	r2, r1, #48	; 0x30
   81324:	6002      	str	r2, [r0, #0]
   81326:	6803      	ldr	r3, [r0, #0]
   81328:	f043 0102 	orr.w	r1, r3, #2
   8132c:	6001      	str	r1, [r0, #0]
   8132e:	69e0      	ldr	r0, [r4, #28]
   81330:	4b21      	ldr	r3, [pc, #132]	; (813b8 <UOTGHS_Handler+0x4b4>)
   81332:	f040 0201 	orr.w	r2, r0, #1
   81336:	61e2      	str	r2, [r4, #28]
   81338:	4798      	blx	r3
   8133a:	4920      	ldr	r1, [pc, #128]	; (813bc <UOTGHS_Handler+0x4b8>)
   8133c:	2204      	movs	r2, #4
   8133e:	2302      	movs	r3, #2
   81340:	600a      	str	r2, [r1, #0]
   81342:	600b      	str	r3, [r1, #0]
   81344:	f44f 5180 	mov.w	r1, #4096	; 0x1000
   81348:	61a1      	str	r1, [r4, #24]
   8134a:	4a1d      	ldr	r2, [pc, #116]	; (813c0 <UOTGHS_Handler+0x4bc>)
   8134c:	4790      	blx	r2
   8134e:	e66c      	b.n	8102a <UOTGHS_Handler+0x126>
   81350:	6859      	ldr	r1, [r3, #4]
   81352:	06c8      	lsls	r0, r1, #27
   81354:	f57f af21 	bpl.w	8119a <UOTGHS_Handler+0x296>
   81358:	f8d3 2800 	ldr.w	r2, [r3, #2048]	; 0x800
   8135c:	f422 4180 	bic.w	r1, r2, #16384	; 0x4000
   81360:	f8c3 1800 	str.w	r1, [r3, #2048]	; 0x800
   81364:	4b07      	ldr	r3, [pc, #28]	; (81384 <UOTGHS_Handler+0x480>)
   81366:	f8d3 0804 	ldr.w	r0, [r3, #2052]	; 0x804
   8136a:	461a      	mov	r2, r3
   8136c:	f410 4f80 	tst.w	r0, #16384	; 0x4000
   81370:	d102      	bne.n	81378 <UOTGHS_Handler+0x474>
   81372:	6859      	ldr	r1, [r3, #4]
   81374:	07c9      	lsls	r1, r1, #31
   81376:	d5f5      	bpl.n	81364 <UOTGHS_Handler+0x460>
   81378:	2310      	movs	r3, #16
   8137a:	2001      	movs	r0, #1
   8137c:	6153      	str	r3, [r2, #20]
   8137e:	6190      	str	r0, [r2, #24]
   81380:	e7a5      	b.n	812ce <UOTGHS_Handler+0x3ca>
   81382:	bdf8      	pop	{r3, r4, r5, r6, r7, pc}
   81384:	400ac000 	.word	0x400ac000
   81388:	00080e61 	.word	0x00080e61
   8138c:	00080ed1 	.word	0x00080ed1
   81390:	400ac134 	.word	0x400ac134
   81394:	20070678 	.word	0x20070678
   81398:	400ac300 	.word	0x400ac300
   8139c:	00080d21 	.word	0x00080d21
   813a0:	400ac220 	.word	0x400ac220
   813a4:	400ac160 	.word	0x400ac160
   813a8:	00080cf1 	.word	0x00080cf1
   813ac:	400ac100 	.word	0x400ac100
   813b0:	00080b31 	.word	0x00080b31
   813b4:	000806f1 	.word	0x000806f1
   813b8:	00080ad9 	.word	0x00080ad9
   813bc:	400ac1f0 	.word	0x400ac1f0
   813c0:	00080b1d 	.word	0x00080b1d

000813c4 <udd_is_high_speed>:
   813c4:	2000      	movs	r0, #0
   813c6:	4770      	bx	lr

000813c8 <udd_set_address>:
   813c8:	4b08      	ldr	r3, [pc, #32]	; (813ec <udd_set_address+0x24>)
   813ca:	f000 007f 	and.w	r0, r0, #127	; 0x7f
   813ce:	681a      	ldr	r2, [r3, #0]
   813d0:	f022 0180 	bic.w	r1, r2, #128	; 0x80
   813d4:	6019      	str	r1, [r3, #0]
   813d6:	681a      	ldr	r2, [r3, #0]
   813d8:	f022 017f 	bic.w	r1, r2, #127	; 0x7f
   813dc:	ea40 0201 	orr.w	r2, r0, r1
   813e0:	601a      	str	r2, [r3, #0]
   813e2:	6818      	ldr	r0, [r3, #0]
   813e4:	f040 0180 	orr.w	r1, r0, #128	; 0x80
   813e8:	6019      	str	r1, [r3, #0]
   813ea:	4770      	bx	lr
   813ec:	400ac000 	.word	0x400ac000

000813f0 <udd_getaddress>:
   813f0:	4b02      	ldr	r3, [pc, #8]	; (813fc <udd_getaddress+0xc>)
   813f2:	6818      	ldr	r0, [r3, #0]
   813f4:	f000 007f 	and.w	r0, r0, #127	; 0x7f
   813f8:	4770      	bx	lr
   813fa:	bf00      	nop
   813fc:	400ac000 	.word	0x400ac000

00081400 <udd_get_frame_number>:
   81400:	4b02      	ldr	r3, [pc, #8]	; (8140c <udd_get_frame_number+0xc>)
   81402:	6a18      	ldr	r0, [r3, #32]
   81404:	f3c0 00ca 	ubfx	r0, r0, #3, #11
   81408:	4770      	bx	lr
   8140a:	bf00      	nop
   8140c:	400ac000 	.word	0x400ac000

00081410 <udd_get_micro_frame_number>:
   81410:	4b02      	ldr	r3, [pc, #8]	; (8141c <udd_get_micro_frame_number+0xc>)
   81412:	6a18      	ldr	r0, [r3, #32]
   81414:	0481      	lsls	r1, r0, #18
   81416:	0c88      	lsrs	r0, r1, #18
   81418:	4770      	bx	lr
   8141a:	bf00      	nop
   8141c:	400ac000 	.word	0x400ac000

00081420 <udd_set_setup_payload>:
   81420:	4b01      	ldr	r3, [pc, #4]	; (81428 <udd_set_setup_payload+0x8>)
   81422:	6098      	str	r0, [r3, #8]
   81424:	8199      	strh	r1, [r3, #12]
   81426:	4770      	bx	lr
   81428:	20070740 	.word	0x20070740

0008142c <udd_ep_free>:
   8142c:	f000 020f 	and.w	r2, r0, #15
   81430:	2a03      	cmp	r2, #3
   81432:	b510      	push	{r4, lr}
   81434:	d81c      	bhi.n	81470 <udd_ep_free+0x44>
   81436:	2101      	movs	r1, #1
   81438:	fa01 f402 	lsl.w	r4, r1, r2
   8143c:	4b0d      	ldr	r3, [pc, #52]	; (81474 <udd_ep_free+0x48>)
   8143e:	69d8      	ldr	r0, [r3, #28]
   81440:	ea20 0004 	bic.w	r0, r0, r4
   81444:	61d8      	str	r0, [r3, #28]
   81446:	f503 7380 	add.w	r3, r3, #256	; 0x100
   8144a:	f853 0022 	ldr.w	r0, [r3, r2, lsl #2]
   8144e:	f020 0402 	bic.w	r4, r0, #2
   81452:	f843 4022 	str.w	r4, [r3, r2, lsl #2]
   81456:	4b08      	ldr	r3, [pc, #32]	; (81478 <udd_ep_free+0x4c>)
   81458:	1e50      	subs	r0, r2, #1
   8145a:	2418      	movs	r4, #24
   8145c:	fb04 3400 	mla	r4, r4, r0, r3
   81460:	4b06      	ldr	r3, [pc, #24]	; (8147c <udd_ep_free+0x50>)
   81462:	4620      	mov	r0, r4
   81464:	4798      	blx	r3
   81466:	7d21      	ldrb	r1, [r4, #20]
   81468:	f36f 0182 	bfc	r1, #2, #1
   8146c:	7521      	strb	r1, [r4, #20]
   8146e:	3410      	adds	r4, #16
   81470:	bd10      	pop	{r4, pc}
   81472:	bf00      	nop
   81474:	400ac000 	.word	0x400ac000
   81478:	20070678 	.word	0x20070678
   8147c:	00080cf1 	.word	0x00080cf1

00081480 <udd_ep_is_halted>:
   81480:	4b03      	ldr	r3, [pc, #12]	; (81490 <udd_ep_is_halted+0x10>)
   81482:	f000 000f 	and.w	r0, r0, #15
   81486:	f853 1020 	ldr.w	r1, [r3, r0, lsl #2]
   8148a:	f3c1 40c0 	ubfx	r0, r1, #19, #1
   8148e:	4770      	bx	lr
   81490:	400ac1c0 	.word	0x400ac1c0

00081494 <udd_ep_set_halt>:
   81494:	b570      	push	{r4, r5, r6, lr}
   81496:	f000 040f 	and.w	r4, r0, #15
   8149a:	2c03      	cmp	r4, #3
   8149c:	4606      	mov	r6, r0
   8149e:	d83f      	bhi.n	81520 <udd_ep_set_halt+0x8c>
   814a0:	4b21      	ldr	r3, [pc, #132]	; (81528 <udd_ep_set_halt+0x94>)
   814a2:	f853 0024 	ldr.w	r0, [r3, r4, lsl #2]
   814a6:	0301      	lsls	r1, r0, #12
   814a8:	d43c      	bmi.n	81524 <udd_ep_set_halt+0x90>
   814aa:	4920      	ldr	r1, [pc, #128]	; (8152c <udd_ep_set_halt+0x98>)
   814ac:	1e62      	subs	r2, r4, #1
   814ae:	2518      	movs	r5, #24
   814b0:	fb05 1502 	mla	r5, r5, r2, r1
   814b4:	7d2b      	ldrb	r3, [r5, #20]
   814b6:	f003 0004 	and.w	r0, r3, #4
   814ba:	b2c0      	uxtb	r0, r0
   814bc:	2800      	cmp	r0, #0
   814be:	d131      	bne.n	81524 <udd_ep_set_halt+0x90>
   814c0:	07da      	lsls	r2, r3, #31
   814c2:	d430      	bmi.n	81526 <udd_ep_set_halt+0x92>
   814c4:	4a1a      	ldr	r2, [pc, #104]	; (81530 <udd_ep_set_halt+0x9c>)
   814c6:	4790      	blx	r2
   814c8:	0633      	lsls	r3, r6, #24
   814ca:	4602      	mov	r2, r0
   814cc:	d514      	bpl.n	814f8 <udd_ep_set_halt+0x64>
   814ce:	4919      	ldr	r1, [pc, #100]	; (81534 <udd_ep_set_halt+0xa0>)
   814d0:	f851 3024 	ldr.w	r3, [r1, r4, lsl #2]
   814d4:	f413 5f40 	tst.w	r3, #12288	; 0x3000
   814d8:	d00e      	beq.n	814f8 <udd_ep_set_halt+0x64>
   814da:	7d2a      	ldrb	r2, [r5, #20]
   814dc:	f44f 5380 	mov.w	r3, #4096	; 0x1000
   814e0:	f042 0104 	orr.w	r1, r2, #4
   814e4:	4a14      	ldr	r2, [pc, #80]	; (81538 <udd_ep_set_halt+0xa4>)
   814e6:	7529      	strb	r1, [r5, #20]
   814e8:	f842 3024 	str.w	r3, [r2, r4, lsl #2]
   814ec:	fa03 f404 	lsl.w	r4, r3, r4
   814f0:	f5a2 71f8 	sub.w	r1, r2, #496	; 0x1f0
   814f4:	618c      	str	r4, [r1, #24]
   814f6:	e010      	b.n	8151a <udd_ep_set_halt+0x86>
   814f8:	4810      	ldr	r0, [pc, #64]	; (8153c <udd_ep_set_halt+0xa8>)
   814fa:	f850 1024 	ldr.w	r1, [r0, r4, lsl #2]
   814fe:	f421 7300 	bic.w	r3, r1, #512	; 0x200
   81502:	f840 3024 	str.w	r3, [r0, r4, lsl #2]
   81506:	2140      	movs	r1, #64	; 0x40
   81508:	3060      	adds	r0, #96	; 0x60
   8150a:	f840 1024 	str.w	r1, [r0, r4, lsl #2]
   8150e:	f44f 2300 	mov.w	r3, #524288	; 0x80000
   81512:	3090      	adds	r0, #144	; 0x90
   81514:	f840 3024 	str.w	r3, [r0, r4, lsl #2]
   81518:	4610      	mov	r0, r2
   8151a:	4b09      	ldr	r3, [pc, #36]	; (81540 <udd_ep_set_halt+0xac>)
   8151c:	4798      	blx	r3
   8151e:	e001      	b.n	81524 <udd_ep_set_halt+0x90>
   81520:	2000      	movs	r0, #0
   81522:	bd70      	pop	{r4, r5, r6, pc}
   81524:	2001      	movs	r0, #1
   81526:	bd70      	pop	{r4, r5, r6, pc}
   81528:	400ac1c0 	.word	0x400ac1c0
   8152c:	20070678 	.word	0x20070678
   81530:	00080ad9 	.word	0x00080ad9
   81534:	400ac130 	.word	0x400ac130
   81538:	400ac1f0 	.word	0x400ac1f0
   8153c:	400ac100 	.word	0x400ac100
   81540:	00080b1d 	.word	0x00080b1d

00081544 <udd_ep_clear_halt>:
   81544:	f000 000f 	and.w	r0, r0, #15
   81548:	2803      	cmp	r0, #3
   8154a:	b538      	push	{r3, r4, r5, lr}
   8154c:	d845      	bhi.n	815da <udd_ep_clear_halt+0x96>
   8154e:	1e43      	subs	r3, r0, #1
   81550:	2218      	movs	r2, #24
   81552:	435a      	muls	r2, r3
   81554:	4922      	ldr	r1, [pc, #136]	; (815e0 <udd_ep_clear_halt+0x9c>)
   81556:	188b      	adds	r3, r1, r2
   81558:	7d1d      	ldrb	r5, [r3, #20]
   8155a:	f005 0404 	and.w	r4, r5, #4
   8155e:	b2e4      	uxtb	r4, r4
   81560:	b16c      	cbz	r4, 8157e <udd_ep_clear_halt+0x3a>
   81562:	f36f 0582 	bfc	r5, #2, #1
   81566:	751d      	strb	r5, [r3, #20]
   81568:	4d1e      	ldr	r5, [pc, #120]	; (815e4 <udd_ep_clear_halt+0xa0>)
   8156a:	f44f 5480 	mov.w	r4, #4096	; 0x1000
   8156e:	f845 4020 	str.w	r4, [r5, r0, lsl #2]
   81572:	fa04 f400 	lsl.w	r4, r4, r0
   81576:	f5a5 7508 	sub.w	r5, r5, #544	; 0x220
   8157a:	616c      	str	r4, [r5, #20]
   8157c:	2401      	movs	r4, #1
   8157e:	4d1a      	ldr	r5, [pc, #104]	; (815e8 <udd_ep_clear_halt+0xa4>)
   81580:	f855 5020 	ldr.w	r5, [r5, r0, lsl #2]
   81584:	f415 2f00 	tst.w	r5, #524288	; 0x80000
   81588:	d01b      	beq.n	815c2 <udd_ep_clear_halt+0x7e>
   8158a:	4c18      	ldr	r4, [pc, #96]	; (815ec <udd_ep_clear_halt+0xa8>)
   8158c:	f854 5020 	ldr.w	r5, [r4, r0, lsl #2]
   81590:	066c      	lsls	r4, r5, #25
   81592:	d508      	bpl.n	815a6 <udd_ep_clear_halt+0x62>
   81594:	4c16      	ldr	r4, [pc, #88]	; (815f0 <udd_ep_clear_halt+0xac>)
   81596:	2540      	movs	r5, #64	; 0x40
   81598:	f844 5020 	str.w	r5, [r4, r0, lsl #2]
   8159c:	f44f 2580 	mov.w	r5, #262144	; 0x40000
   815a0:	3490      	adds	r4, #144	; 0x90
   815a2:	f844 5020 	str.w	r5, [r4, r0, lsl #2]
   815a6:	4c0f      	ldr	r4, [pc, #60]	; (815e4 <udd_ep_clear_halt+0xa0>)
   815a8:	f44f 2500 	mov.w	r5, #524288	; 0x80000
   815ac:	f844 5020 	str.w	r5, [r4, r0, lsl #2]
   815b0:	f5a4 7490 	sub.w	r4, r4, #288	; 0x120
   815b4:	f854 5020 	ldr.w	r5, [r4, r0, lsl #2]
   815b8:	f445 7500 	orr.w	r5, r5, #512	; 0x200
   815bc:	f844 5020 	str.w	r5, [r4, r0, lsl #2]
   815c0:	e000      	b.n	815c4 <udd_ep_clear_halt+0x80>
   815c2:	b144      	cbz	r4, 815d6 <udd_ep_clear_halt+0x92>
   815c4:	7d18      	ldrb	r0, [r3, #20]
   815c6:	f010 0f01 	tst.w	r0, #1
   815ca:	d004      	beq.n	815d6 <udd_ep_clear_halt+0x92>
   815cc:	f36f 0000 	bfc	r0, #0, #1
   815d0:	7518      	strb	r0, [r3, #20]
   815d2:	5889      	ldr	r1, [r1, r2]
   815d4:	4788      	blx	r1
   815d6:	2001      	movs	r0, #1
   815d8:	bd38      	pop	{r3, r4, r5, pc}
   815da:	2000      	movs	r0, #0
   815dc:	bd38      	pop	{r3, r4, r5, pc}
   815de:	bf00      	nop
   815e0:	20070678 	.word	0x20070678
   815e4:	400ac220 	.word	0x400ac220
   815e8:	400ac1c0 	.word	0x400ac1c0
   815ec:	400ac130 	.word	0x400ac130
   815f0:	400ac160 	.word	0x400ac160

000815f4 <udd_ep_run>:
   815f4:	e92d 4ff7 	stmdb	sp!, {r0, r1, r2, r4, r5, r6, r7, r8, r9, sl, fp, lr}
   815f8:	f000 0a0f 	and.w	sl, r0, #15
   815fc:	f1ba 0f03 	cmp.w	sl, #3
   81600:	9101      	str	r1, [sp, #4]
   81602:	4693      	mov	fp, r2
   81604:	461e      	mov	r6, r3
   81606:	d843      	bhi.n	81690 <udd_ep_run+0x9c>
   81608:	2501      	movs	r5, #1
   8160a:	fa05 f00a 	lsl.w	r0, r5, sl
   8160e:	4a22      	ldr	r2, [pc, #136]	; (81698 <udd_ep_run+0xa4>)
   81610:	69d1      	ldr	r1, [r2, #28]
   81612:	4008      	ands	r0, r1
   81614:	d03d      	beq.n	81692 <udd_ep_run+0x9e>
   81616:	4b21      	ldr	r3, [pc, #132]	; (8169c <udd_ep_run+0xa8>)
   81618:	f853 202a 	ldr.w	r2, [r3, sl, lsl #2]
   8161c:	f412 2000 	ands.w	r0, r2, #524288	; 0x80000
   81620:	d136      	bne.n	81690 <udd_ep_run+0x9c>
   81622:	f10a 34ff 	add.w	r4, sl, #4294967295
   81626:	2718      	movs	r7, #24
   81628:	4367      	muls	r7, r4
   8162a:	f8df 8080 	ldr.w	r8, [pc, #128]	; 816ac <udd_ep_run+0xb8>
   8162e:	eb08 0407 	add.w	r4, r8, r7
   81632:	f894 9014 	ldrb.w	r9, [r4, #20]
   81636:	f009 0104 	and.w	r1, r9, #4
   8163a:	fa5f f981 	uxtb.w	r9, r1
   8163e:	f1b9 0f00 	cmp.w	r9, #0
   81642:	d126      	bne.n	81692 <udd_ep_run+0x9e>
   81644:	4816      	ldr	r0, [pc, #88]	; (816a0 <udd_ep_run+0xac>)
   81646:	4780      	blx	r0
   81648:	7d22      	ldrb	r2, [r4, #20]
   8164a:	4b16      	ldr	r3, [pc, #88]	; (816a4 <udd_ep_run+0xb0>)
   8164c:	ea12 0105 	ands.w	r1, r2, r5
   81650:	d001      	beq.n	81656 <udd_ep_run+0x62>
   81652:	4798      	blx	r3
   81654:	e01c      	b.n	81690 <udd_ep_run+0x9c>
   81656:	f042 0201 	orr.w	r2, r2, #1
   8165a:	7522      	strb	r2, [r4, #20]
   8165c:	9100      	str	r1, [sp, #0]
   8165e:	4798      	blx	r3
   81660:	f8c4 b004 	str.w	fp, [r4, #4]
   81664:	60a6      	str	r6, [r4, #8]
   81666:	9800      	ldr	r0, [sp, #0]
   81668:	990c      	ldr	r1, [sp, #48]	; 0x30
   8166a:	9b01      	ldr	r3, [sp, #4]
   8166c:	60e0      	str	r0, [r4, #12]
   8166e:	6120      	str	r0, [r4, #16]
   81670:	f848 1007 	str.w	r1, [r8, r7]
   81674:	b91b      	cbnz	r3, 8167e <udd_ep_run+0x8a>
   81676:	f1d6 0501 	rsbs	r5, r6, #1
   8167a:	bf38      	it	cc
   8167c:	2500      	movcc	r5, #0
   8167e:	7d22      	ldrb	r2, [r4, #20]
   81680:	4650      	mov	r0, sl
   81682:	f365 0241 	bfi	r2, r5, #1, #1
   81686:	7522      	strb	r2, [r4, #20]
   81688:	4907      	ldr	r1, [pc, #28]	; (816a8 <udd_ep_run+0xb4>)
   8168a:	4788      	blx	r1
   8168c:	2001      	movs	r0, #1
   8168e:	e000      	b.n	81692 <udd_ep_run+0x9e>
   81690:	2000      	movs	r0, #0
   81692:	e8bd 8ffe 	ldmia.w	sp!, {r1, r2, r3, r4, r5, r6, r7, r8, r9, sl, fp, pc}
   81696:	bf00      	nop
   81698:	400ac000 	.word	0x400ac000
   8169c:	400ac1c0 	.word	0x400ac1c0
   816a0:	00080ad9 	.word	0x00080ad9
   816a4:	00080b1d 	.word	0x00080b1d
   816a8:	00080d21 	.word	0x00080d21
   816ac:	20070678 	.word	0x20070678

000816b0 <udd_ep_alloc>:
   816b0:	e92d 43f7 	stmdb	sp!, {r0, r1, r2, r4, r5, r6, r7, r8, r9, lr}
   816b4:	f000 040f 	and.w	r4, r0, #15
   816b8:	2c03      	cmp	r4, #3
   816ba:	f200 80bb 	bhi.w	81834 <udd_ep_alloc+0x184>
   816be:	4b5f      	ldr	r3, [pc, #380]	; (8183c <udd_ep_alloc+0x18c>)
   816c0:	69dd      	ldr	r5, [r3, #28]
   816c2:	2301      	movs	r3, #1
   816c4:	fa03 f604 	lsl.w	r6, r3, r4
   816c8:	402e      	ands	r6, r5
   816ca:	f040 80b3 	bne.w	81834 <udd_ep_alloc+0x184>
   816ce:	f011 0503 	ands.w	r5, r1, #3
   816d2:	f000 80af 	beq.w	81834 <udd_ep_alloc+0x184>
   816d6:	2d02      	cmp	r5, #2
   816d8:	d903      	bls.n	816e2 <udd_ep_alloc+0x32>
   816da:	2d03      	cmp	r5, #3
   816dc:	f040 80aa 	bne.w	81834 <udd_ep_alloc+0x184>
   816e0:	e000      	b.n	816e4 <udd_ep_alloc+0x34>
   816e2:	461e      	mov	r6, r3
   816e4:	4d56      	ldr	r5, [pc, #344]	; (81840 <udd_ep_alloc+0x190>)
   816e6:	02c9      	lsls	r1, r1, #11
   816e8:	f855 7024 	ldr.w	r7, [r5, r4, lsl #2]
   816ec:	f000 0080 	and.w	r0, r0, #128	; 0x80
   816f0:	f427 53cb 	bic.w	r3, r7, #6496	; 0x1960
   816f4:	f023 071c 	bic.w	r7, r3, #28
   816f8:	f401 53c0 	and.w	r3, r1, #6144	; 0x1800
   816fc:	b2c1      	uxtb	r1, r0
   816fe:	2900      	cmp	r1, #0
   81700:	bf14      	ite	ne
   81702:	f44f 7080 	movne.w	r0, #256	; 0x100
   81706:	2000      	moveq	r0, #0
   81708:	f5a2 6180 	sub.w	r1, r2, #1024	; 0x400
   8170c:	b289      	uxth	r1, r1
   8170e:	f5b1 4f7c 	cmp.w	r1, #64512	; 0xfc00
   81712:	d304      	bcc.n	8171e <udd_ep_alloc+0x6e>
   81714:	2a08      	cmp	r2, #8
   81716:	d905      	bls.n	81724 <udd_ep_alloc+0x74>
   81718:	0051      	lsls	r1, r2, #1
   8171a:	1e4a      	subs	r2, r1, #1
   8171c:	e003      	b.n	81726 <udd_ep_alloc+0x76>
   8171e:	f240 72ff 	movw	r2, #2047	; 0x7ff
   81722:	e000      	b.n	81726 <udd_ep_alloc+0x76>
   81724:	220f      	movs	r2, #15
   81726:	00b6      	lsls	r6, r6, #2
   81728:	f006 010c 	and.w	r1, r6, #12
   8172c:	2601      	movs	r6, #1
   8172e:	fa06 f604 	lsl.w	r6, r6, r4
   81732:	fab2 f282 	clz	r2, r2
   81736:	4319      	orrs	r1, r3
   81738:	4301      	orrs	r1, r0
   8173a:	f1c2 031c 	rsb	r3, r2, #28
   8173e:	ea41 1003 	orr.w	r0, r1, r3, lsl #4
   81742:	f641 127c 	movw	r2, #6524	; 0x197c
   81746:	4002      	ands	r2, r0
   81748:	433a      	orrs	r2, r7
   8174a:	f845 2024 	str.w	r2, [r5, r4, lsl #2]
   8174e:	b2b6      	uxth	r6, r6
   81750:	2303      	movs	r3, #3
   81752:	b2d9      	uxtb	r1, r3
   81754:	42a1      	cmp	r1, r4
   81756:	d915      	bls.n	81784 <udd_ep_alloc+0xd4>
   81758:	2101      	movs	r1, #1
   8175a:	fa01 f103 	lsl.w	r1, r1, r3
   8175e:	4a37      	ldr	r2, [pc, #220]	; (8183c <udd_ep_alloc+0x18c>)
   81760:	69d0      	ldr	r0, [r2, #28]
   81762:	4201      	tst	r1, r0
   81764:	d00c      	beq.n	81780 <udd_ep_alloc+0xd0>
   81766:	69d0      	ldr	r0, [r2, #28]
   81768:	430e      	orrs	r6, r1
   8176a:	ea20 0101 	bic.w	r1, r0, r1
   8176e:	61d1      	str	r1, [r2, #28]
   81770:	4a34      	ldr	r2, [pc, #208]	; (81844 <udd_ep_alloc+0x194>)
   81772:	b2b6      	uxth	r6, r6
   81774:	1898      	adds	r0, r3, r2
   81776:	0082      	lsls	r2, r0, #2
   81778:	6811      	ldr	r1, [r2, #0]
   8177a:	f021 0002 	bic.w	r0, r1, #2
   8177e:	6010      	str	r0, [r2, #0]
   81780:	3b01      	subs	r3, #1
   81782:	e7e6      	b.n	81752 <udd_ep_alloc+0xa2>
   81784:	fa46 f304 	asr.w	r3, r6, r4
   81788:	07db      	lsls	r3, r3, #31
   8178a:	d405      	bmi.n	81798 <udd_ep_alloc+0xe8>
   8178c:	3401      	adds	r4, #1
   8178e:	b2e4      	uxtb	r4, r4
   81790:	2c04      	cmp	r4, #4
   81792:	d1f7      	bne.n	81784 <udd_ep_alloc+0xd4>
   81794:	2001      	movs	r0, #1
   81796:	e04e      	b.n	81836 <udd_ep_alloc+0x186>
   81798:	f04f 0801 	mov.w	r8, #1
   8179c:	fa08 f804 	lsl.w	r8, r8, r4
   817a0:	1e65      	subs	r5, r4, #1
   817a2:	2718      	movs	r7, #24
   817a4:	436f      	muls	r7, r5
   817a6:	4928      	ldr	r1, [pc, #160]	; (81848 <udd_ep_alloc+0x198>)
   817a8:	4a25      	ldr	r2, [pc, #148]	; (81840 <udd_ep_alloc+0x190>)
   817aa:	19cd      	adds	r5, r1, r7
   817ac:	7d28      	ldrb	r0, [r5, #20]
   817ae:	f000 0c01 	and.w	ip, r0, #1
   817b2:	f36f 0000 	bfc	r0, #0, #1
   817b6:	7528      	strb	r0, [r5, #20]
   817b8:	00a0      	lsls	r0, r4, #2
   817ba:	1882      	adds	r2, r0, r2
   817bc:	6813      	ldr	r3, [r2, #0]
   817be:	f043 0302 	orr.w	r3, r3, #2
   817c2:	6013      	str	r3, [r2, #0]
   817c4:	4b1d      	ldr	r3, [pc, #116]	; (8183c <udd_ep_alloc+0x18c>)
   817c6:	f8d3 901c 	ldr.w	r9, [r3, #28]
   817ca:	ea48 0809 	orr.w	r8, r8, r9
   817ce:	f8c3 801c 	str.w	r8, [r3, #28]
   817d2:	f503 7398 	add.w	r3, r3, #304	; 0x130
   817d6:	18c0      	adds	r0, r0, r3
   817d8:	6803      	ldr	r3, [r0, #0]
   817da:	0358      	lsls	r0, r3, #13
   817dc:	d40b      	bmi.n	817f6 <udd_ep_alloc+0x146>
   817de:	682b      	ldr	r3, [r5, #0]
   817e0:	b343      	cbz	r3, 81834 <udd_ep_alloc+0x184>
   817e2:	6810      	ldr	r0, [r2, #0]
   817e4:	05c1      	lsls	r1, r0, #23
   817e6:	bf48      	it	mi
   817e8:	f044 0480 	orrmi.w	r4, r4, #128	; 0x80
   817ec:	68e9      	ldr	r1, [r5, #12]
   817ee:	2001      	movs	r0, #1
   817f0:	4622      	mov	r2, r4
   817f2:	4798      	blx	r3
   817f4:	e01e      	b.n	81834 <udd_ep_alloc+0x184>
   817f6:	6810      	ldr	r0, [r2, #0]
   817f8:	f440 7300 	orr.w	r3, r0, #512	; 0x200
   817fc:	6013      	str	r3, [r2, #0]
   817fe:	f1bc 0f00 	cmp.w	ip, #0
   81802:	d0c3      	beq.n	8178c <udd_ep_alloc+0xdc>
   81804:	68e8      	ldr	r0, [r5, #12]
   81806:	692b      	ldr	r3, [r5, #16]
   81808:	f895 e014 	ldrb.w	lr, [r5, #20]
   8180c:	1ac3      	subs	r3, r0, r3
   8180e:	60eb      	str	r3, [r5, #12]
   81810:	6812      	ldr	r2, [r2, #0]
   81812:	59c9      	ldr	r1, [r1, r7]
   81814:	05d2      	lsls	r2, r2, #23
   81816:	686a      	ldr	r2, [r5, #4]
   81818:	68ad      	ldr	r5, [r5, #8]
   8181a:	bf4c      	ite	mi
   8181c:	f044 0080 	orrmi.w	r0, r4, #128	; 0x80
   81820:	4620      	movpl	r0, r4
   81822:	9100      	str	r1, [sp, #0]
   81824:	18d2      	adds	r2, r2, r3
   81826:	f3ce 0140 	ubfx	r1, lr, #1, #1
   8182a:	1aeb      	subs	r3, r5, r3
   8182c:	4d07      	ldr	r5, [pc, #28]	; (8184c <udd_ep_alloc+0x19c>)
   8182e:	47a8      	blx	r5
   81830:	2800      	cmp	r0, #0
   81832:	d1ab      	bne.n	8178c <udd_ep_alloc+0xdc>
   81834:	2000      	movs	r0, #0
   81836:	e8bd 83fe 	ldmia.w	sp!, {r1, r2, r3, r4, r5, r6, r7, r8, r9, pc}
   8183a:	bf00      	nop
   8183c:	400ac000 	.word	0x400ac000
   81840:	400ac100 	.word	0x400ac100
   81844:	1002b040 	.word	0x1002b040
   81848:	20070678 	.word	0x20070678
   8184c:	000815f5 	.word	0x000815f5

00081850 <udd_ep_abort>:
   81850:	f000 020f 	and.w	r2, r0, #15
   81854:	b570      	push	{r4, r5, r6, lr}
   81856:	f04f 7300 	mov.w	r3, #33554432	; 0x2000000
   8185a:	1e56      	subs	r6, r2, #1
   8185c:	fa03 f306 	lsl.w	r3, r3, r6
   81860:	4913      	ldr	r1, [pc, #76]	; (818b0 <udd_ep_abort+0x60>)
   81862:	0114      	lsls	r4, r2, #4
   81864:	614b      	str	r3, [r1, #20]
   81866:	4b13      	ldr	r3, [pc, #76]	; (818b4 <udd_ep_abort+0x64>)
   81868:	18e3      	adds	r3, r4, r3
   8186a:	2400      	movs	r4, #0
   8186c:	609c      	str	r4, [r3, #8]
   8186e:	f44f 5380 	mov.w	r3, #4096	; 0x1000
   81872:	fa03 f302 	lsl.w	r3, r3, r2
   81876:	614b      	str	r3, [r1, #20]
   81878:	0603      	lsls	r3, r0, #24
   8187a:	d407      	bmi.n	8188c <udd_ep_abort+0x3c>
   8187c:	4b0e      	ldr	r3, [pc, #56]	; (818b8 <udd_ep_abort+0x68>)
   8187e:	2118      	movs	r1, #24
   81880:	fb01 3006 	mla	r0, r1, r6, r3
   81884:	2101      	movs	r1, #1
   81886:	4b0d      	ldr	r3, [pc, #52]	; (818bc <udd_ep_abort+0x6c>)
   81888:	4798      	blx	r3
   8188a:	bd70      	pop	{r4, r5, r6, pc}
   8188c:	480c      	ldr	r0, [pc, #48]	; (818c0 <udd_ep_abort+0x70>)
   8188e:	4c0d      	ldr	r4, [pc, #52]	; (818c4 <udd_ep_abort+0x74>)
   81890:	0093      	lsls	r3, r2, #2
   81892:	1819      	adds	r1, r3, r0
   81894:	191c      	adds	r4, r3, r4
   81896:	6808      	ldr	r0, [r1, #0]
   81898:	f410 5f40 	tst.w	r0, #12288	; 0x3000
   8189c:	d0ee      	beq.n	8187c <udd_ep_abort+0x2c>
   8189e:	f44f 5500 	mov.w	r5, #8192	; 0x2000
   818a2:	6025      	str	r5, [r4, #0]
   818a4:	4808      	ldr	r0, [pc, #32]	; (818c8 <udd_ep_abort+0x78>)
   818a6:	181d      	adds	r5, r3, r0
   818a8:	6828      	ldr	r0, [r5, #0]
   818aa:	0480      	lsls	r0, r0, #18
   818ac:	d4fa      	bmi.n	818a4 <udd_ep_abort+0x54>
   818ae:	e7f2      	b.n	81896 <udd_ep_abort+0x46>
   818b0:	400ac000 	.word	0x400ac000
   818b4:	400ac300 	.word	0x400ac300
   818b8:	20070678 	.word	0x20070678
   818bc:	00080cf1 	.word	0x00080cf1
   818c0:	400ac130 	.word	0x400ac130
   818c4:	400ac1f0 	.word	0x400ac1f0
   818c8:	400ac1c0 	.word	0x400ac1c0

000818cc <main>:
   818cc:	b508      	push	{r3, lr}
   818ce:	4b04      	ldr	r3, [pc, #16]	; (818e0 <main+0x14>)
   818d0:	4798      	blx	r3
   818d2:	2060      	movs	r0, #96	; 0x60
   818d4:	4903      	ldr	r1, [pc, #12]	; (818e4 <main+0x18>)
   818d6:	4788      	blx	r1
   818d8:	2060      	movs	r0, #96	; 0x60
   818da:	4a03      	ldr	r2, [pc, #12]	; (818e8 <main+0x1c>)
   818dc:	4790      	blx	r2
   818de:	e7f8      	b.n	818d2 <main+0x6>
   818e0:	000818ed 	.word	0x000818ed
   818e4:	00081a4d 	.word	0x00081a4d
   818e8:	00081a33 	.word	0x00081a33

000818ec <board_init>:
   818ec:	4b26      	ldr	r3, [pc, #152]	; (81988 <board_init+0x9c>)
   818ee:	f44f 4200 	mov.w	r2, #32768	; 0x8000
   818f2:	b510      	push	{r4, lr}
   818f4:	200b      	movs	r0, #11
   818f6:	605a      	str	r2, [r3, #4]
   818f8:	4c24      	ldr	r4, [pc, #144]	; (8198c <board_init+0xa0>)
   818fa:	47a0      	blx	r4
   818fc:	200c      	movs	r0, #12
   818fe:	47a0      	blx	r4
   81900:	200d      	movs	r0, #13
   81902:	47a0      	blx	r4
   81904:	200e      	movs	r0, #14
   81906:	47a0      	blx	r4
   81908:	4c21      	ldr	r4, [pc, #132]	; (81990 <board_init+0xa4>)
   8190a:	203b      	movs	r0, #59	; 0x3b
   8190c:	f04f 5160 	mov.w	r1, #939524096	; 0x38000000
   81910:	47a0      	blx	r4
   81912:	2055      	movs	r0, #85	; 0x55
   81914:	f04f 5160 	mov.w	r1, #939524096	; 0x38000000
   81918:	47a0      	blx	r4
   8191a:	2056      	movs	r0, #86	; 0x56
   8191c:	f04f 5160 	mov.w	r1, #939524096	; 0x38000000
   81920:	47a0      	blx	r4
   81922:	2068      	movs	r0, #104	; 0x68
   81924:	491b      	ldr	r1, [pc, #108]	; (81994 <board_init+0xa8>)
   81926:	47a0      	blx	r4
   81928:	205c      	movs	r0, #92	; 0x5c
   8192a:	491b      	ldr	r1, [pc, #108]	; (81998 <board_init+0xac>)
   8192c:	47a0      	blx	r4
   8192e:	2060      	movs	r0, #96	; 0x60
   81930:	f04f 5160 	mov.w	r1, #939524096	; 0x38000000
   81934:	47a0      	blx	r4
   81936:	f04f 6200 	mov.w	r2, #134217728	; 0x8000000
   8193a:	4b18      	ldr	r3, [pc, #96]	; (8199c <board_init+0xb0>)
   8193c:	f44f 7140 	mov.w	r1, #768	; 0x300
   81940:	4817      	ldr	r0, [pc, #92]	; (819a0 <board_init+0xb4>)
   81942:	4798      	blx	r3
   81944:	2039      	movs	r0, #57	; 0x39
   81946:	f04f 5120 	mov.w	r1, #671088640	; 0x28000000
   8194a:	47a0      	blx	r4
   8194c:	200b      	movs	r0, #11
   8194e:	f04f 5180 	mov.w	r1, #268435456	; 0x10000000
   81952:	47a0      	blx	r4
   81954:	202c      	movs	r0, #44	; 0x2c
   81956:	f04f 5180 	mov.w	r1, #268435456	; 0x10000000
   8195a:	47a0      	blx	r4
   8195c:	2055      	movs	r0, #85	; 0x55
   8195e:	f04f 5180 	mov.w	r1, #268435456	; 0x10000000
   81962:	47a0      	blx	r4
   81964:	2056      	movs	r0, #86	; 0x56
   81966:	f04f 5180 	mov.w	r1, #268435456	; 0x10000000
   8196a:	47a0      	blx	r4
   8196c:	2057      	movs	r0, #87	; 0x57
   8196e:	f04f 5180 	mov.w	r1, #268435456	; 0x10000000
   81972:	47a0      	blx	r4
   81974:	202b      	movs	r0, #43	; 0x2b
   81976:	f04f 6100 	mov.w	r1, #134217728	; 0x8000000
   8197a:	47a0      	blx	r4
   8197c:	202a      	movs	r0, #42	; 0x2a
   8197e:	f04f 6100 	mov.w	r1, #134217728	; 0x8000000
   81982:	47a0      	blx	r4
   81984:	bd10      	pop	{r4, pc}
   81986:	bf00      	nop
   81988:	400e1a50 	.word	0x400e1a50
   8198c:	00081c51 	.word	0x00081c51
   81990:	00081a69 	.word	0x00081a69
   81994:	28000079 	.word	0x28000079
   81998:	28000001 	.word	0x28000001
   8199c:	00081b2d 	.word	0x00081b2d
   819a0:	400e0e00 	.word	0x400e0e00

000819a4 <pio_set_peripheral>:
   819a4:	f1b1 5f80 	cmp.w	r1, #268435456	; 0x10000000
   819a8:	6442      	str	r2, [r0, #68]	; 0x44
   819aa:	d014      	beq.n	819d6 <pio_set_peripheral+0x32>
   819ac:	d809      	bhi.n	819c2 <pio_set_peripheral+0x1e>
   819ae:	b1b1      	cbz	r1, 819de <pio_set_peripheral+0x3a>
   819b0:	f1b1 6f00 	cmp.w	r1, #134217728	; 0x8000000
   819b4:	d112      	bne.n	819dc <pio_set_peripheral+0x38>
   819b6:	6f03      	ldr	r3, [r0, #112]	; 0x70
   819b8:	6f01      	ldr	r1, [r0, #112]	; 0x70
   819ba:	400b      	ands	r3, r1
   819bc:	ea23 0302 	bic.w	r3, r3, r2
   819c0:	e00b      	b.n	819da <pio_set_peripheral+0x36>
   819c2:	f1b1 5f40 	cmp.w	r1, #805306368	; 0x30000000
   819c6:	d00a      	beq.n	819de <pio_set_peripheral+0x3a>
   819c8:	f1b1 5f60 	cmp.w	r1, #939524096	; 0x38000000
   819cc:	d007      	beq.n	819de <pio_set_peripheral+0x3a>
   819ce:	f1b1 5f20 	cmp.w	r1, #671088640	; 0x28000000
   819d2:	d103      	bne.n	819dc <pio_set_peripheral+0x38>
   819d4:	4770      	bx	lr
   819d6:	6f03      	ldr	r3, [r0, #112]	; 0x70
   819d8:	4313      	orrs	r3, r2
   819da:	6703      	str	r3, [r0, #112]	; 0x70
   819dc:	6042      	str	r2, [r0, #4]
   819de:	4770      	bx	lr

000819e0 <pio_set_input>:
   819e0:	07d3      	lsls	r3, r2, #31
   819e2:	6441      	str	r1, [r0, #68]	; 0x44
   819e4:	bf4c      	ite	mi
   819e6:	6641      	strmi	r1, [r0, #100]	; 0x64
   819e8:	6601      	strpl	r1, [r0, #96]	; 0x60
   819ea:	f012 0f0a 	tst.w	r2, #10
   819ee:	bf14      	ite	ne
   819f0:	6201      	strne	r1, [r0, #32]
   819f2:	6241      	streq	r1, [r0, #36]	; 0x24
   819f4:	0793      	lsls	r3, r2, #30
   819f6:	d401      	bmi.n	819fc <pio_set_input+0x1c>
   819f8:	0713      	lsls	r3, r2, #28
   819fa:	d501      	bpl.n	81a00 <pio_set_input+0x20>
   819fc:	f8c0 1080 	str.w	r1, [r0, #128]	; 0x80
   81a00:	6141      	str	r1, [r0, #20]
   81a02:	6001      	str	r1, [r0, #0]
   81a04:	4770      	bx	lr

00081a06 <pio_set_output>:
   81a06:	b510      	push	{r4, lr}
   81a08:	9c02      	ldr	r4, [sp, #8]
   81a0a:	6441      	str	r1, [r0, #68]	; 0x44
   81a0c:	b10c      	cbz	r4, 81a12 <pio_set_output+0xc>
   81a0e:	6641      	str	r1, [r0, #100]	; 0x64
   81a10:	e000      	b.n	81a14 <pio_set_output+0xe>
   81a12:	6601      	str	r1, [r0, #96]	; 0x60
   81a14:	b10b      	cbz	r3, 81a1a <pio_set_output+0x14>
   81a16:	6501      	str	r1, [r0, #80]	; 0x50
   81a18:	e000      	b.n	81a1c <pio_set_output+0x16>
   81a1a:	6541      	str	r1, [r0, #84]	; 0x54
   81a1c:	b10a      	cbz	r2, 81a22 <pio_set_output+0x1c>
   81a1e:	6301      	str	r1, [r0, #48]	; 0x30
   81a20:	e000      	b.n	81a24 <pio_set_output+0x1e>
   81a22:	6341      	str	r1, [r0, #52]	; 0x34
   81a24:	6101      	str	r1, [r0, #16]
   81a26:	6001      	str	r1, [r0, #0]
   81a28:	bd10      	pop	{r4, pc}

00081a2a <pio_get_interrupt_status>:
   81a2a:	6cc0      	ldr	r0, [r0, #76]	; 0x4c
   81a2c:	4770      	bx	lr

00081a2e <pio_get_interrupt_mask>:
   81a2e:	6c80      	ldr	r0, [r0, #72]	; 0x48
   81a30:	4770      	bx	lr

00081a32 <pio_set_pin_high>:
   81a32:	0943      	lsrs	r3, r0, #5
   81a34:	f503 1100 	add.w	r1, r3, #2097152	; 0x200000
   81a38:	f201 7207 	addw	r2, r1, #1799	; 0x707
   81a3c:	f000 001f 	and.w	r0, r0, #31
   81a40:	2101      	movs	r1, #1
   81a42:	0253      	lsls	r3, r2, #9
   81a44:	fa01 f200 	lsl.w	r2, r1, r0
   81a48:	631a      	str	r2, [r3, #48]	; 0x30
   81a4a:	4770      	bx	lr

00081a4c <pio_set_pin_low>:
   81a4c:	0943      	lsrs	r3, r0, #5
   81a4e:	f503 1100 	add.w	r1, r3, #2097152	; 0x200000
   81a52:	f201 7207 	addw	r2, r1, #1799	; 0x707
   81a56:	f000 001f 	and.w	r0, r0, #31
   81a5a:	2101      	movs	r1, #1
   81a5c:	0253      	lsls	r3, r2, #9
   81a5e:	fa01 f200 	lsl.w	r2, r1, r0
   81a62:	635a      	str	r2, [r3, #52]	; 0x34
   81a64:	4770      	bx	lr
	...

00081a68 <pio_configure_pin>:
   81a68:	b5f7      	push	{r0, r1, r2, r4, r5, r6, r7, lr}
   81a6a:	0944      	lsrs	r4, r0, #5
   81a6c:	460d      	mov	r5, r1
   81a6e:	f504 1100 	add.w	r1, r4, #2097152	; 0x200000
   81a72:	f201 7207 	addw	r2, r1, #1799	; 0x707
   81a76:	f005 41f0 	and.w	r1, r5, #2013265920	; 0x78000000
   81a7a:	0254      	lsls	r4, r2, #9
   81a7c:	f1b1 5f20 	cmp.w	r1, #671088640	; 0x28000000
   81a80:	d02c      	beq.n	81adc <pio_configure_pin+0x74>
   81a82:	d815      	bhi.n	81ab0 <pio_configure_pin+0x48>
   81a84:	f1b1 6f00 	cmp.w	r1, #134217728	; 0x8000000
   81a88:	d019      	beq.n	81abe <pio_configure_pin+0x56>
   81a8a:	f1b1 5f80 	cmp.w	r1, #268435456	; 0x10000000
   81a8e:	d144      	bne.n	81b1a <pio_configure_pin+0xb2>
   81a90:	f000 031f 	and.w	r3, r0, #31
   81a94:	2001      	movs	r0, #1
   81a96:	fa00 f103 	lsl.w	r1, r0, r3
   81a9a:	6461      	str	r1, [r4, #68]	; 0x44
   81a9c:	6f22      	ldr	r2, [r4, #112]	; 0x70
   81a9e:	ea41 0302 	orr.w	r3, r1, r2
   81aa2:	07ea      	lsls	r2, r5, #31
   81aa4:	6723      	str	r3, [r4, #112]	; 0x70
   81aa6:	6061      	str	r1, [r4, #4]
   81aa8:	bf4c      	ite	mi
   81aaa:	6661      	strmi	r1, [r4, #100]	; 0x64
   81aac:	6621      	strpl	r1, [r4, #96]	; 0x60
   81aae:	e035      	b.n	81b1c <pio_configure_pin+0xb4>
   81ab0:	f1b1 5f40 	cmp.w	r1, #805306368	; 0x30000000
   81ab4:	d01c      	beq.n	81af0 <pio_configure_pin+0x88>
   81ab6:	f1b1 5f60 	cmp.w	r1, #939524096	; 0x38000000
   81aba:	d12e      	bne.n	81b1a <pio_configure_pin+0xb2>
   81abc:	e018      	b.n	81af0 <pio_configure_pin+0x88>
   81abe:	f000 001f 	and.w	r0, r0, #31
   81ac2:	2601      	movs	r6, #1
   81ac4:	fa06 f700 	lsl.w	r7, r6, r0
   81ac8:	4b15      	ldr	r3, [pc, #84]	; (81b20 <pio_configure_pin+0xb8>)
   81aca:	4620      	mov	r0, r4
   81acc:	463a      	mov	r2, r7
   81ace:	4798      	blx	r3
   81ad0:	07e9      	lsls	r1, r5, #31
   81ad2:	bf4c      	ite	mi
   81ad4:	6667      	strmi	r7, [r4, #100]	; 0x64
   81ad6:	6627      	strpl	r7, [r4, #96]	; 0x60
   81ad8:	4630      	mov	r0, r6
   81ada:	e01f      	b.n	81b1c <pio_configure_pin+0xb4>
   81adc:	f000 011f 	and.w	r1, r0, #31
   81ae0:	2601      	movs	r6, #1
   81ae2:	4620      	mov	r0, r4
   81ae4:	fa06 f101 	lsl.w	r1, r6, r1
   81ae8:	462a      	mov	r2, r5
   81aea:	4b0e      	ldr	r3, [pc, #56]	; (81b24 <pio_configure_pin+0xbc>)
   81aec:	4798      	blx	r3
   81aee:	e7f3      	b.n	81ad8 <pio_configure_pin+0x70>
   81af0:	2601      	movs	r6, #1
   81af2:	f005 5260 	and.w	r2, r5, #939524096	; 0x38000000
   81af6:	f000 011f 	and.w	r1, r0, #31
   81afa:	ea05 0006 	and.w	r0, r5, r6
   81afe:	9000      	str	r0, [sp, #0]
   81b00:	4620      	mov	r0, r4
   81b02:	f1b2 5460 	subs.w	r4, r2, #939524096	; 0x38000000
   81b06:	4263      	negs	r3, r4
   81b08:	eb53 0204 	adcs.w	r2, r3, r4
   81b0c:	fa06 f101 	lsl.w	r1, r6, r1
   81b10:	f3c5 0380 	ubfx	r3, r5, #2, #1
   81b14:	4c04      	ldr	r4, [pc, #16]	; (81b28 <pio_configure_pin+0xc0>)
   81b16:	47a0      	blx	r4
   81b18:	e7de      	b.n	81ad8 <pio_configure_pin+0x70>
   81b1a:	2000      	movs	r0, #0
   81b1c:	bdfe      	pop	{r1, r2, r3, r4, r5, r6, r7, pc}
   81b1e:	bf00      	nop
   81b20:	000819a5 	.word	0x000819a5
   81b24:	000819e1 	.word	0x000819e1
   81b28:	00081a07 	.word	0x00081a07

00081b2c <pio_configure_pin_group>:
   81b2c:	f002 43f0 	and.w	r3, r2, #2013265920	; 0x78000000
   81b30:	f1b3 5f20 	cmp.w	r3, #671088640	; 0x28000000
   81b34:	b573      	push	{r0, r1, r4, r5, r6, lr}
   81b36:	4605      	mov	r5, r0
   81b38:	460c      	mov	r4, r1
   81b3a:	4616      	mov	r6, r2
   81b3c:	d01c      	beq.n	81b78 <pio_configure_pin_group+0x4c>
   81b3e:	d80b      	bhi.n	81b58 <pio_configure_pin_group+0x2c>
   81b40:	f1b3 6f00 	cmp.w	r3, #134217728	; 0x8000000
   81b44:	d00f      	beq.n	81b66 <pio_configure_pin_group+0x3a>
   81b46:	f1b3 5f80 	cmp.w	r3, #268435456	; 0x10000000
   81b4a:	d12a      	bne.n	81ba2 <pio_configure_pin_group+0x76>
   81b4c:	6469      	str	r1, [r5, #68]	; 0x44
   81b4e:	6f00      	ldr	r0, [r0, #112]	; 0x70
   81b50:	4301      	orrs	r1, r0
   81b52:	6729      	str	r1, [r5, #112]	; 0x70
   81b54:	606c      	str	r4, [r5, #4]
   81b56:	e00a      	b.n	81b6e <pio_configure_pin_group+0x42>
   81b58:	f1b3 5f40 	cmp.w	r3, #805306368	; 0x30000000
   81b5c:	d010      	beq.n	81b80 <pio_configure_pin_group+0x54>
   81b5e:	f1b3 5f60 	cmp.w	r3, #939524096	; 0x38000000
   81b62:	d11e      	bne.n	81ba2 <pio_configure_pin_group+0x76>
   81b64:	e00c      	b.n	81b80 <pio_configure_pin_group+0x54>
   81b66:	4619      	mov	r1, r3
   81b68:	4622      	mov	r2, r4
   81b6a:	4b0f      	ldr	r3, [pc, #60]	; (81ba8 <pio_configure_pin_group+0x7c>)
   81b6c:	4798      	blx	r3
   81b6e:	07f3      	lsls	r3, r6, #31
   81b70:	bf4c      	ite	mi
   81b72:	666c      	strmi	r4, [r5, #100]	; 0x64
   81b74:	662c      	strpl	r4, [r5, #96]	; 0x60
   81b76:	e001      	b.n	81b7c <pio_configure_pin_group+0x50>
   81b78:	4b0c      	ldr	r3, [pc, #48]	; (81bac <pio_configure_pin_group+0x80>)
   81b7a:	4798      	blx	r3
   81b7c:	2001      	movs	r0, #1
   81b7e:	e011      	b.n	81ba4 <pio_configure_pin_group+0x78>
   81b80:	f006 5260 	and.w	r2, r6, #939524096	; 0x38000000
   81b84:	4621      	mov	r1, r4
   81b86:	f1b2 5460 	subs.w	r4, r2, #939524096	; 0x38000000
   81b8a:	4263      	negs	r3, r4
   81b8c:	f006 0001 	and.w	r0, r6, #1
   81b90:	eb53 0204 	adcs.w	r2, r3, r4
   81b94:	9000      	str	r0, [sp, #0]
   81b96:	f3c6 0380 	ubfx	r3, r6, #2, #1
   81b9a:	4628      	mov	r0, r5
   81b9c:	4c04      	ldr	r4, [pc, #16]	; (81bb0 <pio_configure_pin_group+0x84>)
   81b9e:	47a0      	blx	r4
   81ba0:	e7ec      	b.n	81b7c <pio_configure_pin_group+0x50>
   81ba2:	2000      	movs	r0, #0
   81ba4:	bd7c      	pop	{r2, r3, r4, r5, r6, pc}
   81ba6:	bf00      	nop
   81ba8:	000819a5 	.word	0x000819a5
   81bac:	000819e1 	.word	0x000819e1
   81bb0:	00081a07 	.word	0x00081a07

00081bb4 <pio_handler_process>:
   81bb4:	b570      	push	{r4, r5, r6, lr}
   81bb6:	4b0f      	ldr	r3, [pc, #60]	; (81bf4 <pio_handler_process+0x40>)
   81bb8:	4604      	mov	r4, r0
   81bba:	460e      	mov	r6, r1
   81bbc:	4798      	blx	r3
   81bbe:	490e      	ldr	r1, [pc, #56]	; (81bf8 <pio_handler_process+0x44>)
   81bc0:	4605      	mov	r5, r0
   81bc2:	4620      	mov	r0, r4
   81bc4:	4788      	blx	r1
   81bc6:	4005      	ands	r5, r0
   81bc8:	d012      	beq.n	81bf0 <pio_handler_process+0x3c>
   81bca:	4c0c      	ldr	r4, [pc, #48]	; (81bfc <pio_handler_process+0x48>)
   81bcc:	f854 0c0c 	ldr.w	r0, [r4, #-12]
   81bd0:	42b0      	cmp	r0, r6
   81bd2:	d10a      	bne.n	81bea <pio_handler_process+0x36>
   81bd4:	f854 1c08 	ldr.w	r1, [r4, #-8]
   81bd8:	4229      	tst	r1, r5
   81bda:	d006      	beq.n	81bea <pio_handler_process+0x36>
   81bdc:	6822      	ldr	r2, [r4, #0]
   81bde:	4630      	mov	r0, r6
   81be0:	4790      	blx	r2
   81be2:	f854 3c08 	ldr.w	r3, [r4, #-8]
   81be6:	ea25 0503 	bic.w	r5, r5, r3
   81bea:	3410      	adds	r4, #16
   81bec:	2d00      	cmp	r5, #0
   81bee:	d1ed      	bne.n	81bcc <pio_handler_process+0x18>
   81bf0:	bd70      	pop	{r4, r5, r6, pc}
   81bf2:	bf00      	nop
   81bf4:	00081a2b 	.word	0x00081a2b
   81bf8:	00081a2f 	.word	0x00081a2f
   81bfc:	200706d4 	.word	0x200706d4

00081c00 <PIOA_Handler>:
   81c00:	b508      	push	{r3, lr}
   81c02:	4802      	ldr	r0, [pc, #8]	; (81c0c <PIOA_Handler+0xc>)
   81c04:	210b      	movs	r1, #11
   81c06:	4b02      	ldr	r3, [pc, #8]	; (81c10 <PIOA_Handler+0x10>)
   81c08:	4798      	blx	r3
   81c0a:	bd08      	pop	{r3, pc}
   81c0c:	400e0e00 	.word	0x400e0e00
   81c10:	00081bb5 	.word	0x00081bb5

00081c14 <PIOB_Handler>:
   81c14:	b508      	push	{r3, lr}
   81c16:	4802      	ldr	r0, [pc, #8]	; (81c20 <PIOB_Handler+0xc>)
   81c18:	210c      	movs	r1, #12
   81c1a:	4b02      	ldr	r3, [pc, #8]	; (81c24 <PIOB_Handler+0x10>)
   81c1c:	4798      	blx	r3
   81c1e:	bd08      	pop	{r3, pc}
   81c20:	400e1000 	.word	0x400e1000
   81c24:	00081bb5 	.word	0x00081bb5

00081c28 <PIOC_Handler>:
   81c28:	b508      	push	{r3, lr}
   81c2a:	4802      	ldr	r0, [pc, #8]	; (81c34 <PIOC_Handler+0xc>)
   81c2c:	210d      	movs	r1, #13
   81c2e:	4b02      	ldr	r3, [pc, #8]	; (81c38 <PIOC_Handler+0x10>)
   81c30:	4798      	blx	r3
   81c32:	bd08      	pop	{r3, pc}
   81c34:	400e1200 	.word	0x400e1200
   81c38:	00081bb5 	.word	0x00081bb5

00081c3c <PIOD_Handler>:
   81c3c:	b508      	push	{r3, lr}
   81c3e:	4802      	ldr	r0, [pc, #8]	; (81c48 <PIOD_Handler+0xc>)
   81c40:	210e      	movs	r1, #14
   81c42:	4b02      	ldr	r3, [pc, #8]	; (81c4c <PIOD_Handler+0x10>)
   81c44:	4798      	blx	r3
   81c46:	bd08      	pop	{r3, pc}
   81c48:	400e1400 	.word	0x400e1400
   81c4c:	00081bb5 	.word	0x00081bb5

00081c50 <pmc_enable_periph_clk>:
   81c50:	282c      	cmp	r0, #44	; 0x2c
   81c52:	d819      	bhi.n	81c88 <pmc_enable_periph_clk+0x38>
   81c54:	281f      	cmp	r0, #31
   81c56:	4b0e      	ldr	r3, [pc, #56]	; (81c90 <pmc_enable_periph_clk+0x40>)
   81c58:	f04f 0201 	mov.w	r2, #1
   81c5c:	d808      	bhi.n	81c70 <pmc_enable_periph_clk+0x20>
   81c5e:	fa02 f000 	lsl.w	r0, r2, r0
   81c62:	6999      	ldr	r1, [r3, #24]
   81c64:	ea00 0201 	and.w	r2, r0, r1
   81c68:	4282      	cmp	r2, r0
   81c6a:	d00f      	beq.n	81c8c <pmc_enable_periph_clk+0x3c>
   81c6c:	6118      	str	r0, [r3, #16]
   81c6e:	e00d      	b.n	81c8c <pmc_enable_periph_clk+0x3c>
   81c70:	3820      	subs	r0, #32
   81c72:	fa02 f000 	lsl.w	r0, r2, r0
   81c76:	f8d3 1108 	ldr.w	r1, [r3, #264]	; 0x108
   81c7a:	ea00 0201 	and.w	r2, r0, r1
   81c7e:	4282      	cmp	r2, r0
   81c80:	d004      	beq.n	81c8c <pmc_enable_periph_clk+0x3c>
   81c82:	f8c3 0100 	str.w	r0, [r3, #256]	; 0x100
   81c86:	e001      	b.n	81c8c <pmc_enable_periph_clk+0x3c>
   81c88:	2001      	movs	r0, #1
   81c8a:	4770      	bx	lr
   81c8c:	2000      	movs	r0, #0
   81c8e:	4770      	bx	lr
   81c90:	400e0600 	.word	0x400e0600

00081c94 <pmc_is_wakeup_clocks_restored>:
   81c94:	4b02      	ldr	r3, [pc, #8]	; (81ca0 <pmc_is_wakeup_clocks_restored+0xc>)
   81c96:	7818      	ldrb	r0, [r3, #0]
   81c98:	f080 0001 	eor.w	r0, r0, #1
   81c9c:	4770      	bx	lr
   81c9e:	bf00      	nop
   81ca0:	20070738 	.word	0x20070738

00081ca4 <Dummy_Handler>:
   81ca4:	e7fe      	b.n	81ca4 <Dummy_Handler>
	...

00081ca8 <Reset_Handler>:
   81ca8:	b508      	push	{r3, lr}
   81caa:	4a16      	ldr	r2, [pc, #88]	; (81d04 <Reset_Handler+0x5c>)
   81cac:	4b16      	ldr	r3, [pc, #88]	; (81d08 <Reset_Handler+0x60>)
   81cae:	429a      	cmp	r2, r3
   81cb0:	d101      	bne.n	81cb6 <Reset_Handler+0xe>
   81cb2:	4816      	ldr	r0, [pc, #88]	; (81d0c <Reset_Handler+0x64>)
   81cb4:	e00a      	b.n	81ccc <Reset_Handler+0x24>
   81cb6:	2300      	movs	r3, #0
   81cb8:	4a13      	ldr	r2, [pc, #76]	; (81d08 <Reset_Handler+0x60>)
   81cba:	4915      	ldr	r1, [pc, #84]	; (81d10 <Reset_Handler+0x68>)
   81cbc:	1898      	adds	r0, r3, r2
   81cbe:	4288      	cmp	r0, r1
   81cc0:	d2f7      	bcs.n	81cb2 <Reset_Handler+0xa>
   81cc2:	4810      	ldr	r0, [pc, #64]	; (81d04 <Reset_Handler+0x5c>)
   81cc4:	5819      	ldr	r1, [r3, r0]
   81cc6:	5099      	str	r1, [r3, r2]
   81cc8:	3304      	adds	r3, #4
   81cca:	e7f5      	b.n	81cb8 <Reset_Handler+0x10>
   81ccc:	4a11      	ldr	r2, [pc, #68]	; (81d14 <Reset_Handler+0x6c>)
   81cce:	4290      	cmp	r0, r2
   81cd0:	d203      	bcs.n	81cda <Reset_Handler+0x32>
   81cd2:	2100      	movs	r1, #0
   81cd4:	f840 1b04 	str.w	r1, [r0], #4
   81cd8:	e7f8      	b.n	81ccc <Reset_Handler+0x24>
   81cda:	480f      	ldr	r0, [pc, #60]	; (81d18 <Reset_Handler+0x70>)
   81cdc:	f020 4360 	bic.w	r3, r0, #3758096384	; 0xe0000000
   81ce0:	f023 017f 	bic.w	r1, r3, #127	; 0x7f
   81ce4:	f100 4260 	add.w	r2, r0, #3758096384	; 0xe0000000
   81ce8:	4b0c      	ldr	r3, [pc, #48]	; (81d1c <Reset_Handler+0x74>)
   81cea:	f5b2 1f80 	cmp.w	r2, #1048576	; 0x100000
   81cee:	6099      	str	r1, [r3, #8]
   81cf0:	d203      	bcs.n	81cfa <Reset_Handler+0x52>
   81cf2:	6898      	ldr	r0, [r3, #8]
   81cf4:	f040 5100 	orr.w	r1, r0, #536870912	; 0x20000000
   81cf8:	6099      	str	r1, [r3, #8]
   81cfa:	4b09      	ldr	r3, [pc, #36]	; (81d20 <Reset_Handler+0x78>)
   81cfc:	4798      	blx	r3
   81cfe:	4a09      	ldr	r2, [pc, #36]	; (81d24 <Reset_Handler+0x7c>)
   81d00:	4790      	blx	r2
   81d02:	e7fe      	b.n	81d02 <Reset_Handler+0x5a>
   81d04:	00081e90 	.word	0x00081e90
   81d08:	20070000 	.word	0x20070000
   81d0c:	20070518 	.word	0x20070518
   81d10:	20070518 	.word	0x20070518
   81d14:	20070758 	.word	0x20070758
   81d18:	00080000 	.word	0x00080000
   81d1c:	e000ed00 	.word	0xe000ed00
   81d20:	00081df1 	.word	0x00081df1
   81d24:	000818cd 	.word	0x000818cd

00081d28 <__register_exitproc>:
   81d28:	e92d 43f8 	stmdb	sp!, {r3, r4, r5, r6, r7, r8, r9, lr}
   81d2c:	4698      	mov	r8, r3
   81d2e:	4b23      	ldr	r3, [pc, #140]	; (81dbc <__register_exitproc+0x94>)
   81d30:	4606      	mov	r6, r0
   81d32:	681c      	ldr	r4, [r3, #0]
   81d34:	460f      	mov	r7, r1
   81d36:	f8d4 0148 	ldr.w	r0, [r4, #328]	; 0x148
   81d3a:	4691      	mov	r9, r2
   81d3c:	b918      	cbnz	r0, 81d46 <__register_exitproc+0x1e>
   81d3e:	f504 70a6 	add.w	r0, r4, #332	; 0x14c
   81d42:	f8c4 0148 	str.w	r0, [r4, #328]	; 0x148
   81d46:	6841      	ldr	r1, [r0, #4]
   81d48:	291f      	cmp	r1, #31
   81d4a:	dd16      	ble.n	81d7a <__register_exitproc+0x52>
   81d4c:	481c      	ldr	r0, [pc, #112]	; (81dc0 <__register_exitproc+0x98>)
   81d4e:	b918      	cbnz	r0, 81d58 <__register_exitproc+0x30>
   81d50:	f04f 30ff 	mov.w	r0, #4294967295
   81d54:	e8bd 83f8 	ldmia.w	sp!, {r3, r4, r5, r6, r7, r8, r9, pc}
   81d58:	f44f 70c8 	mov.w	r0, #400	; 0x190
   81d5c:	f3af 8000 	nop.w
   81d60:	2800      	cmp	r0, #0
   81d62:	d0f5      	beq.n	81d50 <__register_exitproc+0x28>
   81d64:	f8d4 2148 	ldr.w	r2, [r4, #328]	; 0x148
   81d68:	2500      	movs	r5, #0
   81d6a:	6045      	str	r5, [r0, #4]
   81d6c:	6002      	str	r2, [r0, #0]
   81d6e:	f8c4 0148 	str.w	r0, [r4, #328]	; 0x148
   81d72:	f8c0 5188 	str.w	r5, [r0, #392]	; 0x188
   81d76:	f8c0 518c 	str.w	r5, [r0, #396]	; 0x18c
   81d7a:	b1b6      	cbz	r6, 81daa <__register_exitproc+0x82>
   81d7c:	6844      	ldr	r4, [r0, #4]
   81d7e:	2201      	movs	r2, #1
   81d80:	fa02 f204 	lsl.w	r2, r2, r4
   81d84:	f8d0 1188 	ldr.w	r1, [r0, #392]	; 0x188
   81d88:	eb00 0384 	add.w	r3, r0, r4, lsl #2
   81d8c:	4311      	orrs	r1, r2
   81d8e:	2e02      	cmp	r6, #2
   81d90:	f8c3 9088 	str.w	r9, [r3, #136]	; 0x88
   81d94:	f8c0 1188 	str.w	r1, [r0, #392]	; 0x188
   81d98:	461c      	mov	r4, r3
   81d9a:	f8c3 8108 	str.w	r8, [r3, #264]	; 0x108
   81d9e:	d104      	bne.n	81daa <__register_exitproc+0x82>
   81da0:	f8d0 318c 	ldr.w	r3, [r0, #396]	; 0x18c
   81da4:	431a      	orrs	r2, r3
   81da6:	f8c0 218c 	str.w	r2, [r0, #396]	; 0x18c
   81daa:	6841      	ldr	r1, [r0, #4]
   81dac:	1c8b      	adds	r3, r1, #2
   81dae:	1c4a      	adds	r2, r1, #1
   81db0:	f840 7023 	str.w	r7, [r0, r3, lsl #2]
   81db4:	6042      	str	r2, [r0, #4]
   81db6:	2000      	movs	r0, #0
   81db8:	e8bd 83f8 	ldmia.w	sp!, {r3, r4, r5, r6, r7, r8, r9, pc}
   81dbc:	00081e64 	.word	0x00081e64
   81dc0:	00000000 	.word	0x00000000

00081dc4 <__libc_fini_array>:
   81dc4:	b570      	push	{r4, r5, r6, lr}
   81dc6:	4b08      	ldr	r3, [pc, #32]	; (81de8 <__libc_fini_array+0x24>)
   81dc8:	4c08      	ldr	r4, [pc, #32]	; (81dec <__libc_fini_array+0x28>)
   81dca:	2500      	movs	r5, #0
   81dcc:	1ae0      	subs	r0, r4, r3
   81dce:	1084      	asrs	r4, r0, #2
   81dd0:	eb03 0684 	add.w	r6, r3, r4, lsl #2
   81dd4:	3d04      	subs	r5, #4
   81dd6:	b11c      	cbz	r4, 81de0 <__libc_fini_array+0x1c>
   81dd8:	5972      	ldr	r2, [r6, r5]
   81dda:	4790      	blx	r2
   81ddc:	3c01      	subs	r4, #1
   81dde:	e7f9      	b.n	81dd4 <__libc_fini_array+0x10>
   81de0:	e8bd 4070 	ldmia.w	sp!, {r4, r5, r6, lr}
   81de4:	f000 b84c 	b.w	81e80 <_fini>
   81de8:	00081e8c 	.word	0x00081e8c
   81dec:	00081e90 	.word	0x00081e90

00081df0 <__libc_init_array>:
   81df0:	b538      	push	{r3, r4, r5, lr}
   81df2:	4d0e      	ldr	r5, [pc, #56]	; (81e2c <__libc_init_array+0x3c>)
   81df4:	4b0e      	ldr	r3, [pc, #56]	; (81e30 <__libc_init_array+0x40>)
   81df6:	2400      	movs	r4, #0
   81df8:	1ae8      	subs	r0, r5, r3
   81dfa:	1085      	asrs	r5, r0, #2
   81dfc:	42ac      	cmp	r4, r5
   81dfe:	d005      	beq.n	81e0c <__libc_init_array+0x1c>
   81e00:	490b      	ldr	r1, [pc, #44]	; (81e30 <__libc_init_array+0x40>)
   81e02:	f851 2024 	ldr.w	r2, [r1, r4, lsl #2]
   81e06:	4790      	blx	r2
   81e08:	3401      	adds	r4, #1
   81e0a:	e7f7      	b.n	81dfc <__libc_init_array+0xc>
   81e0c:	f000 f82e 	bl	81e6c <_init>
   81e10:	4908      	ldr	r1, [pc, #32]	; (81e34 <__libc_init_array+0x44>)
   81e12:	4a09      	ldr	r2, [pc, #36]	; (81e38 <__libc_init_array+0x48>)
   81e14:	1a54      	subs	r4, r2, r1
   81e16:	10a5      	asrs	r5, r4, #2
   81e18:	2400      	movs	r4, #0
   81e1a:	42ac      	cmp	r4, r5
   81e1c:	d005      	beq.n	81e2a <__libc_init_array+0x3a>
   81e1e:	4b05      	ldr	r3, [pc, #20]	; (81e34 <__libc_init_array+0x44>)
   81e20:	f853 0024 	ldr.w	r0, [r3, r4, lsl #2]
   81e24:	4780      	blx	r0
   81e26:	3401      	adds	r4, #1
   81e28:	e7f7      	b.n	81e1a <__libc_init_array+0x2a>
   81e2a:	bd38      	pop	{r3, r4, r5, pc}
   81e2c:	00081e78 	.word	0x00081e78
   81e30:	00081e78 	.word	0x00081e78
   81e34:	00081e78 	.word	0x00081e78
   81e38:	00081e80 	.word	0x00081e80

00081e3c <register_fini>:
   81e3c:	4b02      	ldr	r3, [pc, #8]	; (81e48 <register_fini+0xc>)
   81e3e:	b113      	cbz	r3, 81e46 <register_fini+0xa>
   81e40:	4802      	ldr	r0, [pc, #8]	; (81e4c <register_fini+0x10>)
   81e42:	f000 b805 	b.w	81e50 <atexit>
   81e46:	4770      	bx	lr
   81e48:	00000000 	.word	0x00000000
   81e4c:	00081dc5 	.word	0x00081dc5

00081e50 <atexit>:
   81e50:	4601      	mov	r1, r0
   81e52:	2000      	movs	r0, #0
   81e54:	4602      	mov	r2, r0
   81e56:	4603      	mov	r3, r0
   81e58:	f7ff bf66 	b.w	81d28 <__register_exitproc>
   81e5c:	30303030 	.word	0x30303030
   81e60:	00003030 	.word	0x00003030

00081e64 <_global_impure_ptr>:
   81e64:	200700f0 00000043                       ... C...

00081e6c <_init>:
   81e6c:	b5f8      	push	{r3, r4, r5, r6, r7, lr}
   81e6e:	bf00      	nop
   81e70:	bcf8      	pop	{r3, r4, r5, r6, r7}
   81e72:	bc08      	pop	{r3}
   81e74:	469e      	mov	lr, r3
   81e76:	4770      	bx	lr

00081e78 <__init_array_start>:
   81e78:	00081e3d 	.word	0x00081e3d

00081e7c <__frame_dummy_init_array_entry>:
   81e7c:	0008016d                                m...

00081e80 <_fini>:
   81e80:	b5f8      	push	{r3, r4, r5, r6, r7, lr}
   81e82:	bf00      	nop
   81e84:	bcf8      	pop	{r3, r4, r5, r6, r7}
   81e86:	bc08      	pop	{r3}
   81e88:	469e      	mov	lr, r3
   81e8a:	4770      	bx	lr

00081e8c <__fini_array_start>:
   81e8c:	00080145 	.word	0x00080145
