
ATSAM3X8E_FW.elf:     file format elf32-littlearm

Sections:
Idx Name          Size      VMA       LMA       File off  Algn
  0 .text         00003458  00080000  00080000  00008000  2**2
                  CONTENTS, ALLOC, LOAD, READONLY, CODE
  1 .relocate     00000518  20070000  00083458  00010000  2**3
                  CONTENTS, ALLOC, LOAD, DATA
  2 .bss          00000260  20070518  00083970  00010518  2**2
                  ALLOC
  3 .stack        00002000  20070778  00083bd0  00010518  2**0
                  ALLOC
  4 .ARM.attributes 00000029  00000000  00000000  00010518  2**0
                  CONTENTS, READONLY
  5 .comment      00000071  00000000  00000000  00010541  2**0
                  CONTENTS, READONLY
  6 .debug_info   0000cc05  00000000  00000000  000105b2  2**0
                  CONTENTS, READONLY, DEBUGGING
  7 .debug_abbrev 0000233a  00000000  00000000  0001d1b7  2**0
                  CONTENTS, READONLY, DEBUGGING
  8 .debug_aranges 00000848  00000000  00000000  0001f4f1  2**0
                  CONTENTS, READONLY, DEBUGGING
  9 .debug_macro  00006430  00000000  00000000  0001fd39  2**0
                  CONTENTS, READONLY, DEBUGGING
 10 .debug_line   0000ce1c  00000000  00000000  00026169  2**0
                  CONTENTS, READONLY, DEBUGGING
 11 .debug_str    00069fb0  00000000  00000000  00032f85  2**0
                  CONTENTS, READONLY, DEBUGGING
 12 .debug_loc    00004ad0  00000000  00000000  0009cf35  2**0
                  CONTENTS, READONLY, DEBUGGING
 13 .debug_ranges 00000938  00000000  00000000  000a1a05  2**0
                  CONTENTS, READONLY, DEBUGGING
 14 .debug_frame  000011cc  00000000  00000000  000a2340  2**2
                  CONTENTS, READONLY, DEBUGGING

Disassembly of section .text:

00080000 <_sfixed>:
   80000:	20072778 	.word	0x20072778
   80004:	000831b9 	.word	0x000831b9
   80008:	000831b5 	.word	0x000831b5
   8000c:	000831b5 	.word	0x000831b5
   80010:	000831b5 	.word	0x000831b5
   80014:	000831b5 	.word	0x000831b5
   80018:	000831b5 	.word	0x000831b5
	...
   8002c:	000831b5 	.word	0x000831b5
   80030:	000831b5 	.word	0x000831b5
   80034:	00000000 	.word	0x00000000
   80038:	000831b5 	.word	0x000831b5
   8003c:	000831b5 	.word	0x000831b5
   80040:	000831b5 	.word	0x000831b5
   80044:	000831b5 	.word	0x000831b5
   80048:	000831b5 	.word	0x000831b5
   8004c:	000831b5 	.word	0x000831b5
   80050:	000831b5 	.word	0x000831b5
   80054:	000831b5 	.word	0x000831b5
   80058:	000831b5 	.word	0x000831b5
   8005c:	000831b5 	.word	0x000831b5
   80060:	000831b5 	.word	0x000831b5
   80064:	000831b5 	.word	0x000831b5
   80068:	00000000 	.word	0x00000000
   8006c:	000830b1 	.word	0x000830b1
   80070:	000830cd 	.word	0x000830cd
   80074:	000830e9 	.word	0x000830e9
   80078:	00083105 	.word	0x00083105
	...
   80084:	000831b5 	.word	0x000831b5
   80088:	000831b5 	.word	0x000831b5
   8008c:	000831b5 	.word	0x000831b5
   80090:	000831b5 	.word	0x000831b5
   80094:	000831b5 	.word	0x000831b5
   80098:	000831b5 	.word	0x000831b5
   8009c:	000831b5 	.word	0x000831b5
   800a0:	000831b5 	.word	0x000831b5
   800a4:	00000000 	.word	0x00000000
   800a8:	000831b5 	.word	0x000831b5
   800ac:	000831b5 	.word	0x000831b5
   800b0:	000831b5 	.word	0x000831b5
   800b4:	000831b5 	.word	0x000831b5
   800b8:	000831b5 	.word	0x000831b5
   800bc:	000831b5 	.word	0x000831b5
   800c0:	000831b5 	.word	0x000831b5
   800c4:	000831b5 	.word	0x000831b5
   800c8:	000831b5 	.word	0x000831b5
   800cc:	000831b5 	.word	0x000831b5
   800d0:	000831b5 	.word	0x000831b5
   800d4:	000831b5 	.word	0x000831b5
   800d8:	000831b5 	.word	0x000831b5
   800dc:	000831b5 	.word	0x000831b5
   800e0:	000817bd 	.word	0x000817bd
   800e4:	000831b5 	.word	0x000831b5
   800e8:	000831b5 	.word	0x000831b5
   800ec:	000831b5 	.word	0x000831b5
   800f0:	000831b5 	.word	0x000831b5

000800f4 <deregister_tm_clones>:
   800f4:	b508      	push	{r3, lr}
   800f6:	4805      	ldr	r0, [pc, #20]	; (8010c <deregister_tm_clones+0x18>)
   800f8:	4b05      	ldr	r3, [pc, #20]	; (80110 <deregister_tm_clones+0x1c>)
   800fa:	1a19      	subs	r1, r3, r0
   800fc:	2906      	cmp	r1, #6
   800fe:	d800      	bhi.n	80102 <deregister_tm_clones+0xe>
   80100:	bd08      	pop	{r3, pc}
   80102:	4a04      	ldr	r2, [pc, #16]	; (80114 <deregister_tm_clones+0x20>)
   80104:	2a00      	cmp	r2, #0
   80106:	d0fb      	beq.n	80100 <deregister_tm_clones+0xc>
   80108:	4790      	blx	r2
   8010a:	e7f9      	b.n	80100 <deregister_tm_clones+0xc>
   8010c:	00083458 	.word	0x00083458
   80110:	0008345b 	.word	0x0008345b
   80114:	00000000 	.word	0x00000000

00080118 <register_tm_clones>:
   80118:	b508      	push	{r3, lr}
   8011a:	4807      	ldr	r0, [pc, #28]	; (80138 <register_tm_clones+0x20>)
   8011c:	4b07      	ldr	r3, [pc, #28]	; (8013c <register_tm_clones+0x24>)
   8011e:	1a19      	subs	r1, r3, r0
   80120:	108a      	asrs	r2, r1, #2
   80122:	eb02 73d2 	add.w	r3, r2, r2, lsr #31
   80126:	1059      	asrs	r1, r3, #1
   80128:	d100      	bne.n	8012c <register_tm_clones+0x14>
   8012a:	bd08      	pop	{r3, pc}
   8012c:	4a04      	ldr	r2, [pc, #16]	; (80140 <register_tm_clones+0x28>)
   8012e:	2a00      	cmp	r2, #0
   80130:	d0fb      	beq.n	8012a <register_tm_clones+0x12>
   80132:	4790      	blx	r2
   80134:	e7f9      	b.n	8012a <register_tm_clones+0x12>
   80136:	bf00      	nop
   80138:	00083458 	.word	0x00083458
   8013c:	00083458 	.word	0x00083458
   80140:	00000000 	.word	0x00000000

00080144 <__do_global_dtors_aux>:
   80144:	b510      	push	{r4, lr}
   80146:	4c06      	ldr	r4, [pc, #24]	; (80160 <__do_global_dtors_aux+0x1c>)
   80148:	7823      	ldrb	r3, [r4, #0]
   8014a:	b943      	cbnz	r3, 8015e <__do_global_dtors_aux+0x1a>
   8014c:	f7ff ffd2 	bl	800f4 <deregister_tm_clones>
   80150:	4804      	ldr	r0, [pc, #16]	; (80164 <__do_global_dtors_aux+0x20>)
   80152:	b110      	cbz	r0, 8015a <__do_global_dtors_aux+0x16>
   80154:	4804      	ldr	r0, [pc, #16]	; (80168 <__do_global_dtors_aux+0x24>)
   80156:	f3af 8000 	nop.w
   8015a:	2101      	movs	r1, #1
   8015c:	7021      	strb	r1, [r4, #0]
   8015e:	bd10      	pop	{r4, pc}
   80160:	20070518 	.word	0x20070518
   80164:	00000000 	.word	0x00000000
   80168:	00083458 	.word	0x00083458

0008016c <frame_dummy>:
   8016c:	b508      	push	{r3, lr}
   8016e:	4b08      	ldr	r3, [pc, #32]	; (80190 <frame_dummy+0x24>)
   80170:	b11b      	cbz	r3, 8017a <frame_dummy+0xe>
   80172:	4808      	ldr	r0, [pc, #32]	; (80194 <frame_dummy+0x28>)
   80174:	4908      	ldr	r1, [pc, #32]	; (80198 <frame_dummy+0x2c>)
   80176:	f3af 8000 	nop.w
   8017a:	4808      	ldr	r0, [pc, #32]	; (8019c <frame_dummy+0x30>)
   8017c:	6801      	ldr	r1, [r0, #0]
   8017e:	b111      	cbz	r1, 80186 <frame_dummy+0x1a>
   80180:	4a07      	ldr	r2, [pc, #28]	; (801a0 <frame_dummy+0x34>)
   80182:	b102      	cbz	r2, 80186 <frame_dummy+0x1a>
   80184:	4790      	blx	r2
   80186:	e8bd 4008 	ldmia.w	sp!, {r3, lr}
   8018a:	f7ff bfc5 	b.w	80118 <register_tm_clones>
   8018e:	bf00      	nop
   80190:	00000000 	.word	0x00000000
   80194:	00083458 	.word	0x00083458
   80198:	2007051c 	.word	0x2007051c
   8019c:	00083458 	.word	0x00083458
   801a0:	00000000 	.word	0x00000000

000801a4 <udi_cdc_comm_enable>:
static volatile bool udi_cdc_tx_both_buf_to_send[UDI_CDC_PORT_NB];

//@}

bool udi_cdc_comm_enable(void)
{
   801a4:	b410      	push	{r4}
	uint8_t port;
	uint8_t iface_comm_num;

#if UDI_CDC_PORT_NB == 1 // To optimize code
	port = 0;
	udi_cdc_nb_comm_enabled = 0;
   801a6:	f240 51d0 	movw	r1, #1488	; 0x5d0
   801aa:	f2c2 0107 	movt	r1, #8199	; 0x2007
   801ae:	f04f 0200 	mov.w	r2, #0
   801b2:	700a      	strb	r2, [r1, #0]
	}
	port = udi_cdc_nb_comm_enabled;
#endif

	// Initialize control signal management
	udi_cdc_state[port] = CPU_TO_LE16(0);
   801b4:	4610      	mov	r0, r2
   801b6:	f240 637c 	movw	r3, #1660	; 0x67c
   801ba:	f2c2 0307 	movt	r3, #8199	; 0x2007
   801be:	801a      	strh	r2, [r3, #0]

	uid_cdc_state_msg[port].header.bmRequestType =
   801c0:	f240 53e8 	movw	r3, #1512	; 0x5e8
   801c4:	f2c2 0307 	movt	r3, #8199	; 0x2007
   801c8:	f04f 04a1 	mov.w	r4, #161	; 0xa1
   801cc:	701c      	strb	r4, [r3, #0]
			USB_REQ_DIR_IN | USB_REQ_TYPE_CLASS |
			USB_REQ_RECIP_INTERFACE;
	uid_cdc_state_msg[port].header.bNotification = USB_REQ_CDC_NOTIFY_SERIAL_STATE;
   801ce:	f04f 0420 	mov.w	r4, #32
   801d2:	705c      	strb	r4, [r3, #1]
	uid_cdc_state_msg[port].header.wValue = LE16(0);
   801d4:	805a      	strh	r2, [r3, #2]
	default:
		iface_comm_num = UDI_CDC_COMM_IFACE_NUMBER_0;
		break;
	}

	uid_cdc_state_msg[port].header.wIndex = LE16(iface_comm_num);
   801d6:	809a      	strh	r2, [r3, #4]
	uid_cdc_state_msg[port].header.wLength = LE16(2);
   801d8:	f04f 0402 	mov.w	r4, #2
   801dc:	80dc      	strh	r4, [r3, #6]
	uid_cdc_state_msg[port].value = CPU_TO_LE16(0);
   801de:	811a      	strh	r2, [r3, #8]

	udi_cdc_line_coding[port].dwDTERate = CPU_TO_LE32(UDI_CDC_DEFAULT_RATE);
   801e0:	f240 5338 	movw	r3, #1336	; 0x538
   801e4:	f2c2 0307 	movt	r3, #8199	; 0x2007
   801e8:	f44f 32e1 	mov.w	r2, #115200	; 0x1c200
   801ec:	601a      	str	r2, [r3, #0]
	udi_cdc_line_coding[port].bCharFormat = UDI_CDC_DEFAULT_STOPBITS;
   801ee:	7118      	strb	r0, [r3, #4]
	udi_cdc_line_coding[port].bParityType = UDI_CDC_DEFAULT_PARITY;
   801f0:	7158      	strb	r0, [r3, #5]
	udi_cdc_line_coding[port].bDataBits = UDI_CDC_DEFAULT_DATABITS;
   801f2:	f04f 0008 	mov.w	r0, #8
   801f6:	7198      	strb	r0, [r3, #6]
	// to initialize memories or indicate that interface is enabled
	UDI_CDC_SET_CODING_EXT(port,(&udi_cdc_line_coding[port]));
	if (!UDI_CDC_ENABLE_EXT(port)) {
		return false;
	}
	udi_cdc_nb_comm_enabled++;
   801f8:	780b      	ldrb	r3, [r1, #0]
   801fa:	f103 0301 	add.w	r3, r3, #1
   801fe:	b2da      	uxtb	r2, r3
   80200:	700a      	strb	r2, [r1, #0]
	return true;
}
   80202:	f04f 0001 	mov.w	r0, #1
   80206:	bc10      	pop	{r4}
   80208:	4770      	bx	lr
   8020a:	bf00      	nop

0008020c <udi_cdc_comm_disable>:
}

void udi_cdc_comm_disable(void)
{
	Assert(udi_cdc_nb_comm_enabled != 0);
	udi_cdc_nb_comm_enabled--;
   8020c:	f240 53d0 	movw	r3, #1488	; 0x5d0
   80210:	f2c2 0307 	movt	r3, #8199	; 0x2007
   80214:	781a      	ldrb	r2, [r3, #0]
   80216:	f102 30ff 	add.w	r0, r2, #4294967295
   8021a:	b2c1      	uxtb	r1, r0
   8021c:	7019      	strb	r1, [r3, #0]
   8021e:	4770      	bx	lr

00080220 <udi_cdc_data_disable>:
{
	uint8_t port;
	UNUSED(port);

	Assert(udi_cdc_nb_data_enabled != 0);
	udi_cdc_nb_data_enabled--;
   80220:	f240 5340 	movw	r3, #1344	; 0x540
   80224:	f2c2 0307 	movt	r3, #8199	; 0x2007
   80228:	781a      	ldrb	r2, [r3, #0]
   8022a:	f102 30ff 	add.w	r0, r2, #4294967295
   8022e:	b2c1      	uxtb	r1, r0
   80230:	7019      	strb	r1, [r3, #0]
	port = udi_cdc_nb_data_enabled;
   80232:	781b      	ldrb	r3, [r3, #0]
	UDI_CDC_DISABLE_EXT(port);
	udi_cdc_data_running = false;
   80234:	f240 53dc 	movw	r3, #1500	; 0x5dc
   80238:	f2c2 0307 	movt	r3, #8199	; 0x2007
   8023c:	f04f 0200 	mov.w	r2, #0
   80240:	701a      	strb	r2, [r3, #0]
   80242:	4770      	bx	lr

00080244 <udi_cdc_data_setup>:
}

bool udi_cdc_data_setup(void)
{
	return false;  // request Not supported
}
   80244:	f04f 0000 	mov.w	r0, #0
   80248:	4770      	bx	lr
   8024a:	bf00      	nop

0008024c <udi_cdc_getsetting>:

uint8_t udi_cdc_getsetting(void)
{
	return 0;      // CDC don't have multiple alternate setting
}
   8024c:	f04f 0000 	mov.w	r0, #0
   80250:	4770      	bx	lr
   80252:	bf00      	nop

00080254 <udi_cdc_comm_setup>:

bool udi_cdc_comm_setup(void)
{
	uint8_t port = udi_cdc_setup_to_port();

	if (Udd_setup_is_in()) {
   80254:	f240 7360 	movw	r3, #1888	; 0x760
   80258:	f2c2 0307 	movt	r3, #8199	; 0x2007
   8025c:	7818      	ldrb	r0, [r3, #0]
   8025e:	f010 0f80 	tst.w	r0, #128	; 0x80
   80262:	d020      	beq.n	802a6 <udi_cdc_comm_setup+0x52>
		// GET Interface Requests
		if (Udd_setup_type() == USB_REQ_TYPE_CLASS) {
   80264:	f000 0160 	and.w	r1, r0, #96	; 0x60
   80268:	2920      	cmp	r1, #32
   8026a:	d147      	bne.n	802fc <udi_cdc_comm_setup+0xa8>
			// Requests Class Interface Get
			switch (udd_g_ctrlreq.req.bRequest) {
   8026c:	f240 7260 	movw	r2, #1888	; 0x760
   80270:	f2c2 0207 	movt	r2, #8199	; 0x2007
   80274:	7853      	ldrb	r3, [r2, #1]
   80276:	2b21      	cmp	r3, #33	; 0x21
   80278:	d143      	bne.n	80302 <udi_cdc_comm_setup+0xae>
			case USB_REQ_CDC_GET_LINE_CODING:
				// Get configuration of CDC line
				if (sizeof(usb_cdc_line_coding_t) !=
						udd_g_ctrlreq.req.wLength)
   8027a:	f240 7060 	movw	r0, #1888	; 0x760
   8027e:	f2c2 0007 	movt	r0, #8199	; 0x2007
		if (Udd_setup_type() == USB_REQ_TYPE_CLASS) {
			// Requests Class Interface Get
			switch (udd_g_ctrlreq.req.bRequest) {
			case USB_REQ_CDC_GET_LINE_CODING:
				// Get configuration of CDC line
				if (sizeof(usb_cdc_line_coding_t) !=
   80282:	88c1      	ldrh	r1, [r0, #6]
   80284:	2907      	cmp	r1, #7
   80286:	d13f      	bne.n	80308 <udi_cdc_comm_setup+0xb4>
						udd_g_ctrlreq.req.wLength)
					return false; // Error for USB host
				udd_g_ctrlreq.payload =
   80288:	f240 7360 	movw	r3, #1888	; 0x760
   8028c:	f2c2 0307 	movt	r3, #8199	; 0x2007
   80290:	f240 5238 	movw	r2, #1336	; 0x538
   80294:	f2c2 0207 	movt	r2, #8199	; 0x2007
   80298:	609a      	str	r2, [r3, #8]
						(uint8_t *) &
						udi_cdc_line_coding[port];
				udd_g_ctrlreq.payload_size =
   8029a:	f04f 0007 	mov.w	r0, #7
   8029e:	8198      	strh	r0, [r3, #12]
						sizeof(usb_cdc_line_coding_t);
				return true;
   802a0:	f04f 0001 	mov.w	r0, #1
   802a4:	4770      	bx	lr
			}
		}
	}
	if (Udd_setup_is_out()) {
		// SET Interface Requests
		if (Udd_setup_type() == USB_REQ_TYPE_CLASS) {
   802a6:	f000 0160 	and.w	r1, r0, #96	; 0x60
   802aa:	2920      	cmp	r1, #32
   802ac:	d12f      	bne.n	8030e <udi_cdc_comm_setup+0xba>
			// Requests Class Interface Set
			switch (udd_g_ctrlreq.req.bRequest) {
   802ae:	f240 7260 	movw	r2, #1888	; 0x760
   802b2:	f2c2 0207 	movt	r2, #8199	; 0x2007
   802b6:	7850      	ldrb	r0, [r2, #1]
   802b8:	2820      	cmp	r0, #32
   802ba:	d004      	beq.n	802c6 <udi_cdc_comm_setup+0x72>
						 & CDC_CTRL_SIGNAL_ACTIVATE_CARRIER)));
				return true;
			}
		}
	}
	return false;  // request Not supported
   802bc:	2822      	cmp	r0, #34	; 0x22
   802be:	bf14      	ite	ne
   802c0:	2000      	movne	r0, #0
   802c2:	2001      	moveq	r0, #1
   802c4:	4770      	bx	lr
			// Requests Class Interface Set
			switch (udd_g_ctrlreq.req.bRequest) {
			case USB_REQ_CDC_SET_LINE_CODING:
				// Change configuration of CDC line
				if (sizeof(usb_cdc_line_coding_t) !=
						udd_g_ctrlreq.req.wLength)
   802c6:	f240 7360 	movw	r3, #1888	; 0x760
   802ca:	f2c2 0307 	movt	r3, #8199	; 0x2007
		if (Udd_setup_type() == USB_REQ_TYPE_CLASS) {
			// Requests Class Interface Set
			switch (udd_g_ctrlreq.req.bRequest) {
			case USB_REQ_CDC_SET_LINE_CODING:
				// Change configuration of CDC line
				if (sizeof(usb_cdc_line_coding_t) !=
   802ce:	88d8      	ldrh	r0, [r3, #6]
   802d0:	2807      	cmp	r0, #7
   802d2:	d11f      	bne.n	80314 <udi_cdc_comm_setup+0xc0>
						udd_g_ctrlreq.req.wLength)
					return false; // Error for USB host
				udd_g_ctrlreq.callback =
   802d4:	f240 7160 	movw	r1, #1888	; 0x760
   802d8:	f2c2 0107 	movt	r1, #8199	; 0x2007
   802dc:	f240 321d 	movw	r2, #797	; 0x31d
   802e0:	f2c0 0208 	movt	r2, #8
   802e4:	610a      	str	r2, [r1, #16]
						udi_cdc_line_coding_received;
				udd_g_ctrlreq.payload =
   802e6:	f240 5338 	movw	r3, #1336	; 0x538
   802ea:	f2c2 0307 	movt	r3, #8199	; 0x2007
   802ee:	608b      	str	r3, [r1, #8]
						(uint8_t *) &
						udi_cdc_line_coding[port];
				udd_g_ctrlreq.payload_size =
   802f0:	f04f 0007 	mov.w	r0, #7
   802f4:	8188      	strh	r0, [r1, #12]
						sizeof(usb_cdc_line_coding_t);
				return true;
   802f6:	f04f 0001 	mov.w	r0, #1
   802fa:	4770      	bx	lr
						 & CDC_CTRL_SIGNAL_ACTIVATE_CARRIER)));
				return true;
			}
		}
	}
	return false;  // request Not supported
   802fc:	f04f 0000 	mov.w	r0, #0
   80300:	4770      	bx	lr
   80302:	f04f 0000 	mov.w	r0, #0
   80306:	4770      	bx	lr
			switch (udd_g_ctrlreq.req.bRequest) {
			case USB_REQ_CDC_GET_LINE_CODING:
				// Get configuration of CDC line
				if (sizeof(usb_cdc_line_coding_t) !=
						udd_g_ctrlreq.req.wLength)
					return false; // Error for USB host
   80308:	f04f 0000 	mov.w	r0, #0
   8030c:	4770      	bx	lr
						 & CDC_CTRL_SIGNAL_ACTIVATE_CARRIER)));
				return true;
			}
		}
	}
	return false;  // request Not supported
   8030e:	f04f 0000 	mov.w	r0, #0
   80312:	4770      	bx	lr
			switch (udd_g_ctrlreq.req.bRequest) {
			case USB_REQ_CDC_SET_LINE_CODING:
				// Change configuration of CDC line
				if (sizeof(usb_cdc_line_coding_t) !=
						udd_g_ctrlreq.req.wLength)
					return false; // Error for USB host
   80314:	f04f 0000 	mov.w	r0, #0
				return true;
			}
		}
	}
	return false;  // request Not supported
}
   80318:	4770      	bx	lr
   8031a:	bf00      	nop

0008031c <udi_cdc_line_coding_received>:
	}
	return port;
}

static void udi_cdc_line_coding_received(void)
{
   8031c:	4770      	bx	lr
   8031e:	bf00      	nop

00080320 <udi_cdc_tx_send>:
	udi_cdc_tx_send(port);
}


static void udi_cdc_tx_send(uint8_t port)
{
   80320:	b530      	push	{r4, r5, lr}
   80322:	b083      	sub	sp, #12

#if UDI_CDC_PORT_NB == 1 // To optimize code
	port = 0;
#endif

	if (udi_cdc_tx_trans_ongoing[port]) {
   80324:	f240 53e4 	movw	r3, #1508	; 0x5e4
   80328:	f2c2 0307 	movt	r3, #8199	; 0x2007
   8032c:	7818      	ldrb	r0, [r3, #0]
   8032e:	2800      	cmp	r0, #0
   80330:	f040 80de 	bne.w	804f0 <udi_cdc_tx_send+0x1d0>
		return; // Already on going or wait next SOF to send next data
	}
	if (udd_is_high_speed()) {
   80334:	f242 11b1 	movw	r1, #8625	; 0x21b1
   80338:	f2c0 0108 	movt	r1, #8
   8033c:	4788      	blx	r1
   8033e:	b160      	cbz	r0, 8035a <udi_cdc_tx_send+0x3a>
		if (udi_cdc_tx_sof_num[port] == udd_get_micro_frame_number()) {
   80340:	f240 54d8 	movw	r4, #1496	; 0x5d8
   80344:	f2c2 0407 	movt	r4, #8199	; 0x2007
   80348:	8824      	ldrh	r4, [r4, #0]
   8034a:	f242 2005 	movw	r0, #8709	; 0x2205
   8034e:	f2c0 0008 	movt	r0, #8
   80352:	4780      	blx	r0
   80354:	4284      	cmp	r4, r0
   80356:	d10d      	bne.n	80374 <udi_cdc_tx_send+0x54>
   80358:	e0ca      	b.n	804f0 <udi_cdc_tx_send+0x1d0>
			return; // Wait next SOF to send next data
		}
	}else{
		if (udi_cdc_tx_sof_num[port] == udd_get_frame_number()) {
   8035a:	f240 52d8 	movw	r2, #1496	; 0x5d8
   8035e:	f2c2 0207 	movt	r2, #8199	; 0x2007
   80362:	8814      	ldrh	r4, [r2, #0]
   80364:	f242 13f5 	movw	r3, #8693	; 0x21f5
   80368:	f2c0 0308 	movt	r3, #8
   8036c:	4798      	blx	r3
   8036e:	4284      	cmp	r4, r0
   80370:	f000 80be 	beq.w	804f0 <udi_cdc_tx_send+0x1d0>
 */
__attribute__( ( always_inline ) ) __STATIC_INLINE uint32_t __get_PRIMASK(void)
{
  uint32_t result;

  __ASM volatile ("MRS %0, primask" : "=r" (result) );
   80374:	f3ef 8510 	mrs	r5, PRIMASK
static volatile uint32_t cpu_irq_critical_section_counter;
static volatile bool     cpu_irq_prev_interrupt_state;

static inline irqflags_t cpu_irq_save(void)
{
	irqflags_t flags = cpu_irq_is_enabled();
   80378:	f1d5 0501 	rsbs	r5, r5, #1
   8037c:	bf38      	it	cc
   8037e:	2500      	movcc	r5, #0
  This function disables IRQ interrupts by setting the I-bit in the CPSR.
  Can only be executed in Privileged modes.
 */
__attribute__( ( always_inline ) ) __STATIC_INLINE void __disable_irq(void)
{
  __ASM volatile ("cpsid i");
   80380:	b672      	cpsid	i
    This function ensures the apparent order of the explicit memory operations before
    and after the instruction, without ensuring their completion.
 */
__attribute__( ( always_inline ) ) __STATIC_INLINE void __DMB(void)
{
  __ASM volatile ("dmb");
   80382:	f3bf 8f5f 	dmb	sy
	cpu_irq_disable();
   80386:	f240 01e4 	movw	r1, #228	; 0xe4
   8038a:	f2c2 0107 	movt	r1, #8199	; 0x2007
   8038e:	f04f 0200 	mov.w	r2, #0
   80392:	700a      	strb	r2, [r1, #0]
			return; // Wait next SOF to send next data
		}
	}

	flags = cpu_irq_save(); // to protect udi_cdc_tx_buf_sel
	buf_sel_trans = udi_cdc_tx_buf_sel[port];
   80394:	f240 5344 	movw	r3, #1348	; 0x544
   80398:	f2c2 0307 	movt	r3, #8199	; 0x2007
   8039c:	781c      	ldrb	r4, [r3, #0]
	if (udi_cdc_tx_buf_nb[port][buf_sel_trans] == 0) {
   8039e:	f240 5048 	movw	r0, #1352	; 0x548
   803a2:	f2c2 0007 	movt	r0, #8199	; 0x2007
   803a6:	f830 1014 	ldrh.w	r1, [r0, r4, lsl #1]
   803aa:	bb79      	cbnz	r1, 8040c <udi_cdc_tx_send+0xec>
		sof_zlp_counter++;
   803ac:	f240 6374 	movw	r3, #1652	; 0x674
   803b0:	f2c2 0307 	movt	r3, #8199	; 0x2007
   803b4:	881a      	ldrh	r2, [r3, #0]
   803b6:	f102 0201 	add.w	r2, r2, #1
   803ba:	801a      	strh	r2, [r3, #0]
		if (((!udd_is_high_speed()) && (sof_zlp_counter < 100))
   803bc:	f242 10b1 	movw	r0, #8625	; 0x21b1
   803c0:	f2c0 0008 	movt	r0, #8
   803c4:	4780      	blx	r0
   803c6:	b930      	cbnz	r0, 803d6 <udi_cdc_tx_send+0xb6>
   803c8:	f240 6174 	movw	r1, #1652	; 0x674
   803cc:	f2c2 0107 	movt	r1, #8199	; 0x2007
   803d0:	880b      	ldrh	r3, [r1, #0]
   803d2:	2b63      	cmp	r3, #99	; 0x63
   803d4:	d90d      	bls.n	803f2 <udi_cdc_tx_send+0xd2>
				|| (udd_is_high_speed() && (sof_zlp_counter < 800))) {
   803d6:	f242 12b1 	movw	r2, #8625	; 0x21b1
   803da:	f2c0 0208 	movt	r2, #8
   803de:	4790      	blx	r2
   803e0:	b1a0      	cbz	r0, 8040c <udi_cdc_tx_send+0xec>
   803e2:	f240 6074 	movw	r0, #1652	; 0x674
   803e6:	f2c2 0007 	movt	r0, #8199	; 0x2007
   803ea:	8801      	ldrh	r1, [r0, #0]
   803ec:	f5b1 7f48 	cmp.w	r1, #800	; 0x320
   803f0:	d20c      	bcs.n	8040c <udi_cdc_tx_send+0xec>
	return (flags);
}

static inline void cpu_irq_restore(irqflags_t flags)
{
	if (cpu_irq_is_enabled_flags(flags))
   803f2:	2d00      	cmp	r5, #0
   803f4:	d07c      	beq.n	804f0 <udi_cdc_tx_send+0x1d0>
		cpu_irq_enable();
   803f6:	f240 03e4 	movw	r3, #228	; 0xe4
   803fa:	f2c2 0307 	movt	r3, #8199	; 0x2007
   803fe:	f04f 0201 	mov.w	r2, #1
   80402:	701a      	strb	r2, [r3, #0]
   80404:	f3bf 8f5f 	dmb	sy
  This function enables IRQ interrupts by clearing the I-bit in the CPSR.
  Can only be executed in Privileged modes.
 */
__attribute__( ( always_inline ) ) __STATIC_INLINE void __enable_irq(void)
{
  __ASM volatile ("cpsie i");
   80408:	b662      	cpsie	i
   8040a:	e071      	b.n	804f0 <udi_cdc_tx_send+0x1d0>
			cpu_irq_restore(flags);
			return;
		}
	}
	sof_zlp_counter = 0;
   8040c:	f240 6374 	movw	r3, #1652	; 0x674
   80410:	f2c2 0307 	movt	r3, #8199	; 0x2007
   80414:	f04f 0200 	mov.w	r2, #0
   80418:	801a      	strh	r2, [r3, #0]

	if (!udi_cdc_tx_both_buf_to_send[port]) {
   8041a:	f240 6078 	movw	r0, #1656	; 0x678
   8041e:	f2c2 0007 	movt	r0, #8199	; 0x2007
   80422:	7801      	ldrb	r1, [r0, #0]
   80424:	b949      	cbnz	r1, 8043a <udi_cdc_tx_send+0x11a>
		// Send current Buffer
		// and switch the current buffer
		udi_cdc_tx_buf_sel[port] = (buf_sel_trans==0)?1:0;
   80426:	4294      	cmp	r4, r2
   80428:	bf14      	ite	ne
   8042a:	2200      	movne	r2, #0
   8042c:	2201      	moveq	r2, #1
   8042e:	f240 5344 	movw	r3, #1348	; 0x544
   80432:	f2c2 0307 	movt	r3, #8199	; 0x2007
   80436:	701a      	strb	r2, [r3, #0]
   80438:	e003      	b.n	80442 <udi_cdc_tx_send+0x122>
	}else{
		// Send the other Buffer
		// and no switch the current buffer
		buf_sel_trans = (buf_sel_trans==0)?1:0;
   8043a:	f1d4 0401 	rsbs	r4, r4, #1
   8043e:	bf38      	it	cc
   80440:	2400      	movcc	r4, #0
	}
	udi_cdc_tx_trans_ongoing[port] = true;
   80442:	f240 50e4 	movw	r0, #1508	; 0x5e4
   80446:	f2c2 0007 	movt	r0, #8199	; 0x2007
   8044a:	f04f 0201 	mov.w	r2, #1
   8044e:	7002      	strb	r2, [r0, #0]
	return (flags);
}

static inline void cpu_irq_restore(irqflags_t flags)
{
	if (cpu_irq_is_enabled_flags(flags))
   80450:	b13d      	cbz	r5, 80462 <udi_cdc_tx_send+0x142>
		cpu_irq_enable();
   80452:	f240 05e4 	movw	r5, #228	; 0xe4
   80456:	f2c2 0507 	movt	r5, #8199	; 0x2007
   8045a:	702a      	strb	r2, [r5, #0]
   8045c:	f3bf 8f5f 	dmb	sy
   80460:	b662      	cpsie	i
	cpu_irq_restore(flags);

	b_short_packet = (udi_cdc_tx_buf_nb[port][buf_sel_trans] != UDI_CDC_TX_BUFFERS);
   80462:	4625      	mov	r5, r4
   80464:	f240 5148 	movw	r1, #1352	; 0x548
   80468:	f2c2 0107 	movt	r1, #8199	; 0x2007
   8046c:	f831 4014 	ldrh.w	r4, [r1, r4, lsl #1]
   80470:	3c40      	subs	r4, #64	; 0x40
   80472:	bf18      	it	ne
   80474:	2401      	movne	r4, #1
	if (b_short_packet) {
   80476:	b1dc      	cbz	r4, 804b0 <udi_cdc_tx_send+0x190>
		if (udd_is_high_speed()) {
   80478:	f242 12b1 	movw	r2, #8625	; 0x21b1
   8047c:	f2c0 0208 	movt	r2, #8
   80480:	4790      	blx	r2
   80482:	b150      	cbz	r0, 8049a <udi_cdc_tx_send+0x17a>
			udi_cdc_tx_sof_num[port] = udd_get_micro_frame_number();
   80484:	f242 2005 	movw	r0, #8709	; 0x2205
   80488:	f2c0 0008 	movt	r0, #8
   8048c:	4780      	blx	r0
   8048e:	f240 52d8 	movw	r2, #1496	; 0x5d8
   80492:	f2c2 0207 	movt	r2, #8199	; 0x2007
   80496:	8010      	strh	r0, [r2, #0]
   80498:	e011      	b.n	804be <udi_cdc_tx_send+0x19e>
		}else{
			udi_cdc_tx_sof_num[port] = udd_get_frame_number();
   8049a:	f242 11f5 	movw	r1, #8693	; 0x21f5
   8049e:	f2c0 0108 	movt	r1, #8
   804a2:	4788      	blx	r1
   804a4:	f240 53d8 	movw	r3, #1496	; 0x5d8
   804a8:	f2c2 0307 	movt	r3, #8199	; 0x2007
   804ac:	8018      	strh	r0, [r3, #0]
   804ae:	e006      	b.n	804be <udi_cdc_tx_send+0x19e>
		}
	}else{
		udi_cdc_tx_sof_num[port] = 0; // Force next transfer without wait SOF
   804b0:	f240 53d8 	movw	r3, #1496	; 0x5d8
   804b4:	f2c2 0307 	movt	r3, #8199	; 0x2007
   804b8:	f04f 0000 	mov.w	r0, #0
   804bc:	8018      	strh	r0, [r3, #0]
		break;
	}
	udd_ep_run( ep,
			b_short_packet,
			udi_cdc_tx_buf[port][buf_sel_trans],
			udi_cdc_tx_buf_nb[port][buf_sel_trans],
   804be:	f240 5148 	movw	r1, #1352	; 0x548
   804c2:	f2c2 0107 	movt	r1, #8199	; 0x2007
#undef UDI_CDC_PORT_TO_DATA_EP_IN
	default:
		ep = UDI_CDC_DATA_EP_IN_0;
		break;
	}
	udd_ep_run( ep,
   804c6:	f831 3015 	ldrh.w	r3, [r1, r5, lsl #1]
   804ca:	f240 5009 	movw	r0, #1289	; 0x509
   804ce:	f2c0 0008 	movt	r0, #8
   804d2:	9000      	str	r0, [sp, #0]
   804d4:	f04f 0081 	mov.w	r0, #129	; 0x81
   804d8:	4621      	mov	r1, r4
   804da:	f240 544c 	movw	r4, #1356	; 0x54c
   804de:	f2c2 0407 	movt	r4, #8199	; 0x2007
   804e2:	eb04 1285 	add.w	r2, r4, r5, lsl #6
   804e6:	f242 44c1 	movw	r4, #9409	; 0x24c1
   804ea:	f2c0 0408 	movt	r4, #8
   804ee:	47a0      	blx	r4
			b_short_packet,
			udi_cdc_tx_buf[port][buf_sel_trans],
			udi_cdc_tx_buf_nb[port][buf_sel_trans],
			udi_cdc_data_sent);
}
   804f0:	b003      	add	sp, #12
   804f2:	bd30      	pop	{r4, r5, pc}

000804f4 <udi_cdc_data_sof_notify>:
{
	return 0;      // CDC don't have multiple alternate setting
}

void udi_cdc_data_sof_notify(void)
{
   804f4:	b508      	push	{r3, lr}
	static uint8_t port_notify = 0;

	// A call of udi_cdc_data_sof_notify() is done for each port
	udi_cdc_tx_send(port_notify);
   804f6:	f04f 0000 	mov.w	r0, #0
   804fa:	f240 3321 	movw	r3, #801	; 0x321
   804fe:	f2c0 0308 	movt	r3, #8
   80502:	4798      	blx	r3
   80504:	bd08      	pop	{r3, pc}
   80506:	bf00      	nop

00080508 <udi_cdc_data_sent>:
	udi_cdc_rx_start(port);
}


static void udi_cdc_data_sent(udd_ep_status_t status, iram_size_t n, udd_ep_id_t ep)
{
   80508:	b508      	push	{r3, lr}
	default:
		port = 0;
		break;
	}

	if (UDD_EP_TRANSFER_OK != status) {
   8050a:	b9e8      	cbnz	r0, 80548 <udi_cdc_data_sent+0x40>
		// Abort transfer
		return;
	}
	udi_cdc_tx_buf_nb[port][(udi_cdc_tx_buf_sel[port]==0)?1:0] = 0;
   8050c:	f240 5344 	movw	r3, #1348	; 0x544
   80510:	f2c2 0307 	movt	r3, #8199	; 0x2007
   80514:	7819      	ldrb	r1, [r3, #0]
   80516:	f1d1 0101 	rsbs	r1, r1, #1
   8051a:	bf38      	it	cc
   8051c:	2100      	movcc	r1, #0
   8051e:	f240 5348 	movw	r3, #1352	; 0x548
   80522:	f2c2 0307 	movt	r3, #8199	; 0x2007
   80526:	f823 0011 	strh.w	r0, [r3, r1, lsl #1]
	udi_cdc_tx_both_buf_to_send[port] = false;
   8052a:	f240 6178 	movw	r1, #1656	; 0x678
   8052e:	f2c2 0107 	movt	r1, #8199	; 0x2007
   80532:	7008      	strb	r0, [r1, #0]
	udi_cdc_tx_trans_ongoing[port] = false;
   80534:	f240 52e4 	movw	r2, #1508	; 0x5e4
   80538:	f2c2 0207 	movt	r2, #8199	; 0x2007
   8053c:	7010      	strb	r0, [r2, #0]

	if (n != 0) {
		UDI_CDC_TX_EMPTY_NOTIFY(port);
	}
	udi_cdc_tx_send(port);
   8053e:	f240 3321 	movw	r3, #801	; 0x321
   80542:	f2c0 0308 	movt	r3, #8
   80546:	4798      	blx	r3
   80548:	bd08      	pop	{r3, pc}
   8054a:	bf00      	nop

0008054c <udi_cdc_multi_get_nb_received_data>:
 */
__attribute__( ( always_inline ) ) __STATIC_INLINE uint32_t __get_PRIMASK(void)
{
  uint32_t result;

  __ASM volatile ("MRS %0, primask" : "=r" (result) );
   8054c:	f3ef 8310 	mrs	r3, PRIMASK
  This function disables IRQ interrupts by setting the I-bit in the CPSR.
  Can only be executed in Privileged modes.
 */
__attribute__( ( always_inline ) ) __STATIC_INLINE void __disable_irq(void)
{
  __ASM volatile ("cpsid i");
   80550:	b672      	cpsid	i
   80552:	f3bf 8f5f 	dmb	sy
static volatile bool     cpu_irq_prev_interrupt_state;

static inline irqflags_t cpu_irq_save(void)
{
	irqflags_t flags = cpu_irq_is_enabled();
	cpu_irq_disable();
   80556:	f240 02e4 	movw	r2, #228	; 0xe4
   8055a:	f2c2 0207 	movt	r2, #8199	; 0x2007
   8055e:	f04f 0100 	mov.w	r1, #0
   80562:	7011      	strb	r1, [r2, #0]

#if UDI_CDC_PORT_NB == 1 // To optimize code
	port = 0;
#endif
	flags = cpu_irq_save();
	pos = udi_cdc_rx_pos[port];
   80564:	f240 50d4 	movw	r0, #1492	; 0x5d4
   80568:	f2c2 0007 	movt	r0, #8199	; 0x2007
   8056c:	8802      	ldrh	r2, [r0, #0]
   8056e:	b290      	uxth	r0, r2
	nb_received = udi_cdc_rx_buf_nb[port][udi_cdc_rx_buf_sel[port]] - pos;
   80570:	f240 51e0 	movw	r1, #1504	; 0x5e0
   80574:	f2c2 0107 	movt	r1, #8199	; 0x2007
   80578:	7809      	ldrb	r1, [r1, #0]
   8057a:	f240 52cc 	movw	r2, #1484	; 0x5cc
   8057e:	f2c2 0207 	movt	r2, #8199	; 0x2007
   80582:	f832 1011 	ldrh.w	r1, [r2, r1, lsl #1]
   80586:	1a08      	subs	r0, r1, r0
	return (flags);
}

static inline void cpu_irq_restore(irqflags_t flags)
{
	if (cpu_irq_is_enabled_flags(flags))
   80588:	b94b      	cbnz	r3, 8059e <udi_cdc_multi_get_nb_received_data+0x52>
		cpu_irq_enable();
   8058a:	f240 03e4 	movw	r3, #228	; 0xe4
   8058e:	f2c2 0307 	movt	r3, #8199	; 0x2007
   80592:	f04f 0201 	mov.w	r2, #1
   80596:	701a      	strb	r2, [r3, #0]
   80598:	f3bf 8f5f 	dmb	sy
  This function enables IRQ interrupts by clearing the I-bit in the CPSR.
  Can only be executed in Privileged modes.
 */
__attribute__( ( always_inline ) ) __STATIC_INLINE void __enable_irq(void)
{
  __ASM volatile ("cpsie i");
   8059c:	b662      	cpsie	i
	cpu_irq_restore(flags);
	return nb_received;
}
   8059e:	4770      	bx	lr

000805a0 <udi_cdc_multi_is_rx_ready>:
{
	return udi_cdc_multi_get_nb_received_data(0);
}

bool udi_cdc_multi_is_rx_ready(uint8_t port)
{
   805a0:	b508      	push	{r3, lr}
	return (udi_cdc_multi_get_nb_received_data(port) > 0);
   805a2:	f240 534d 	movw	r3, #1357	; 0x54d
   805a6:	f2c0 0308 	movt	r3, #8
   805aa:	4798      	blx	r3
}
   805ac:	3000      	adds	r0, #0
   805ae:	bf18      	it	ne
   805b0:	2001      	movne	r0, #1
   805b2:	bd08      	pop	{r3, pc}

000805b4 <udi_cdc_rx_start>:
//-------------------------------------------------
//------- Internal routines to process data transfer


static bool udi_cdc_rx_start(uint8_t port)
{
   805b4:	b510      	push	{r4, lr}
   805b6:	b082      	sub	sp, #8
 */
__attribute__( ( always_inline ) ) __STATIC_INLINE uint32_t __get_PRIMASK(void)
{
  uint32_t result;

  __ASM volatile ("MRS %0, primask" : "=r" (result) );
   805b8:	f3ef 8310 	mrs	r3, PRIMASK
static volatile uint32_t cpu_irq_critical_section_counter;
static volatile bool     cpu_irq_prev_interrupt_state;

static inline irqflags_t cpu_irq_save(void)
{
	irqflags_t flags = cpu_irq_is_enabled();
   805bc:	f1d3 0001 	rsbs	r0, r3, #1
   805c0:	bf38      	it	cc
   805c2:	2000      	movcc	r0, #0
  This function disables IRQ interrupts by setting the I-bit in the CPSR.
  Can only be executed in Privileged modes.
 */
__attribute__( ( always_inline ) ) __STATIC_INLINE void __disable_irq(void)
{
  __ASM volatile ("cpsid i");
   805c4:	b672      	cpsid	i
   805c6:	f3bf 8f5f 	dmb	sy
	cpu_irq_disable();
   805ca:	f240 02e4 	movw	r2, #228	; 0xe4
   805ce:	f2c2 0207 	movt	r2, #8199	; 0x2007
   805d2:	f04f 0100 	mov.w	r1, #0
   805d6:	7011      	strb	r1, [r2, #0]
#if UDI_CDC_PORT_NB == 1 // To optimize code
	port = 0;
#endif

	flags = cpu_irq_save();
	buf_sel_trans = udi_cdc_rx_buf_sel[port];
   805d8:	f240 54e0 	movw	r4, #1504	; 0x5e0
   805dc:	f2c2 0407 	movt	r4, #8199	; 0x2007
   805e0:	7824      	ldrb	r4, [r4, #0]
	if (udi_cdc_rx_trans_ongoing[port] ||
   805e2:	f240 5334 	movw	r3, #1332	; 0x534
   805e6:	f2c2 0307 	movt	r3, #8199	; 0x2007
   805ea:	781a      	ldrb	r2, [r3, #0]
   805ec:	b96a      	cbnz	r2, 8060a <udi_cdc_rx_start+0x56>
		(udi_cdc_rx_pos[port] < udi_cdc_rx_buf_nb[port][buf_sel_trans])) {
   805ee:	f240 51d4 	movw	r1, #1492	; 0x5d4
   805f2:	f2c2 0107 	movt	r1, #8199	; 0x2007
   805f6:	880b      	ldrh	r3, [r1, #0]
   805f8:	b29a      	uxth	r2, r3
   805fa:	f240 51cc 	movw	r1, #1484	; 0x5cc
   805fe:	f2c2 0107 	movt	r1, #8199	; 0x2007
	port = 0;
#endif

	flags = cpu_irq_save();
	buf_sel_trans = udi_cdc_rx_buf_sel[port];
	if (udi_cdc_rx_trans_ongoing[port] ||
   80602:	f831 3014 	ldrh.w	r3, [r1, r4, lsl #1]
   80606:	4293      	cmp	r3, r2
   80608:	d90e      	bls.n	80628 <udi_cdc_rx_start+0x74>
	return (flags);
}

static inline void cpu_irq_restore(irqflags_t flags)
{
	if (cpu_irq_is_enabled_flags(flags))
   8060a:	2800      	cmp	r0, #0
   8060c:	d04a      	beq.n	806a4 <udi_cdc_rx_start+0xf0>
		cpu_irq_enable();
   8060e:	f240 00e4 	movw	r0, #228	; 0xe4
   80612:	f2c2 0007 	movt	r0, #8199	; 0x2007
   80616:	f04f 0201 	mov.w	r2, #1
   8061a:	7002      	strb	r2, [r0, #0]
   8061c:	f3bf 8f5f 	dmb	sy
  This function enables IRQ interrupts by clearing the I-bit in the CPSR.
  Can only be executed in Privileged modes.
 */
__attribute__( ( always_inline ) ) __STATIC_INLINE void __enable_irq(void)
{
  __ASM volatile ("cpsie i");
   80620:	b662      	cpsie	i
		(udi_cdc_rx_pos[port] < udi_cdc_rx_buf_nb[port][buf_sel_trans])) {
		// Transfer already on-going or current buffer no empty
		cpu_irq_restore(flags);
		return false;
   80622:	f04f 0000 	mov.w	r0, #0
   80626:	e03f      	b.n	806a8 <udi_cdc_rx_start+0xf4>
	}

	// Change current buffer
	udi_cdc_rx_pos[port] = 0;
   80628:	f240 52d4 	movw	r2, #1492	; 0x5d4
   8062c:	f2c2 0207 	movt	r2, #8199	; 0x2007
   80630:	f04f 0100 	mov.w	r1, #0
   80634:	8011      	strh	r1, [r2, #0]
	udi_cdc_rx_buf_sel[port] = (buf_sel_trans==0)?1:0;
   80636:	428c      	cmp	r4, r1
   80638:	bf14      	ite	ne
   8063a:	2100      	movne	r1, #0
   8063c:	2101      	moveq	r1, #1
   8063e:	f240 53e0 	movw	r3, #1504	; 0x5e0
   80642:	f2c2 0307 	movt	r3, #8199	; 0x2007
   80646:	7019      	strb	r1, [r3, #0]

	// Start transfer on RX
	udi_cdc_rx_trans_ongoing[port] = true;
   80648:	f240 5234 	movw	r2, #1332	; 0x534
   8064c:	f2c2 0207 	movt	r2, #8199	; 0x2007
   80650:	f04f 0101 	mov.w	r1, #1
   80654:	7011      	strb	r1, [r2, #0]
	return (flags);
}

static inline void cpu_irq_restore(irqflags_t flags)
{
	if (cpu_irq_is_enabled_flags(flags))
   80656:	b138      	cbz	r0, 80668 <udi_cdc_rx_start+0xb4>
		cpu_irq_enable();
   80658:	f240 00e4 	movw	r0, #228	; 0xe4
   8065c:	f2c2 0007 	movt	r0, #8199	; 0x2007
   80660:	7001      	strb	r1, [r0, #0]
   80662:	f3bf 8f5f 	dmb	sy
   80666:	b662      	cpsie	i
	cpu_irq_restore(flags);

	if (udi_cdc_multi_is_rx_ready(port)) {
   80668:	f04f 0000 	mov.w	r0, #0
   8066c:	f240 52a1 	movw	r2, #1441	; 0x5a1
   80670:	f2c0 0208 	movt	r2, #8
   80674:	4790      	blx	r2
#undef UDI_CDC_PORT_TO_DATA_EP_OUT
	default:
		ep = UDI_CDC_DATA_EP_OUT_0;
		break;
	}
	return udd_ep_run(ep,
   80676:	f240 61ad 	movw	r1, #1709	; 0x6ad
   8067a:	f2c0 0108 	movt	r1, #8
   8067e:	9100      	str	r1, [sp, #0]
   80680:	f04f 0002 	mov.w	r0, #2
   80684:	f04f 0101 	mov.w	r1, #1
   80688:	f240 53f4 	movw	r3, #1524	; 0x5f4
   8068c:	f2c2 0307 	movt	r3, #8199	; 0x2007
   80690:	eb03 1284 	add.w	r2, r3, r4, lsl #6
   80694:	f04f 0340 	mov.w	r3, #64	; 0x40
   80698:	f242 44c1 	movw	r4, #9409	; 0x24c1
   8069c:	f2c0 0408 	movt	r4, #8
   806a0:	47a0      	blx	r4
   806a2:	e001      	b.n	806a8 <udi_cdc_rx_start+0xf4>
	buf_sel_trans = udi_cdc_rx_buf_sel[port];
	if (udi_cdc_rx_trans_ongoing[port] ||
		(udi_cdc_rx_pos[port] < udi_cdc_rx_buf_nb[port][buf_sel_trans])) {
		// Transfer already on-going or current buffer no empty
		cpu_irq_restore(flags);
		return false;
   806a4:	f04f 0000 	mov.w	r0, #0
	return udd_ep_run(ep,
			true,
			udi_cdc_rx_buf[port][buf_sel_trans],
			UDI_CDC_RX_BUFFERS,
			udi_cdc_data_received);
}
   806a8:	b002      	add	sp, #8
   806aa:	bd10      	pop	{r4, pc}

000806ac <udi_cdc_data_received>:


static void udi_cdc_data_received(udd_ep_status_t status, iram_size_t n, udd_ep_id_t ep)
{
   806ac:	b510      	push	{r4, lr}
   806ae:	b082      	sub	sp, #8
	default:
		port = 0;
		break;
	}

	if (UDD_EP_TRANSFER_OK != status) {
   806b0:	bb88      	cbnz	r0, 80716 <udi_cdc_data_received+0x6a>
		// Abort reception
		return;
	}
	buf_sel_trans = (udi_cdc_rx_buf_sel[port]==0)?1:0;
   806b2:	f240 53e0 	movw	r3, #1504	; 0x5e0
   806b6:	f2c2 0307 	movt	r3, #8199	; 0x2007
   806ba:	7818      	ldrb	r0, [r3, #0]
   806bc:	f1d0 0301 	rsbs	r3, r0, #1
   806c0:	bf38      	it	cc
   806c2:	2300      	movcc	r3, #0
	if (!n) {
   806c4:	b9a9      	cbnz	r1, 806f2 <udi_cdc_data_received+0x46>
		udd_ep_run( ep,
   806c6:	f240 64ad 	movw	r4, #1709	; 0x6ad
   806ca:	f2c0 0408 	movt	r4, #8
   806ce:	9400      	str	r4, [sp, #0]
   806d0:	4610      	mov	r0, r2
   806d2:	f04f 0101 	mov.w	r1, #1
   806d6:	f240 52f4 	movw	r2, #1524	; 0x5f4
   806da:	f2c2 0207 	movt	r2, #8199	; 0x2007
   806de:	eb02 1283 	add.w	r2, r2, r3, lsl #6
   806e2:	f04f 0340 	mov.w	r3, #64	; 0x40
   806e6:	f242 44c1 	movw	r4, #9409	; 0x24c1
   806ea:	f2c0 0408 	movt	r4, #8
   806ee:	47a0      	blx	r4
				true,
				udi_cdc_rx_buf[port][buf_sel_trans],
				UDI_CDC_RX_BUFFERS,
				udi_cdc_data_received);
		return;
   806f0:	e011      	b.n	80716 <udi_cdc_data_received+0x6a>
	}
	udi_cdc_rx_buf_nb[port][buf_sel_trans] = n;
   806f2:	f240 52cc 	movw	r2, #1484	; 0x5cc
   806f6:	f2c2 0207 	movt	r2, #8199	; 0x2007
   806fa:	f822 1013 	strh.w	r1, [r2, r3, lsl #1]
	udi_cdc_rx_trans_ongoing[port] = false;
   806fe:	f04f 0000 	mov.w	r0, #0
   80702:	f240 5134 	movw	r1, #1332	; 0x534
   80706:	f2c2 0107 	movt	r1, #8199	; 0x2007
   8070a:	7008      	strb	r0, [r1, #0]
	udi_cdc_rx_start(port);
   8070c:	f240 53b5 	movw	r3, #1461	; 0x5b5
   80710:	f2c0 0308 	movt	r3, #8
   80714:	4798      	blx	r3
}
   80716:	b002      	add	sp, #8
   80718:	bd10      	pop	{r4, pc}
   8071a:	bf00      	nop

0008071c <udi_cdc_data_enable>:
	udi_cdc_nb_comm_enabled++;
	return true;
}

bool udi_cdc_data_enable(void)
{
   8071c:	b538      	push	{r3, r4, r5, lr}
	uint8_t port;

#if UDI_CDC_PORT_NB == 1 // To optimize code
	port = 0;
	udi_cdc_nb_data_enabled = 0;
   8071e:	f04f 0400 	mov.w	r4, #0
   80722:	f240 5340 	movw	r3, #1344	; 0x540
   80726:	f2c2 0307 	movt	r3, #8199	; 0x2007
   8072a:	701c      	strb	r4, [r3, #0]
	}
	port = udi_cdc_nb_data_enabled;
#endif

	// Initialize TX management
	udi_cdc_tx_trans_ongoing[port] = false;
   8072c:	f240 50e4 	movw	r0, #1508	; 0x5e4
   80730:	f2c2 0007 	movt	r0, #8199	; 0x2007
   80734:	7004      	strb	r4, [r0, #0]
	udi_cdc_tx_both_buf_to_send[port] = false;
   80736:	f240 6178 	movw	r1, #1656	; 0x678
   8073a:	f2c2 0107 	movt	r1, #8199	; 0x2007
   8073e:	700c      	strb	r4, [r1, #0]
	udi_cdc_tx_buf_sel[port] = 0;
   80740:	f240 5244 	movw	r2, #1348	; 0x544
   80744:	f2c2 0207 	movt	r2, #8199	; 0x2007
   80748:	7014      	strb	r4, [r2, #0]
	udi_cdc_tx_buf_nb[port][0] = 0;
   8074a:	f240 5348 	movw	r3, #1352	; 0x548
   8074e:	f2c2 0307 	movt	r3, #8199	; 0x2007
   80752:	4625      	mov	r5, r4
   80754:	801c      	strh	r4, [r3, #0]
	udi_cdc_tx_buf_nb[port][1] = 0;
   80756:	805c      	strh	r4, [r3, #2]
	udi_cdc_tx_sof_num[port] = 0;
   80758:	f240 50d8 	movw	r0, #1496	; 0x5d8
   8075c:	f2c2 0007 	movt	r0, #8199	; 0x2007
   80760:	8004      	strh	r4, [r0, #0]
	udi_cdc_tx_send(port);
   80762:	4620      	mov	r0, r4
   80764:	f240 3121 	movw	r1, #801	; 0x321
   80768:	f2c0 0108 	movt	r1, #8
   8076c:	4788      	blx	r1

	// Initialize RX management
	udi_cdc_rx_trans_ongoing[port] = false;
   8076e:	f240 5234 	movw	r2, #1332	; 0x534
   80772:	f2c2 0207 	movt	r2, #8199	; 0x2007
   80776:	7014      	strb	r4, [r2, #0]
	udi_cdc_rx_buf_sel[port] = 0;
   80778:	f240 53e0 	movw	r3, #1504	; 0x5e0
   8077c:	f2c2 0307 	movt	r3, #8199	; 0x2007
   80780:	701c      	strb	r4, [r3, #0]
	udi_cdc_rx_buf_nb[port][0] = 0;
   80782:	f240 50cc 	movw	r0, #1484	; 0x5cc
   80786:	f2c2 0007 	movt	r0, #8199	; 0x2007
   8078a:	8004      	strh	r4, [r0, #0]
	udi_cdc_rx_pos[port] = 0;
   8078c:	f240 51d4 	movw	r1, #1492	; 0x5d4
   80790:	f2c2 0107 	movt	r1, #8199	; 0x2007
   80794:	800c      	strh	r4, [r1, #0]
	if (!udi_cdc_rx_start(port)) {
   80796:	4620      	mov	r0, r4
   80798:	f240 52b5 	movw	r2, #1461	; 0x5b5
   8079c:	f2c0 0208 	movt	r2, #8
   807a0:	4790      	blx	r2
   807a2:	b198      	cbz	r0, 807cc <udi_cdc_data_enable+0xb0>
		return false;
	}
	udi_cdc_nb_data_enabled++;
   807a4:	f240 5340 	movw	r3, #1344	; 0x540
   807a8:	f2c2 0307 	movt	r3, #8199	; 0x2007
   807ac:	7818      	ldrb	r0, [r3, #0]
   807ae:	f100 0001 	add.w	r0, r0, #1
   807b2:	b2c1      	uxtb	r1, r0
   807b4:	7019      	strb	r1, [r3, #0]
	if (udi_cdc_nb_data_enabled == UDI_CDC_PORT_NB) {
   807b6:	781a      	ldrb	r2, [r3, #0]
   807b8:	2a01      	cmp	r2, #1
   807ba:	d10a      	bne.n	807d2 <udi_cdc_data_enable+0xb6>
		udi_cdc_data_running = true;
   807bc:	f04f 0001 	mov.w	r0, #1
   807c0:	f240 53dc 	movw	r3, #1500	; 0x5dc
   807c4:	f2c2 0307 	movt	r3, #8199	; 0x2007
   807c8:	7018      	strb	r0, [r3, #0]
   807ca:	bd38      	pop	{r3, r4, r5, pc}
	udi_cdc_rx_trans_ongoing[port] = false;
	udi_cdc_rx_buf_sel[port] = 0;
	udi_cdc_rx_buf_nb[port][0] = 0;
	udi_cdc_rx_pos[port] = 0;
	if (!udi_cdc_rx_start(port)) {
		return false;
   807cc:	f04f 0000 	mov.w	r0, #0
   807d0:	bd38      	pop	{r3, r4, r5, pc}
	}
	udi_cdc_nb_data_enabled++;
	if (udi_cdc_nb_data_enabled == UDI_CDC_PORT_NB) {
		udi_cdc_data_running = true;
	}
	return true;
   807d2:	f04f 0001 	mov.w	r0, #1
}
   807d6:	bd38      	pop	{r3, r4, r5, pc}

000807d8 <udc_get_eof_conf>:
 */
static usb_conf_desc_t UDC_DESC_STORAGE *udc_get_eof_conf(void)
{
	return (UDC_DESC_STORAGE usb_conf_desc_t *) ((uint8_t *)
			udc_ptr_conf->desc +
			le16_to_cpu(udc_ptr_conf->desc->wTotalLength));
   807d8:	f240 6384 	movw	r3, #1668	; 0x684
   807dc:	f2c2 0307 	movt	r3, #8199	; 0x2007
   807e0:	6818      	ldr	r0, [r3, #0]
   807e2:	6801      	ldr	r1, [r0, #0]
 *
 * \return address after the last byte of USB Configuration descriptor
 */
static usb_conf_desc_t UDC_DESC_STORAGE *udc_get_eof_conf(void)
{
	return (UDC_DESC_STORAGE usb_conf_desc_t *) ((uint8_t *)
   807e4:	884a      	ldrh	r2, [r1, #2]
			udc_ptr_conf->desc +
			le16_to_cpu(udc_ptr_conf->desc->wTotalLength));
}
   807e6:	1888      	adds	r0, r1, r2
   807e8:	4770      	bx	lr
   807ea:	bf00      	nop

000807ec <udc_next_desc_in_iface>:
 * \return address of specific descriptor found
 * \return NULL if it is the end of global interface descriptor
 */
static usb_conf_desc_t UDC_DESC_STORAGE *udc_next_desc_in_iface(usb_conf_desc_t
		UDC_DESC_STORAGE * desc, uint8_t desc_id)
{
   807ec:	b538      	push	{r3, r4, r5, lr}
   807ee:	4605      	mov	r5, r0
   807f0:	460c      	mov	r4, r1
	usb_conf_desc_t UDC_DESC_STORAGE *ptr_eof_desc;

	ptr_eof_desc = udc_get_eof_conf();
   807f2:	f240 73d9 	movw	r3, #2009	; 0x7d9
   807f6:	f2c0 0308 	movt	r3, #8
   807fa:	4798      	blx	r3
   807fc:	4602      	mov	r2, r0
	// Go to next descriptor
	desc = (UDC_DESC_STORAGE usb_conf_desc_t *) ((uint8_t *) desc +
   807fe:	7828      	ldrb	r0, [r5, #0]
   80800:	1828      	adds	r0, r5, r0
			desc->bLength);
	// Check the end of configuration descriptor
	while (ptr_eof_desc > desc) {
   80802:	4282      	cmp	r2, r0
   80804:	d911      	bls.n	8082a <udc_next_desc_in_iface+0x3e>
		// If new interface descriptor is found,
		// then it is the end of the current global interface descriptor
		if (USB_DT_INTERFACE == desc->bDescriptorType) {
   80806:	7841      	ldrb	r1, [r0, #1]
   80808:	2904      	cmp	r1, #4
   8080a:	d011      	beq.n	80830 <udc_next_desc_in_iface+0x44>
			break; // End of global interface descriptor
		}
		if (desc_id == desc->bDescriptorType) {
   8080c:	42a1      	cmp	r1, r4
   8080e:	d105      	bne.n	8081c <udc_next_desc_in_iface+0x30>
   80810:	bd38      	pop	{r3, r4, r5, pc}
			desc->bLength);
	// Check the end of configuration descriptor
	while (ptr_eof_desc > desc) {
		// If new interface descriptor is found,
		// then it is the end of the current global interface descriptor
		if (USB_DT_INTERFACE == desc->bDescriptorType) {
   80812:	7841      	ldrb	r1, [r0, #1]
   80814:	2904      	cmp	r1, #4
   80816:	d00e      	beq.n	80836 <udc_next_desc_in_iface+0x4a>
			break; // End of global interface descriptor
		}
		if (desc_id == desc->bDescriptorType) {
   80818:	42a1      	cmp	r1, r4
   8081a:	d00e      	beq.n	8083a <udc_next_desc_in_iface+0x4e>
			return desc; // Specific descriptor found
		}
		// Go to next descriptor
		desc = (UDC_DESC_STORAGE usb_conf_desc_t *) ((uint8_t *) desc +
   8081c:	7803      	ldrb	r3, [r0, #0]
   8081e:	18c0      	adds	r0, r0, r3
	ptr_eof_desc = udc_get_eof_conf();
	// Go to next descriptor
	desc = (UDC_DESC_STORAGE usb_conf_desc_t *) ((uint8_t *) desc +
			desc->bLength);
	// Check the end of configuration descriptor
	while (ptr_eof_desc > desc) {
   80820:	4282      	cmp	r2, r0
   80822:	d8f6      	bhi.n	80812 <udc_next_desc_in_iface+0x26>
		}
		// Go to next descriptor
		desc = (UDC_DESC_STORAGE usb_conf_desc_t *) ((uint8_t *) desc +
				desc->bLength);
	}
	return NULL; // No specific descriptor found
   80824:	f04f 0000 	mov.w	r0, #0
   80828:	bd38      	pop	{r3, r4, r5, pc}
   8082a:	f04f 0000 	mov.w	r0, #0
   8082e:	bd38      	pop	{r3, r4, r5, pc}
   80830:	f04f 0000 	mov.w	r0, #0
   80834:	bd38      	pop	{r3, r4, r5, pc}
   80836:	f04f 0000 	mov.w	r0, #0
}
   8083a:	bd38      	pop	{r3, r4, r5, pc}

0008083c <udc_update_iface_desc>:
 * \param setting_num   Setting number of interface to find
 *
 * \return 1 if found or 0 if not found
 */
static bool udc_update_iface_desc(uint8_t iface_num, uint8_t setting_num)
{
   8083c:	b570      	push	{r4, r5, r6, lr}
   8083e:	4605      	mov	r5, r0
   80840:	460e      	mov	r6, r1
	usb_conf_desc_t UDC_DESC_STORAGE *ptr_end_desc;

	if (0 == udc_num_configuration) {
   80842:	f240 638c 	movw	r3, #1676	; 0x68c
   80846:	f2c2 0307 	movt	r3, #8199	; 0x2007
   8084a:	7818      	ldrb	r0, [r3, #0]
   8084c:	2800      	cmp	r0, #0
   8084e:	d031      	beq.n	808b4 <udc_update_iface_desc+0x78>
		return false;
	}

	if (iface_num >= udc_ptr_conf->desc->bNumInterfaces) {
   80850:	f240 6184 	movw	r1, #1668	; 0x684
   80854:	f2c2 0107 	movt	r1, #8199	; 0x2007
   80858:	680a      	ldr	r2, [r1, #0]
   8085a:	6814      	ldr	r4, [r2, #0]
   8085c:	7923      	ldrb	r3, [r4, #4]
   8085e:	42ab      	cmp	r3, r5
   80860:	d92b      	bls.n	808ba <udc_update_iface_desc+0x7e>
		return false;
	}

	// Start at the beginning of configuration descriptor
	udc_ptr_iface = (UDC_DESC_STORAGE usb_iface_desc_t *)
   80862:	f240 6090 	movw	r0, #1680	; 0x690
   80866:	f2c2 0007 	movt	r0, #8199	; 0x2007
   8086a:	6004      	str	r4, [r0, #0]
			udc_ptr_conf->desc;

	// Check the end of configuration descriptor
	ptr_end_desc = udc_get_eof_conf();
   8086c:	f240 71d9 	movw	r1, #2009	; 0x7d9
   80870:	f2c0 0108 	movt	r1, #8
   80874:	4788      	blx	r1
	while (ptr_end_desc >
   80876:	4284      	cmp	r4, r0
   80878:	d222      	bcs.n	808c0 <udc_update_iface_desc+0x84>
			(UDC_DESC_STORAGE usb_conf_desc_t *) udc_ptr_iface) {
		if (USB_DT_INTERFACE == udc_ptr_iface->bDescriptorType) {
   8087a:	7862      	ldrb	r2, [r4, #1]
   8087c:	2a04      	cmp	r2, #4
   8087e:	d10d      	bne.n	8089c <udc_update_iface_desc+0x60>
			// A interface descriptor is found
			// Check interface and alternate setting number
			if ((iface_num == udc_ptr_iface->bInterfaceNumber) &&
   80880:	78a3      	ldrb	r3, [r4, #2]
   80882:	42ab      	cmp	r3, r5
   80884:	d10a      	bne.n	8089c <udc_update_iface_desc+0x60>
   80886:	78e1      	ldrb	r1, [r4, #3]
   80888:	42b1      	cmp	r1, r6
   8088a:	d107      	bne.n	8089c <udc_update_iface_desc+0x60>
   8088c:	f240 6390 	movw	r3, #1680	; 0x690
   80890:	f2c2 0307 	movt	r3, #8199	; 0x2007
   80894:	601c      	str	r4, [r3, #0]
					(setting_num ==
					udc_ptr_iface->bAlternateSetting)) {
				return true; // Interface found
   80896:	f04f 0001 	mov.w	r0, #1
   8089a:	bd70      	pop	{r4, r5, r6, pc}
			}
		}
		// Go to next descriptor
		udc_ptr_iface = (UDC_DESC_STORAGE usb_iface_desc_t *) (
   8089c:	7822      	ldrb	r2, [r4, #0]
   8089e:	18a4      	adds	r4, r4, r2
	udc_ptr_iface = (UDC_DESC_STORAGE usb_iface_desc_t *)
			udc_ptr_conf->desc;

	// Check the end of configuration descriptor
	ptr_end_desc = udc_get_eof_conf();
	while (ptr_end_desc >
   808a0:	42a0      	cmp	r0, r4
   808a2:	d8ea      	bhi.n	8087a <udc_update_iface_desc+0x3e>
   808a4:	f240 6090 	movw	r0, #1680	; 0x690
   808a8:	f2c2 0007 	movt	r0, #8199	; 0x2007
   808ac:	6004      	str	r4, [r0, #0]
		// Go to next descriptor
		udc_ptr_iface = (UDC_DESC_STORAGE usb_iface_desc_t *) (
				(uint8_t *) udc_ptr_iface +
				udc_ptr_iface->bLength);
	}
	return false; // Interface not found
   808ae:	f04f 0000 	mov.w	r0, #0
   808b2:	bd70      	pop	{r4, r5, r6, pc}
static bool udc_update_iface_desc(uint8_t iface_num, uint8_t setting_num)
{
	usb_conf_desc_t UDC_DESC_STORAGE *ptr_end_desc;

	if (0 == udc_num_configuration) {
		return false;
   808b4:	f04f 0000 	mov.w	r0, #0
   808b8:	bd70      	pop	{r4, r5, r6, pc}
	}

	if (iface_num >= udc_ptr_conf->desc->bNumInterfaces) {
		return false;
   808ba:	f04f 0000 	mov.w	r0, #0
   808be:	bd70      	pop	{r4, r5, r6, pc}
		// Go to next descriptor
		udc_ptr_iface = (UDC_DESC_STORAGE usb_iface_desc_t *) (
				(uint8_t *) udc_ptr_iface +
				udc_ptr_iface->bLength);
	}
	return false; // Interface not found
   808c0:	f04f 0000 	mov.w	r0, #0
}
   808c4:	bd70      	pop	{r4, r5, r6, pc}
   808c6:	bf00      	nop

000808c8 <udc_valid_address>:
/**
 * \brief Change the address of device
 * Callback called at the end of request set address
 */
static void udc_valid_address(void)
{
   808c8:	b508      	push	{r3, lr}
	udd_set_address(udd_g_ctrlreq.req.wValue & 0x7F);
   808ca:	f240 7360 	movw	r3, #1888	; 0x760
   808ce:	f2c2 0307 	movt	r3, #8199	; 0x2007
   808d2:	8858      	ldrh	r0, [r3, #2]
   808d4:	f000 007f 	and.w	r0, r0, #127	; 0x7f
   808d8:	f242 11b9 	movw	r1, #8633	; 0x21b9
   808dc:	f2c0 0108 	movt	r1, #8
   808e0:	4788      	blx	r1
   808e2:	bd08      	pop	{r3, pc}

000808e4 <udc_iface_enable>:
 * \param setting_num   Setting number to enable
 *
 * \return 1 if it is done or 0 if interface is not found
 */
static bool udc_iface_enable(uint8_t iface_num, uint8_t setting_num)
{
   808e4:	e92d 41f0 	stmdb	sp!, {r4, r5, r6, r7, r8, lr}
   808e8:	4680      	mov	r8, r0
	// Select the interface descriptor
	if (!udc_update_iface_desc(iface_num, setting_num)) {
   808ea:	f640 033d 	movw	r3, #2109	; 0x83d
   808ee:	f2c0 0308 	movt	r3, #8
   808f2:	4798      	blx	r3
   808f4:	b338      	cbz	r0, 80946 <udc_iface_enable+0x62>

#if (0!=USB_DEVICE_MAX_EP)
	usb_ep_desc_t UDC_DESC_STORAGE *ep_desc;

	// Start at the beginning of the global interface descriptor
	ep_desc = (UDC_DESC_STORAGE usb_ep_desc_t *) udc_ptr_iface;
   808f6:	f240 6090 	movw	r0, #1680	; 0x690
   808fa:	f2c2 0007 	movt	r0, #8199	; 0x2007
   808fe:	6804      	ldr	r4, [r0, #0]
	while (1) {
		// Search Endpoint descriptor included in the global interface descriptor
		ep_desc = (UDC_DESC_STORAGE usb_ep_desc_t *)
   80900:	f04f 0605 	mov.w	r6, #5
   80904:	f240 75ed 	movw	r5, #2029	; 0x7ed
   80908:	f2c0 0508 	movt	r5, #8
						usb_conf_desc_t *) ep_desc,
				USB_DT_ENDPOINT);
		if (NULL == ep_desc)
			break;
		// Alloc the endpoint used by the interface
		if (!udd_ep_alloc(ep_desc->bEndpointAddress,
   8090c:	f242 57c5 	movw	r7, #9669	; 0x25c5
   80910:	f2c0 0708 	movt	r7, #8

	// Start at the beginning of the global interface descriptor
	ep_desc = (UDC_DESC_STORAGE usb_ep_desc_t *) udc_ptr_iface;
	while (1) {
		// Search Endpoint descriptor included in the global interface descriptor
		ep_desc = (UDC_DESC_STORAGE usb_ep_desc_t *)
   80914:	4620      	mov	r0, r4
   80916:	4631      	mov	r1, r6
   80918:	47a8      	blx	r5
				udc_next_desc_in_iface((UDC_DESC_STORAGE
						usb_conf_desc_t *) ep_desc,
				USB_DT_ENDPOINT);
		if (NULL == ep_desc)
   8091a:	4604      	mov	r4, r0
   8091c:	b138      	cbz	r0, 8092e <udc_iface_enable+0x4a>
			break;
		// Alloc the endpoint used by the interface
		if (!udd_ep_alloc(ep_desc->bEndpointAddress,
   8091e:	7880      	ldrb	r0, [r0, #2]
   80920:	78e1      	ldrb	r1, [r4, #3]
   80922:	88a2      	ldrh	r2, [r4, #4]
   80924:	47b8      	blx	r7
   80926:	2800      	cmp	r0, #0
   80928:	d1f4      	bne.n	80914 <udc_iface_enable+0x30>
   8092a:	e8bd 81f0 	ldmia.w	sp!, {r4, r5, r6, r7, r8, pc}
			return false;
		}
	}
#endif
	// Enable the interface
	return udc_ptr_conf->udi_apis[iface_num]->enable();
   8092e:	f240 6184 	movw	r1, #1668	; 0x684
   80932:	f2c2 0107 	movt	r1, #8199	; 0x2007
   80936:	680a      	ldr	r2, [r1, #0]
   80938:	6853      	ldr	r3, [r2, #4]
   8093a:	f853 0028 	ldr.w	r0, [r3, r8, lsl #2]
   8093e:	6801      	ldr	r1, [r0, #0]
   80940:	4788      	blx	r1
   80942:	e8bd 81f0 	ldmia.w	sp!, {r4, r5, r6, r7, r8, pc}
 */
static bool udc_iface_enable(uint8_t iface_num, uint8_t setting_num)
{
	// Select the interface descriptor
	if (!udc_update_iface_desc(iface_num, setting_num)) {
		return false;
   80946:	f04f 0000 	mov.w	r0, #0
		}
	}
#endif
	// Enable the interface
	return udc_ptr_conf->udi_apis[iface_num]->enable();
}
   8094a:	e8bd 81f0 	ldmia.w	sp!, {r4, r5, r6, r7, r8, pc}
   8094e:	bf00      	nop

00080950 <udc_iface_disable>:
 * \param iface_num     Interface number to disable
 *
 * \return 1 if it is done or 0 if interface is not found
 */
static bool udc_iface_disable(uint8_t iface_num)
{
   80950:	e92d 41f0 	stmdb	sp!, {r4, r5, r6, r7, r8, lr}
   80954:	4604      	mov	r4, r0
	udi_api_t UDC_DESC_STORAGE *udi_api;

	// Select first alternate setting of the interface
	// to update udc_ptr_iface before call iface->getsetting()
	if (!udc_update_iface_desc(iface_num, 0)) {
   80956:	f04f 0100 	mov.w	r1, #0
   8095a:	f640 033d 	movw	r3, #2109	; 0x83d
   8095e:	f2c0 0308 	movt	r3, #8
   80962:	4798      	blx	r3
   80964:	2800      	cmp	r0, #0
   80966:	d030      	beq.n	809ca <udc_iface_disable+0x7a>
		return false;
	}

	// Select the interface with the current alternate setting
	udi_api = udc_ptr_conf->udi_apis[iface_num];
   80968:	f240 6084 	movw	r0, #1668	; 0x684
   8096c:	f2c2 0007 	movt	r0, #8199	; 0x2007
   80970:	6801      	ldr	r1, [r0, #0]
   80972:	684a      	ldr	r2, [r1, #4]
   80974:	f852 8024 	ldr.w	r8, [r2, r4, lsl #2]

#if (0!=USB_DEVICE_MAX_EP)
	if (!udc_update_iface_desc(iface_num, udi_api->getsetting())) {
   80978:	f8d8 300c 	ldr.w	r3, [r8, #12]
   8097c:	4798      	blx	r3
   8097e:	4601      	mov	r1, r0
   80980:	4620      	mov	r0, r4
   80982:	f640 023d 	movw	r2, #2109	; 0x83d
   80986:	f2c0 0208 	movt	r2, #8
   8098a:	4790      	blx	r2
   8098c:	b308      	cbz	r0, 809d2 <udc_iface_disable+0x82>
	}

	// Start at the beginning of interface descriptor
	{
		usb_ep_desc_t UDC_DESC_STORAGE *ep_desc;
		ep_desc = (UDC_DESC_STORAGE usb_ep_desc_t *) udc_ptr_iface;
   8098e:	f240 6490 	movw	r4, #1680	; 0x690
   80992:	f2c2 0407 	movt	r4, #8199	; 0x2007
   80996:	6824      	ldr	r4, [r4, #0]
		while (1) {
			// Search Endpoint descriptor included in global interface descriptor
			ep_desc = (UDC_DESC_STORAGE usb_ep_desc_t *)
   80998:	f04f 0605 	mov.w	r6, #5
   8099c:	f240 75ed 	movw	r5, #2029	; 0x7ed
   809a0:	f2c0 0508 	movt	r5, #8
					ep_desc, USB_DT_ENDPOINT);
			if (NULL == ep_desc) {
				break;
			}
			// Free the endpoint used by the interface
			udd_ep_free(ep_desc->bEndpointAddress);
   809a4:	f242 2729 	movw	r7, #8745	; 0x2229
   809a8:	f2c0 0708 	movt	r7, #8
	{
		usb_ep_desc_t UDC_DESC_STORAGE *ep_desc;
		ep_desc = (UDC_DESC_STORAGE usb_ep_desc_t *) udc_ptr_iface;
		while (1) {
			// Search Endpoint descriptor included in global interface descriptor
			ep_desc = (UDC_DESC_STORAGE usb_ep_desc_t *)
   809ac:	4620      	mov	r0, r4
   809ae:	4631      	mov	r1, r6
   809b0:	47a8      	blx	r5
					udc_next_desc_in_iface((UDC_DESC_STORAGE
					usb_conf_desc_t *)
					ep_desc, USB_DT_ENDPOINT);
			if (NULL == ep_desc) {
   809b2:	4604      	mov	r4, r0
   809b4:	b110      	cbz	r0, 809bc <udc_iface_disable+0x6c>
				break;
			}
			// Free the endpoint used by the interface
			udd_ep_free(ep_desc->bEndpointAddress);
   809b6:	7880      	ldrb	r0, [r0, #2]
   809b8:	47b8      	blx	r7
		}
   809ba:	e7f7      	b.n	809ac <udc_iface_disable+0x5c>
	}
#endif

	// Disable interface
	udi_api->disable();
   809bc:	f8d8 0004 	ldr.w	r0, [r8, #4]
   809c0:	4780      	blx	r0
	return true;
   809c2:	f04f 0001 	mov.w	r0, #1
   809c6:	e8bd 81f0 	ldmia.w	sp!, {r4, r5, r6, r7, r8, pc}
	udi_api_t UDC_DESC_STORAGE *udi_api;

	// Select first alternate setting of the interface
	// to update udc_ptr_iface before call iface->getsetting()
	if (!udc_update_iface_desc(iface_num, 0)) {
		return false;
   809ca:	f04f 0000 	mov.w	r0, #0
   809ce:	e8bd 81f0 	ldmia.w	sp!, {r4, r5, r6, r7, r8, pc}
	// Select the interface with the current alternate setting
	udi_api = udc_ptr_conf->udi_apis[iface_num];

#if (0!=USB_DEVICE_MAX_EP)
	if (!udc_update_iface_desc(iface_num, udi_api->getsetting())) {
		return false;
   809d2:	f04f 0000 	mov.w	r0, #0
#endif

	// Disable interface
	udi_api->disable();
	return true;
}
   809d6:	e8bd 81f0 	ldmia.w	sp!, {r4, r5, r6, r7, r8, pc}
   809da:	bf00      	nop

000809dc <udc_reset>:
/**
 * \brief Reset the current configuration of the USB device,
 * This routines can be called by UDD when a RESET on the USB line occurs.
 */
void udc_reset(void)
{
   809dc:	b570      	push	{r4, r5, r6, lr}
	uint8_t iface_num;

	if (udc_num_configuration) {
   809de:	f240 638c 	movw	r3, #1676	; 0x68c
   809e2:	f2c2 0307 	movt	r3, #8199	; 0x2007
   809e6:	7818      	ldrb	r0, [r3, #0]
   809e8:	b1d8      	cbz	r0, 80a22 <udc_reset+0x46>
		for (iface_num = 0;
				iface_num < udc_ptr_conf->desc->bNumInterfaces;
   809ea:	f240 6184 	movw	r1, #1668	; 0x684
   809ee:	f2c2 0107 	movt	r1, #8199	; 0x2007
   809f2:	680a      	ldr	r2, [r1, #0]
   809f4:	6813      	ldr	r3, [r2, #0]
void udc_reset(void)
{
	uint8_t iface_num;

	if (udc_num_configuration) {
		for (iface_num = 0;
   809f6:	7918      	ldrb	r0, [r3, #4]
   809f8:	b198      	cbz	r0, 80a22 <udc_reset+0x46>
   809fa:	f04f 0400 	mov.w	r4, #0
				iface_num < udc_ptr_conf->desc->bNumInterfaces;
				iface_num++) {
			udc_iface_disable(iface_num);
   809fe:	f640 1651 	movw	r6, #2385	; 0x951
   80a02:	f2c0 0608 	movt	r6, #8
{
	uint8_t iface_num;

	if (udc_num_configuration) {
		for (iface_num = 0;
				iface_num < udc_ptr_conf->desc->bNumInterfaces;
   80a06:	f240 6584 	movw	r5, #1668	; 0x684
   80a0a:	f2c2 0507 	movt	r5, #8199	; 0x2007
				iface_num++) {
			udc_iface_disable(iface_num);
   80a0e:	4620      	mov	r0, r4
   80a10:	47b0      	blx	r6
	uint8_t iface_num;

	if (udc_num_configuration) {
		for (iface_num = 0;
				iface_num < udc_ptr_conf->desc->bNumInterfaces;
				iface_num++) {
   80a12:	f104 0401 	add.w	r4, r4, #1
   80a16:	b2e4      	uxtb	r4, r4
{
	uint8_t iface_num;

	if (udc_num_configuration) {
		for (iface_num = 0;
				iface_num < udc_ptr_conf->desc->bNumInterfaces;
   80a18:	6829      	ldr	r1, [r5, #0]
   80a1a:	680a      	ldr	r2, [r1, #0]
void udc_reset(void)
{
	uint8_t iface_num;

	if (udc_num_configuration) {
		for (iface_num = 0;
   80a1c:	7913      	ldrb	r3, [r2, #4]
   80a1e:	42a3      	cmp	r3, r4
   80a20:	d8f5      	bhi.n	80a0e <udc_reset+0x32>
				iface_num < udc_ptr_conf->desc->bNumInterfaces;
				iface_num++) {
			udc_iface_disable(iface_num);
		}
	}
	udc_num_configuration = 0;
   80a22:	f240 608c 	movw	r0, #1676	; 0x68c
   80a26:	f2c2 0007 	movt	r0, #8199	; 0x2007
   80a2a:	f04f 0100 	mov.w	r1, #0
   80a2e:	7001      	strb	r1, [r0, #0]
	if (CPU_TO_LE16(USB_DEV_STATUS_REMOTEWAKEUP) & udc_device_status) {
		// Remote wakeup is enabled then disable it
		UDC_REMOTEWAKEUP_DISABLE();
	}
#endif
	udc_device_status =
   80a30:	f240 638a 	movw	r3, #1674	; 0x68a
   80a34:	f2c2 0307 	movt	r3, #8199	; 0x2007
   80a38:	f04f 0201 	mov.w	r2, #1
   80a3c:	801a      	strh	r2, [r3, #0]
   80a3e:	bd70      	pop	{r4, r5, r6, pc}

00080a40 <udc_sof_notify>:
			CPU_TO_LE16(USB_DEV_STATUS_BUS_POWERED);
#endif
}

void udc_sof_notify(void)
{
   80a40:	b538      	push	{r3, r4, r5, lr}
	uint8_t iface_num;

	if (udc_num_configuration) {
   80a42:	f240 638c 	movw	r3, #1676	; 0x68c
   80a46:	f2c2 0307 	movt	r3, #8199	; 0x2007
   80a4a:	7818      	ldrb	r0, [r3, #0]
   80a4c:	b1d8      	cbz	r0, 80a86 <udc_sof_notify+0x46>
		for (iface_num = 0;
				iface_num < udc_ptr_conf->desc->bNumInterfaces;
   80a4e:	f240 6184 	movw	r1, #1668	; 0x684
   80a52:	f2c2 0107 	movt	r1, #8199	; 0x2007
   80a56:	680b      	ldr	r3, [r1, #0]
   80a58:	681a      	ldr	r2, [r3, #0]
void udc_sof_notify(void)
{
	uint8_t iface_num;

	if (udc_num_configuration) {
		for (iface_num = 0;
   80a5a:	7910      	ldrb	r0, [r2, #4]
   80a5c:	b198      	cbz	r0, 80a86 <udc_sof_notify+0x46>
   80a5e:	f04f 0400 	mov.w	r4, #0
				iface_num < udc_ptr_conf->desc->bNumInterfaces;
   80a62:	f240 6584 	movw	r5, #1668	; 0x684
   80a66:	f2c2 0507 	movt	r5, #8199	; 0x2007
				iface_num++) {
			if (udc_ptr_conf->udi_apis[iface_num]->sof_notify != NULL) {
   80a6a:	685b      	ldr	r3, [r3, #4]
   80a6c:	f853 1024 	ldr.w	r1, [r3, r4, lsl #2]
   80a70:	690a      	ldr	r2, [r1, #16]
   80a72:	b102      	cbz	r2, 80a76 <udc_sof_notify+0x36>
				udc_ptr_conf->udi_apis[iface_num]->sof_notify();
   80a74:	4790      	blx	r2
	uint8_t iface_num;

	if (udc_num_configuration) {
		for (iface_num = 0;
				iface_num < udc_ptr_conf->desc->bNumInterfaces;
				iface_num++) {
   80a76:	f104 0401 	add.w	r4, r4, #1
   80a7a:	b2e4      	uxtb	r4, r4
{
	uint8_t iface_num;

	if (udc_num_configuration) {
		for (iface_num = 0;
				iface_num < udc_ptr_conf->desc->bNumInterfaces;
   80a7c:	682b      	ldr	r3, [r5, #0]
   80a7e:	6818      	ldr	r0, [r3, #0]
void udc_sof_notify(void)
{
	uint8_t iface_num;

	if (udc_num_configuration) {
		for (iface_num = 0;
   80a80:	7901      	ldrb	r1, [r0, #4]
   80a82:	42a1      	cmp	r1, r4
   80a84:	d8f1      	bhi.n	80a6a <udc_sof_notify+0x2a>
   80a86:	bd38      	pop	{r3, r4, r5, pc}

00080a88 <udc_process_setup>:
 * sent to a specific application callback.
 *
 * \return true if the request is supported, else the request is stalled by UDD
 */
bool udc_process_setup(void)
{
   80a88:	b5f8      	push	{r3, r4, r5, r6, r7, lr}
	// By default no data (receive/send) and no callbacks registered
	udd_g_ctrlreq.payload_size = 0;
   80a8a:	f240 7360 	movw	r3, #1888	; 0x760
   80a8e:	f2c2 0307 	movt	r3, #8199	; 0x2007
   80a92:	f04f 0200 	mov.w	r2, #0
   80a96:	819a      	strh	r2, [r3, #12]
	udd_g_ctrlreq.callback = NULL;
   80a98:	611a      	str	r2, [r3, #16]
	udd_g_ctrlreq.over_under_run = NULL;
   80a9a:	615a      	str	r2, [r3, #20]

	if (Udd_setup_is_in()) {
   80a9c:	7818      	ldrb	r0, [r3, #0]
   80a9e:	f010 0f80 	tst.w	r0, #128	; 0x80
   80aa2:	f000 82f0 	beq.w	81086 <udc_process_setup+0x5fe>
		if (udd_g_ctrlreq.req.wLength == 0) {
   80aa6:	f240 7260 	movw	r2, #1888	; 0x760
   80aaa:	f2c2 0207 	movt	r2, #8199	; 0x2007
   80aae:	88d2      	ldrh	r2, [r2, #6]
   80ab0:	2a00      	cmp	r2, #0
   80ab2:	f040 82ed 	bne.w	81090 <udc_process_setup+0x608>
   80ab6:	e2da      	b.n	8106e <udc_process_setup+0x5e6>
		// GET Standard Requests
		if (udd_g_ctrlreq.req.wLength == 0) {
			return false; // Error for USB host
		}

		if (USB_REQ_RECIP_DEVICE == Udd_setup_recipient()) {
   80ab8:	f010 001f 	ands.w	r0, r0, #31
   80abc:	f040 80b9 	bne.w	80c32 <udc_process_setup+0x1aa>
			// Standard Get Device request
			switch (udd_g_ctrlreq.req.bRequest) {
   80ac0:	f240 7160 	movw	r1, #1888	; 0x760
   80ac4:	f2c2 0107 	movt	r1, #8199	; 0x2007
   80ac8:	784b      	ldrb	r3, [r1, #1]
   80aca:	2b06      	cmp	r3, #6
   80acc:	d018      	beq.n	80b00 <udc_process_setup+0x78>
   80ace:	2b08      	cmp	r3, #8
   80ad0:	f000 809c 	beq.w	80c0c <udc_process_setup+0x184>
   80ad4:	2b00      	cmp	r3, #0
   80ad6:	f040 80ac 	bne.w	80c32 <udc_process_setup+0x1aa>
 *
 * \return true if success
 */
static bool udc_req_std_dev_get_status(void)
{
	if (udd_g_ctrlreq.req.wLength != sizeof(udc_device_status)) {
   80ada:	2a02      	cmp	r2, #2
   80adc:	d10d      	bne.n	80afa <udc_process_setup+0x72>
		return false;
	}

	udd_set_setup_payload( (uint8_t *) & udc_device_status,
   80ade:	f240 608a 	movw	r0, #1674	; 0x68a
   80ae2:	f2c2 0007 	movt	r0, #8199	; 0x2007
   80ae6:	f04f 0102 	mov.w	r1, #2
   80aea:	f242 2319 	movw	r3, #8729	; 0x2219
   80aee:	f2c0 0308 	movt	r3, #8
   80af2:	4798      	blx	r3
			sizeof(udc_device_status));
	return true;
   80af4:	f04f 0001 	mov.w	r0, #1
   80af8:	e23e      	b.n	80f78 <udc_process_setup+0x4f0>
 * \return true if success
 */
static bool udc_req_std_dev_get_status(void)
{
	if (udd_g_ctrlreq.req.wLength != sizeof(udc_device_status)) {
		return false;
   80afa:	f04f 0000 	mov.w	r0, #0
   80afe:	e23b      	b.n	80f78 <udc_process_setup+0x4f0>
 */
static bool udc_req_std_dev_get_descriptor(void)
{
	uint8_t conf_num;

	conf_num = udd_g_ctrlreq.req.wValue & 0xff;
   80b00:	f240 7060 	movw	r0, #1888	; 0x760
   80b04:	f2c2 0007 	movt	r0, #8199	; 0x2007
   80b08:	8841      	ldrh	r1, [r0, #2]

	// Check descriptor ID
	switch ((uint8_t) (udd_g_ctrlreq.req.wValue >> 8)) {
   80b0a:	ea4f 2311 	mov.w	r3, r1, lsr #8
   80b0e:	2b02      	cmp	r3, #2
   80b10:	d010      	beq.n	80b34 <udc_process_setup+0xac>
   80b12:	2b03      	cmp	r3, #3
   80b14:	d025      	beq.n	80b62 <udc_process_setup+0xda>
   80b16:	2b01      	cmp	r3, #1
   80b18:	d16c      	bne.n	80bf4 <udc_process_setup+0x16c>
		} else
#endif
		{
			udd_set_setup_payload(
				(uint8_t *) udc_config.confdev_lsfs,
				udc_config.confdev_lsfs->bLength);
   80b1a:	f240 0228 	movw	r2, #40	; 0x28
   80b1e:	f2c2 0207 	movt	r2, #8199	; 0x2007
   80b22:	6811      	ldr	r1, [r2, #0]
				(uint8_t *) udc_config.confdev_hs,
				udc_config.confdev_hs->bLength);
		} else
#endif
		{
			udd_set_setup_payload(
   80b24:	4608      	mov	r0, r1
   80b26:	7809      	ldrb	r1, [r1, #0]
   80b28:	f242 2319 	movw	r3, #8729	; 0x2219
   80b2c:	f2c0 0308 	movt	r3, #8
   80b30:	4798      	blx	r3
   80b32:	e04f      	b.n	80bd4 <udc_process_setup+0x14c>
 */
static bool udc_req_std_dev_get_descriptor(void)
{
	uint8_t conf_num;

	conf_num = udd_g_ctrlreq.req.wValue & 0xff;
   80b34:	b2c9      	uxtb	r1, r1
				le16_to_cpu(udc_config.conf_hs[conf_num].desc->wTotalLength));
		} else
#endif
		{
			// FS descriptor
			if (conf_num >= udc_config.confdev_lsfs->
   80b36:	f240 0028 	movw	r0, #40	; 0x28
   80b3a:	f2c2 0007 	movt	r0, #8199	; 0x2007
   80b3e:	6803      	ldr	r3, [r0, #0]
   80b40:	7c5a      	ldrb	r2, [r3, #17]
   80b42:	428a      	cmp	r2, r1
   80b44:	d959      	bls.n	80bfa <udc_process_setup+0x172>
					bNumConfigurations) {
				return false;
			}
			udd_set_setup_payload(
				(uint8_t *)udc_config.conf_lsfs[conf_num].desc,
				le16_to_cpu(udc_config.conf_lsfs[conf_num].desc->wTotalLength));
   80b46:	488b      	ldr	r0, [pc, #556]	; (80d74 <udc_process_setup+0x2ec>)
   80b48:	6843      	ldr	r3, [r0, #4]
   80b4a:	f853 1031 	ldr.w	r1, [r3, r1, lsl #3]
			// FS descriptor
			if (conf_num >= udc_config.confdev_lsfs->
					bNumConfigurations) {
				return false;
			}
			udd_set_setup_payload(
   80b4e:	4608      	mov	r0, r1
   80b50:	8849      	ldrh	r1, [r1, #2]
   80b52:	4a89      	ldr	r2, [pc, #548]	; (80d78 <udc_process_setup+0x2f0>)
   80b54:	4790      	blx	r2
				(uint8_t *)udc_config.conf_lsfs[conf_num].desc,
				le16_to_cpu(udc_config.conf_lsfs[conf_num].desc->wTotalLength));
		}
		((usb_conf_desc_t *) udd_g_ctrlreq.payload)->bDescriptorType =
   80b56:	4889      	ldr	r0, [pc, #548]	; (80d7c <udc_process_setup+0x2f4>)
   80b58:	6883      	ldr	r3, [r0, #8]
   80b5a:	f04f 0102 	mov.w	r1, #2
   80b5e:	7059      	strb	r1, [r3, #1]
   80b60:	e038      	b.n	80bd4 <udc_process_setup+0x14c>
	uint8_t i;
	const uint8_t *str;
	uint8_t str_length = 0;

	// Link payload pointer to the string corresponding at request
	switch (udd_g_ctrlreq.req.wValue & 0xff) {
   80b62:	b2c8      	uxtb	r0, r1
   80b64:	2803      	cmp	r0, #3
   80b66:	d84b      	bhi.n	80c00 <udc_process_setup+0x178>
   80b68:	e8df f010 	tbh	[pc, r0, lsl #1]
   80b6c:	000a0004 	.word	0x000a0004
   80b70:	029b0297 	.word	0x029b0297
	case 0:
		udd_set_setup_payload((uint8_t *) &udc_string_desc_languageid,
   80b74:	4882      	ldr	r0, [pc, #520]	; (80d80 <udc_process_setup+0x2f8>)
   80b76:	f04f 0104 	mov.w	r1, #4
   80b7a:	4a7f      	ldr	r2, [pc, #508]	; (80d78 <udc_process_setup+0x2f0>)
   80b7c:	4790      	blx	r2
   80b7e:	e029      	b.n	80bd4 <udc_process_setup+0x14c>
		break;

#ifdef USB_DEVICE_MANUFACTURE_NAME
	case 1:
		str_length = USB_DEVICE_MANUFACTURE_NAME_SIZE;
		str = udc_string_manufacturer_name;
   80b80:	4980      	ldr	r1, [pc, #512]	; (80d84 <udc_process_setup+0x2fc>)
				sizeof(udc_string_desc_languageid));
		break;

#ifdef USB_DEVICE_MANUFACTURE_NAME
	case 1:
		str_length = USB_DEVICE_MANUFACTURE_NAME_SIZE;
   80b82:	f04f 040c 	mov.w	r4, #12
   80b86:	f04f 0300 	mov.w	r3, #0
   80b8a:	f104 35ff 	add.w	r5, r4, #4294967295
   80b8e:	f005 0001 	and.w	r0, r5, #1
   80b92:	4a7d      	ldr	r2, [pc, #500]	; (80d88 <udc_process_setup+0x300>)
		return false;
	}

	if (str_length) {
		for(i = 0; i < str_length; i++) {
			udc_string_desc.string[i] = cpu_to_le16((le16_t)str[i]);
   80b94:	5ccd      	ldrb	r5, [r1, r3]
   80b96:	f822 5f02 	strh.w	r5, [r2, #2]!
#endif
		return false;
	}

	if (str_length) {
		for(i = 0; i < str_length; i++) {
   80b9a:	f103 0301 	add.w	r3, r3, #1
   80b9e:	2c01      	cmp	r4, #1
   80ba0:	f200 8283 	bhi.w	810aa <udc_process_setup+0x622>
   80ba4:	e00e      	b.n	80bc4 <udc_process_setup+0x13c>
   80ba6:	f102 0002 	add.w	r0, r2, #2
			udc_string_desc.string[i] = cpu_to_le16((le16_t)str[i]);
   80baa:	5ccd      	ldrb	r5, [r1, r3]
   80bac:	8055      	strh	r5, [r2, #2]
#endif
		return false;
	}

	if (str_length) {
		for(i = 0; i < str_length; i++) {
   80bae:	f103 0301 	add.w	r3, r3, #1
   80bb2:	f102 0204 	add.w	r2, r2, #4
			udc_string_desc.string[i] = cpu_to_le16((le16_t)str[i]);
   80bb6:	5ccd      	ldrb	r5, [r1, r3]
   80bb8:	8045      	strh	r5, [r0, #2]
   80bba:	f103 0301 	add.w	r3, r3, #1
#endif
		return false;
	}

	if (str_length) {
		for(i = 0; i < str_length; i++) {
   80bbe:	b2d8      	uxtb	r0, r3
   80bc0:	42a0      	cmp	r0, r4
   80bc2:	d3f0      	bcc.n	80ba6 <udc_process_setup+0x11e>
			udc_string_desc.string[i] = cpu_to_le16((le16_t)str[i]);
		}

		udc_string_desc.header.bLength = 2 + (str_length) * 2;
   80bc4:	ea4f 0144 	mov.w	r1, r4, lsl #1
   80bc8:	f101 0102 	add.w	r1, r1, #2
   80bcc:	486e      	ldr	r0, [pc, #440]	; (80d88 <udc_process_setup+0x300>)
   80bce:	7001      	strb	r1, [r0, #0]
		udd_set_setup_payload(
   80bd0:	4b69      	ldr	r3, [pc, #420]	; (80d78 <udc_process_setup+0x2f0>)
   80bd2:	4798      	blx	r3
	default:
		// Unknown descriptor requested
		return false;
	}
	// if the descriptor is larger than length requested, then reduce it
	if (udd_g_ctrlreq.req.wLength < udd_g_ctrlreq.payload_size) {
   80bd4:	f240 7060 	movw	r0, #1888	; 0x760
   80bd8:	f2c2 0007 	movt	r0, #8199	; 0x2007
   80bdc:	88c2      	ldrh	r2, [r0, #6]
   80bde:	8983      	ldrh	r3, [r0, #12]
   80be0:	4293      	cmp	r3, r2
   80be2:	d910      	bls.n	80c06 <udc_process_setup+0x17e>
		udd_g_ctrlreq.payload_size = udd_g_ctrlreq.req.wLength;
   80be4:	f240 7160 	movw	r1, #1888	; 0x760
   80be8:	f2c2 0107 	movt	r1, #8199	; 0x2007
   80bec:	818a      	strh	r2, [r1, #12]
	}
	return true;
   80bee:	f04f 0001 	mov.w	r0, #1
   80bf2:	e1c1      	b.n	80f78 <udc_process_setup+0x4f0>
		}
		break;

	default:
		// Unknown descriptor requested
		return false;
   80bf4:	f04f 0000 	mov.w	r0, #0
   80bf8:	e1be      	b.n	80f78 <udc_process_setup+0x4f0>
#endif
		{
			// FS descriptor
			if (conf_num >= udc_config.confdev_lsfs->
					bNumConfigurations) {
				return false;
   80bfa:	f04f 0000 	mov.w	r0, #0
   80bfe:	e1bb      	b.n	80f78 <udc_process_setup+0x4f0>
#endif

	case USB_DT_STRING:
		// String descriptor requested
		if (!udc_req_std_dev_get_str_desc()) {
			return false;
   80c00:	f04f 0000 	mov.w	r0, #0
   80c04:	e1b8      	b.n	80f78 <udc_process_setup+0x4f0>
	}
	// if the descriptor is larger than length requested, then reduce it
	if (udd_g_ctrlreq.req.wLength < udd_g_ctrlreq.payload_size) {
		udd_g_ctrlreq.payload_size = udd_g_ctrlreq.req.wLength;
	}
	return true;
   80c06:	f04f 0001 	mov.w	r0, #1
   80c0a:	e1b5      	b.n	80f78 <udc_process_setup+0x4f0>
 *
 * \return true if success
 */
static bool udc_req_std_dev_get_configuration(void)
{
	if (udd_g_ctrlreq.req.wLength != 1) {
   80c0c:	2a01      	cmp	r2, #1
   80c0e:	d10d      	bne.n	80c2c <udc_process_setup+0x1a4>
		return false;
	}

	udd_set_setup_payload(&udc_num_configuration,1);
   80c10:	f240 608c 	movw	r0, #1676	; 0x68c
   80c14:	f2c2 0007 	movt	r0, #8199	; 0x2007
   80c18:	f04f 0101 	mov.w	r1, #1
   80c1c:	f242 2219 	movw	r2, #8729	; 0x2219
   80c20:	f2c0 0208 	movt	r2, #8
   80c24:	4790      	blx	r2
	return true;
   80c26:	f04f 0001 	mov.w	r0, #1
   80c2a:	e1a5      	b.n	80f78 <udc_process_setup+0x4f0>
 * \return true if success
 */
static bool udc_req_std_dev_get_configuration(void)
{
	if (udd_g_ctrlreq.req.wLength != 1) {
		return false;
   80c2c:	f04f 0000 	mov.w	r0, #0
   80c30:	e1a2      	b.n	80f78 <udc_process_setup+0x4f0>
			default:
				break;
			}
		}

		if (USB_REQ_RECIP_INTERFACE == Udd_setup_recipient()) {
   80c32:	2801      	cmp	r0, #1
   80c34:	d134      	bne.n	80ca0 <udc_process_setup+0x218>
			// Standard Get Interface request
			switch (udd_g_ctrlreq.req.bRequest) {
   80c36:	f240 7160 	movw	r1, #1888	; 0x760
   80c3a:	f2c2 0107 	movt	r1, #8199	; 0x2007
   80c3e:	784b      	ldrb	r3, [r1, #1]
   80c40:	2b0a      	cmp	r3, #10
   80c42:	d12d      	bne.n	80ca0 <udc_process_setup+0x218>
{
	static uint8_t udc_iface_setting;
	uint8_t iface_num;
	udi_api_t UDC_DESC_STORAGE *udi_api;

	if (udd_g_ctrlreq.req.wLength != 1) {
   80c44:	2a01      	cmp	r2, #1
   80c46:	d11f      	bne.n	80c88 <udc_process_setup+0x200>
		return false; // Error in request
	}
	if (!udc_num_configuration) {
   80c48:	4850      	ldr	r0, [pc, #320]	; (80d8c <udc_process_setup+0x304>)
   80c4a:	7803      	ldrb	r3, [r0, #0]
   80c4c:	b1fb      	cbz	r3, 80c8e <udc_process_setup+0x206>
		return false; // The device is not is configured state yet
	}

	// Check the interface number included in the request
	iface_num = udd_g_ctrlreq.req.wIndex & 0xFF;
   80c4e:	4c4b      	ldr	r4, [pc, #300]	; (80d7c <udc_process_setup+0x2f4>)
   80c50:	7924      	ldrb	r4, [r4, #4]
	if (iface_num >= udc_ptr_conf->desc->bNumInterfaces) {
   80c52:	4d4f      	ldr	r5, [pc, #316]	; (80d90 <udc_process_setup+0x308>)
   80c54:	682d      	ldr	r5, [r5, #0]
   80c56:	6829      	ldr	r1, [r5, #0]
   80c58:	790a      	ldrb	r2, [r1, #4]
   80c5a:	42a2      	cmp	r2, r4
   80c5c:	d91a      	bls.n	80c94 <udc_process_setup+0x20c>
		return false;
	}

	// Select first alternate setting of the interface to update udc_ptr_iface
	// before call iface->getsetting()
	if (!udc_update_iface_desc(iface_num, 0)) {
   80c5e:	4620      	mov	r0, r4
   80c60:	f04f 0100 	mov.w	r1, #0
   80c64:	4b4b      	ldr	r3, [pc, #300]	; (80d94 <udc_process_setup+0x30c>)
   80c66:	4798      	blx	r3
   80c68:	b1b8      	cbz	r0, 80c9a <udc_process_setup+0x212>
		return false;
	}
	// Get alternate setting from UDI
	udi_api = udc_ptr_conf->udi_apis[iface_num];
   80c6a:	6868      	ldr	r0, [r5, #4]
	udc_iface_setting = udi_api->getsetting();
   80c6c:	f850 1024 	ldr.w	r1, [r0, r4, lsl #2]
   80c70:	68ca      	ldr	r2, [r1, #12]
   80c72:	4790      	blx	r2
   80c74:	4b48      	ldr	r3, [pc, #288]	; (80d98 <udc_process_setup+0x310>)
   80c76:	7018      	strb	r0, [r3, #0]

	// Link value to payload pointer of request
	udd_set_setup_payload(&udc_iface_setting,1);
   80c78:	4618      	mov	r0, r3
   80c7a:	f04f 0101 	mov.w	r1, #1
   80c7e:	4a3e      	ldr	r2, [pc, #248]	; (80d78 <udc_process_setup+0x2f0>)
   80c80:	4790      	blx	r2
	return true;
   80c82:	f04f 0001 	mov.w	r0, #1
   80c86:	e177      	b.n	80f78 <udc_process_setup+0x4f0>
	static uint8_t udc_iface_setting;
	uint8_t iface_num;
	udi_api_t UDC_DESC_STORAGE *udi_api;

	if (udd_g_ctrlreq.req.wLength != 1) {
		return false; // Error in request
   80c88:	f04f 0000 	mov.w	r0, #0
   80c8c:	e174      	b.n	80f78 <udc_process_setup+0x4f0>
	}
	if (!udc_num_configuration) {
		return false; // The device is not is configured state yet
   80c8e:	f04f 0000 	mov.w	r0, #0
   80c92:	e171      	b.n	80f78 <udc_process_setup+0x4f0>
	}

	// Check the interface number included in the request
	iface_num = udd_g_ctrlreq.req.wIndex & 0xFF;
	if (iface_num >= udc_ptr_conf->desc->bNumInterfaces) {
		return false;
   80c94:	f04f 0000 	mov.w	r0, #0
   80c98:	e16e      	b.n	80f78 <udc_process_setup+0x4f0>
	}

	// Select first alternate setting of the interface to update udc_ptr_iface
	// before call iface->getsetting()
	if (!udc_update_iface_desc(iface_num, 0)) {
		return false;
   80c9a:	f04f 0000 	mov.w	r0, #0
   80c9e:	e16b      	b.n	80f78 <udc_process_setup+0x4f0>
			default:
				break;
			}
		}
#if (0!=USB_DEVICE_MAX_EP)
		if (USB_REQ_RECIP_ENDPOINT == Udd_setup_recipient()) {
   80ca0:	2802      	cmp	r0, #2
   80ca2:	f040 816b 	bne.w	80f7c <udc_process_setup+0x4f4>
			// Standard Get Endpoint request
			switch (udd_g_ctrlreq.req.bRequest) {
   80ca6:	f240 7060 	movw	r0, #1888	; 0x760
   80caa:	f2c2 0007 	movt	r0, #8199	; 0x2007
   80cae:	7841      	ldrb	r1, [r0, #1]
   80cb0:	2900      	cmp	r1, #0
   80cb2:	f040 8159 	bne.w	80f68 <udc_process_setup+0x4e0>
 */
static bool udc_req_std_ep_get_status(void)
{
	static le16_t udc_ep_status;

	if (udd_g_ctrlreq.req.wLength != sizeof(udc_ep_status)) {
   80cb6:	2a02      	cmp	r2, #2
   80cb8:	d10d      	bne.n	80cd6 <udc_process_setup+0x24e>
		return false;
	}

	udc_ep_status = udd_ep_is_halted(udd_g_ctrlreq.req.
   80cba:	4a30      	ldr	r2, [pc, #192]	; (80d7c <udc_process_setup+0x2f4>)
   80cbc:	7910      	ldrb	r0, [r2, #4]
   80cbe:	4b37      	ldr	r3, [pc, #220]	; (80d9c <udc_process_setup+0x314>)
   80cc0:	4798      	blx	r3
   80cc2:	4937      	ldr	r1, [pc, #220]	; (80da0 <udc_process_setup+0x318>)
   80cc4:	8008      	strh	r0, [r1, #0]
			wIndex & 0xFF) ? CPU_TO_LE16(USB_EP_STATUS_HALTED) : 0;

	udd_set_setup_payload( (uint8_t *) & udc_ep_status,
   80cc6:	4608      	mov	r0, r1
   80cc8:	f04f 0102 	mov.w	r1, #2
   80ccc:	4a2a      	ldr	r2, [pc, #168]	; (80d78 <udc_process_setup+0x2f0>)
   80cce:	4790      	blx	r2
			sizeof(udc_ep_status));
	return true;
   80cd0:	f04f 0001 	mov.w	r0, #1
   80cd4:	e150      	b.n	80f78 <udc_process_setup+0x4f0>
static bool udc_req_std_ep_get_status(void)
{
	static le16_t udc_ep_status;

	if (udd_g_ctrlreq.req.wLength != sizeof(udc_ep_status)) {
		return false;
   80cd6:	f04f 0000 	mov.w	r0, #0
   80cda:	e14d      	b.n	80f78 <udc_process_setup+0x4f0>
			}
		}
#endif
	} else {
		// SET Standard Requests
		if (USB_REQ_RECIP_DEVICE == Udd_setup_recipient()) {
   80cdc:	f010 031f 	ands.w	r3, r0, #31
   80ce0:	f040 80c6 	bne.w	80e70 <udc_process_setup+0x3e8>
			// Standard Set Device request
			switch (udd_g_ctrlreq.req.bRequest) {
   80ce4:	f240 7160 	movw	r1, #1888	; 0x760
   80ce8:	f2c2 0107 	movt	r1, #8199	; 0x2007
   80cec:	784a      	ldrb	r2, [r1, #1]
   80cee:	f102 30ff 	add.w	r0, r2, #4294967295
   80cf2:	2808      	cmp	r0, #8
   80cf4:	f200 80bc 	bhi.w	80e70 <udc_process_setup+0x3e8>
   80cf8:	e8df f010 	tbh	[pc, r0, lsl #1]
   80cfc:	00ba001e 	.word	0x00ba001e
   80d00:	00ba0139 	.word	0x00ba0139
   80d04:	00ba0009 	.word	0x00ba0009
   80d08:	00ba00ba 	.word	0x00ba00ba
   80d0c:	0054      	.short	0x0054
 *
 * \return true if success
 */
static bool udc_req_std_dev_set_address(void)
{
	if (udd_g_ctrlreq.req.wLength) {
   80d0e:	f240 7060 	movw	r0, #1888	; 0x760
   80d12:	f2c2 0007 	movt	r0, #8199	; 0x2007
   80d16:	88c1      	ldrh	r1, [r0, #6]
   80d18:	b959      	cbnz	r1, 80d32 <udc_process_setup+0x2aa>
		return false;
	}

	// The address must be changed at the end of setup request after the handshake
	// then we use a callback to change address
	udd_g_ctrlreq.callback = udc_valid_address;
   80d1a:	f240 7360 	movw	r3, #1888	; 0x760
   80d1e:	f2c2 0307 	movt	r3, #8199	; 0x2007
   80d22:	f640 02c9 	movw	r2, #2249	; 0x8c9
   80d26:	f2c0 0208 	movt	r2, #8
   80d2a:	611a      	str	r2, [r3, #16]
	return true;
   80d2c:	f04f 0001 	mov.w	r0, #1
   80d30:	e122      	b.n	80f78 <udc_process_setup+0x4f0>
 * \return true if success
 */
static bool udc_req_std_dev_set_address(void)
{
	if (udd_g_ctrlreq.req.wLength) {
		return false;
   80d32:	f04f 0000 	mov.w	r0, #0
   80d36:	e11f      	b.n	80f78 <udc_process_setup+0x4f0>
 *
 * \return true if success
 */
static bool udc_req_std_dev_clear_feature(void)
{
	if (udd_g_ctrlreq.req.wLength) {
   80d38:	f240 7060 	movw	r0, #1888	; 0x760
   80d3c:	f2c2 0007 	movt	r0, #8199	; 0x2007
   80d40:	88c1      	ldrh	r1, [r0, #6]
   80d42:	b989      	cbnz	r1, 80d68 <udc_process_setup+0x2e0>
		return false;
	}

	if (udd_g_ctrlreq.req.wValue == USB_DEV_FEATURE_REMOTE_WAKEUP) {
   80d44:	f240 7360 	movw	r3, #1888	; 0x760
   80d48:	f2c2 0307 	movt	r3, #8199	; 0x2007
   80d4c:	885a      	ldrh	r2, [r3, #2]
   80d4e:	2a01      	cmp	r2, #1
   80d50:	d10d      	bne.n	80d6e <udc_process_setup+0x2e6>
		udc_device_status &= CPU_TO_LE16(~(uint32_t)USB_DEV_STATUS_REMOTEWAKEUP);
   80d52:	f240 608a 	movw	r0, #1674	; 0x68a
   80d56:	f2c2 0007 	movt	r0, #8199	; 0x2007
   80d5a:	8801      	ldrh	r1, [r0, #0]
   80d5c:	f021 0302 	bic.w	r3, r1, #2
   80d60:	8003      	strh	r3, [r0, #0]
#if (USB_CONFIG_ATTR_REMOTE_WAKEUP \
	== (USB_DEVICE_ATTR & USB_CONFIG_ATTR_REMOTE_WAKEUP))
		UDC_REMOTEWAKEUP_DISABLE();
#endif
		return true;
   80d62:	f04f 0001 	mov.w	r0, #1
   80d66:	e107      	b.n	80f78 <udc_process_setup+0x4f0>
 * \return true if success
 */
static bool udc_req_std_dev_clear_feature(void)
{
	if (udd_g_ctrlreq.req.wLength) {
		return false;
   80d68:	f04f 0000 	mov.w	r0, #0
   80d6c:	e104      	b.n	80f78 <udc_process_setup+0x4f0>
	== (USB_DEVICE_ATTR & USB_CONFIG_ATTR_REMOTE_WAKEUP))
		UDC_REMOTEWAKEUP_DISABLE();
#endif
		return true;
	}
	return false;
   80d6e:	f04f 0000 	mov.w	r0, #0
   80d72:	e101      	b.n	80f78 <udc_process_setup+0x4f0>
   80d74:	20070028 	.word	0x20070028
   80d78:	00082219 	.word	0x00082219
   80d7c:	20070760 	.word	0x20070760
   80d80:	200700e0 	.word	0x200700e0
   80d84:	200700ac 	.word	0x200700ac
   80d88:	200700bc 	.word	0x200700bc
   80d8c:	2007068c 	.word	0x2007068c
   80d90:	20070684 	.word	0x20070684
   80d94:	0008083d 	.word	0x0008083d
   80d98:	20070680 	.word	0x20070680
   80d9c:	0008228d 	.word	0x0008228d
   80da0:	20070688 	.word	0x20070688
static bool udc_req_std_dev_set_configuration(void)
{
	uint8_t iface_num;

	// Check request length
	if (udd_g_ctrlreq.req.wLength) {
   80da4:	f240 7260 	movw	r2, #1888	; 0x760
   80da8:	f2c2 0207 	movt	r2, #8199	; 0x2007
   80dac:	88d0      	ldrh	r0, [r2, #6]
   80dae:	2800      	cmp	r0, #0
   80db0:	d14c      	bne.n	80e4c <udc_process_setup+0x3c4>
		return false;
	}
	// Authorize configuration only if the address is valid
	if (!udd_getaddress()) {
   80db2:	f242 11e5 	movw	r1, #8677	; 0x21e5
   80db6:	f2c0 0108 	movt	r1, #8
   80dba:	4788      	blx	r1
   80dbc:	2800      	cmp	r0, #0
   80dbe:	d048      	beq.n	80e52 <udc_process_setup+0x3ca>
		}
	} else
#endif
	{
		// FS descriptor
		if ((udd_g_ctrlreq.req.wValue & 0xFF) >
   80dc0:	f240 7360 	movw	r3, #1888	; 0x760
   80dc4:	f2c2 0307 	movt	r3, #8199	; 0x2007
   80dc8:	789a      	ldrb	r2, [r3, #2]
				udc_config.confdev_lsfs->bNumConfigurations) {
   80dca:	f240 0028 	movw	r0, #40	; 0x28
   80dce:	f2c2 0007 	movt	r0, #8199	; 0x2007
   80dd2:	6801      	ldr	r1, [r0, #0]
		}
	} else
#endif
	{
		// FS descriptor
		if ((udd_g_ctrlreq.req.wValue & 0xFF) >
   80dd4:	7c4b      	ldrb	r3, [r1, #17]
   80dd6:	429a      	cmp	r2, r3
   80dd8:	dc3e      	bgt.n	80e58 <udc_process_setup+0x3d0>
			return false;
		}
	}

	// Reset current configuration
	udc_reset();
   80dda:	f640 12dd 	movw	r2, #2525	; 0x9dd
   80dde:	f2c0 0208 	movt	r2, #8
   80de2:	4790      	blx	r2

	// Enable new configuration
	udc_num_configuration = udd_g_ctrlreq.req.wValue & 0xFF;
   80de4:	f240 7060 	movw	r0, #1888	; 0x760
   80de8:	f2c2 0007 	movt	r0, #8199	; 0x2007
   80dec:	7881      	ldrb	r1, [r0, #2]
   80dee:	f240 638c 	movw	r3, #1676	; 0x68c
   80df2:	f2c2 0307 	movt	r3, #8199	; 0x2007
   80df6:	7019      	strb	r1, [r3, #0]
	if (udc_num_configuration == 0) {
   80df8:	b389      	cbz	r1, 80e5e <udc_process_setup+0x3d6>
		udc_ptr_conf = &udc_config.conf_hs[udc_num_configuration - 1];
	} else
#endif
	{
		// FS descriptor
		udc_ptr_conf = &udc_config.conf_lsfs[udc_num_configuration - 1];
   80dfa:	f101 33ff 	add.w	r3, r1, #4294967295
   80dfe:	f240 0228 	movw	r2, #40	; 0x28
   80e02:	f2c2 0207 	movt	r2, #8199	; 0x2007
   80e06:	6852      	ldr	r2, [r2, #4]
   80e08:	eb02 00c3 	add.w	r0, r2, r3, lsl #3
   80e0c:	f240 6184 	movw	r1, #1668	; 0x684
   80e10:	f2c2 0107 	movt	r1, #8199	; 0x2007
   80e14:	6008      	str	r0, [r1, #0]
	}
	// Enable all interfaces of the selected configuration
	for (iface_num = 0; iface_num < udc_ptr_conf->desc->bNumInterfaces;
   80e16:	f852 3033 	ldr.w	r3, [r2, r3, lsl #3]
   80e1a:	791a      	ldrb	r2, [r3, #4]
   80e1c:	b312      	cbz	r2, 80e64 <udc_process_setup+0x3dc>
   80e1e:	f04f 0400 	mov.w	r4, #0
			iface_num++) {
		if (!udc_iface_enable(iface_num, 0)) {
   80e22:	4626      	mov	r6, r4
   80e24:	f640 05e5 	movw	r5, #2277	; 0x8e5
   80e28:	f2c0 0508 	movt	r5, #8
	{
		// FS descriptor
		udc_ptr_conf = &udc_config.conf_lsfs[udc_num_configuration - 1];
	}
	// Enable all interfaces of the selected configuration
	for (iface_num = 0; iface_num < udc_ptr_conf->desc->bNumInterfaces;
   80e2c:	460f      	mov	r7, r1
			iface_num++) {
		if (!udc_iface_enable(iface_num, 0)) {
   80e2e:	4620      	mov	r0, r4
   80e30:	4631      	mov	r1, r6
   80e32:	47a8      	blx	r5
   80e34:	b1c8      	cbz	r0, 80e6a <udc_process_setup+0x3e2>
		// FS descriptor
		udc_ptr_conf = &udc_config.conf_lsfs[udc_num_configuration - 1];
	}
	// Enable all interfaces of the selected configuration
	for (iface_num = 0; iface_num < udc_ptr_conf->desc->bNumInterfaces;
			iface_num++) {
   80e36:	f104 0401 	add.w	r4, r4, #1
   80e3a:	b2e4      	uxtb	r4, r4
	{
		// FS descriptor
		udc_ptr_conf = &udc_config.conf_lsfs[udc_num_configuration - 1];
	}
	// Enable all interfaces of the selected configuration
	for (iface_num = 0; iface_num < udc_ptr_conf->desc->bNumInterfaces;
   80e3c:	6838      	ldr	r0, [r7, #0]
   80e3e:	6801      	ldr	r1, [r0, #0]
   80e40:	790b      	ldrb	r3, [r1, #4]
   80e42:	42a3      	cmp	r3, r4
   80e44:	d8f3      	bhi.n	80e2e <udc_process_setup+0x3a6>
			iface_num++) {
		if (!udc_iface_enable(iface_num, 0)) {
			return false;
		}
	}
	return true;
   80e46:	f04f 0001 	mov.w	r0, #1
   80e4a:	e095      	b.n	80f78 <udc_process_setup+0x4f0>
{
	uint8_t iface_num;

	// Check request length
	if (udd_g_ctrlreq.req.wLength) {
		return false;
   80e4c:	f04f 0000 	mov.w	r0, #0
   80e50:	e092      	b.n	80f78 <udc_process_setup+0x4f0>
	}
	// Authorize configuration only if the address is valid
	if (!udd_getaddress()) {
		return false;
   80e52:	f04f 0000 	mov.w	r0, #0
   80e56:	e08f      	b.n	80f78 <udc_process_setup+0x4f0>
#endif
	{
		// FS descriptor
		if ((udd_g_ctrlreq.req.wValue & 0xFF) >
				udc_config.confdev_lsfs->bNumConfigurations) {
			return false;
   80e58:	f04f 0000 	mov.w	r0, #0
   80e5c:	e08c      	b.n	80f78 <udc_process_setup+0x4f0>
	udc_reset();

	// Enable new configuration
	udc_num_configuration = udd_g_ctrlreq.req.wValue & 0xFF;
	if (udc_num_configuration == 0) {
		return true; // Default empty configuration requested
   80e5e:	f04f 0001 	mov.w	r0, #1
   80e62:	e089      	b.n	80f78 <udc_process_setup+0x4f0>
			iface_num++) {
		if (!udc_iface_enable(iface_num, 0)) {
			return false;
		}
	}
	return true;
   80e64:	f04f 0001 	mov.w	r0, #1
   80e68:	e086      	b.n	80f78 <udc_process_setup+0x4f0>
	}
	// Enable all interfaces of the selected configuration
	for (iface_num = 0; iface_num < udc_ptr_conf->desc->bNumInterfaces;
			iface_num++) {
		if (!udc_iface_enable(iface_num, 0)) {
			return false;
   80e6a:	f04f 0000 	mov.w	r0, #0
   80e6e:	e083      	b.n	80f78 <udc_process_setup+0x4f0>
			default:
				break;
			}
		}

		if (USB_REQ_RECIP_INTERFACE == Udd_setup_recipient()) {
   80e70:	2b01      	cmp	r3, #1
   80e72:	d12d      	bne.n	80ed0 <udc_process_setup+0x448>
			// Standard Set Interface request
			switch (udd_g_ctrlreq.req.bRequest) {
   80e74:	f240 7160 	movw	r1, #1888	; 0x760
   80e78:	f2c2 0107 	movt	r1, #8199	; 0x2007
   80e7c:	784a      	ldrb	r2, [r1, #1]
   80e7e:	2a0b      	cmp	r2, #11
   80e80:	d126      	bne.n	80ed0 <udc_process_setup+0x448>
 */
static bool udc_req_std_iface_set_setting(void)
{
	uint8_t iface_num, setting_num;

	if (udd_g_ctrlreq.req.wLength) {
   80e82:	f240 7060 	movw	r0, #1888	; 0x760
   80e86:	f2c2 0007 	movt	r0, #8199	; 0x2007
   80e8a:	88c2      	ldrh	r2, [r0, #6]
   80e8c:	b9ba      	cbnz	r2, 80ebe <udc_process_setup+0x436>
		return false; // Error in request
	}
	if (!udc_num_configuration) {
   80e8e:	f240 638c 	movw	r3, #1676	; 0x68c
   80e92:	f2c2 0307 	movt	r3, #8199	; 0x2007
   80e96:	7819      	ldrb	r1, [r3, #0]
   80e98:	b1a1      	cbz	r1, 80ec4 <udc_process_setup+0x43c>
		return false; // The device is not is configured state yet
	}

	iface_num = udd_g_ctrlreq.req.wIndex & 0xFF;
   80e9a:	f240 7560 	movw	r5, #1888	; 0x760
   80e9e:	f2c2 0507 	movt	r5, #8199	; 0x2007
   80ea2:	792c      	ldrb	r4, [r5, #4]
	setting_num = udd_g_ctrlreq.req.wValue & 0xFF;
   80ea4:	886d      	ldrh	r5, [r5, #2]

	// Disable current setting
	if (!udc_iface_disable(iface_num)) {
   80ea6:	4620      	mov	r0, r4
   80ea8:	f640 1251 	movw	r2, #2385	; 0x951
   80eac:	f2c0 0208 	movt	r2, #8
   80eb0:	4790      	blx	r2
   80eb2:	b150      	cbz	r0, 80eca <udc_process_setup+0x442>
		return false;
	}

	// Enable new setting
	return udc_iface_enable(iface_num, setting_num);
   80eb4:	4620      	mov	r0, r4
   80eb6:	b2e9      	uxtb	r1, r5
   80eb8:	4b83      	ldr	r3, [pc, #524]	; (810c8 <udc_process_setup+0x640>)
   80eba:	4798      	blx	r3
   80ebc:	e05c      	b.n	80f78 <udc_process_setup+0x4f0>
static bool udc_req_std_iface_set_setting(void)
{
	uint8_t iface_num, setting_num;

	if (udd_g_ctrlreq.req.wLength) {
		return false; // Error in request
   80ebe:	f04f 0000 	mov.w	r0, #0
   80ec2:	e059      	b.n	80f78 <udc_process_setup+0x4f0>
	}
	if (!udc_num_configuration) {
		return false; // The device is not is configured state yet
   80ec4:	f04f 0000 	mov.w	r0, #0
   80ec8:	e056      	b.n	80f78 <udc_process_setup+0x4f0>
	iface_num = udd_g_ctrlreq.req.wIndex & 0xFF;
	setting_num = udd_g_ctrlreq.req.wValue & 0xFF;

	// Disable current setting
	if (!udc_iface_disable(iface_num)) {
		return false;
   80eca:	f04f 0000 	mov.w	r0, #0
   80ece:	e053      	b.n	80f78 <udc_process_setup+0x4f0>
			default:
				break;
			}
		}
#if (0!=USB_DEVICE_MAX_EP)
		if (USB_REQ_RECIP_ENDPOINT == Udd_setup_recipient()) {
   80ed0:	2b02      	cmp	r3, #2
   80ed2:	d153      	bne.n	80f7c <udc_process_setup+0x4f4>
			// Standard Set Endpoint request
			switch (udd_g_ctrlreq.req.bRequest) {
   80ed4:	f240 7360 	movw	r3, #1888	; 0x760
   80ed8:	f2c2 0307 	movt	r3, #8199	; 0x2007
   80edc:	7858      	ldrb	r0, [r3, #1]
   80ede:	2801      	cmp	r0, #1
   80ee0:	d002      	beq.n	80ee8 <udc_process_setup+0x460>
   80ee2:	2803      	cmp	r0, #3
   80ee4:	d146      	bne.n	80f74 <udc_process_setup+0x4ec>
   80ee6:	e01c      	b.n	80f22 <udc_process_setup+0x49a>
 *
 * \return true if success
 */
static bool udc_req_std_ep_clear_feature(void)
{
	if (udd_g_ctrlreq.req.wLength) {
   80ee8:	f240 7360 	movw	r3, #1888	; 0x760
   80eec:	f2c2 0307 	movt	r3, #8199	; 0x2007
   80ef0:	88d8      	ldrh	r0, [r3, #6]
   80ef2:	b980      	cbnz	r0, 80f16 <udc_process_setup+0x48e>
		return false;
	}

	if (udd_g_ctrlreq.req.wValue == USB_EP_FEATURE_HALT) {
   80ef4:	f240 7160 	movw	r1, #1888	; 0x760
   80ef8:	f2c2 0107 	movt	r1, #8199	; 0x2007
   80efc:	884a      	ldrh	r2, [r1, #2]
   80efe:	b96a      	cbnz	r2, 80f1c <udc_process_setup+0x494>
		return udd_ep_clear_halt(udd_g_ctrlreq.req.wIndex & 0xFF);
   80f00:	f240 7360 	movw	r3, #1888	; 0x760
   80f04:	f2c2 0307 	movt	r3, #8199	; 0x2007
   80f08:	7918      	ldrb	r0, [r3, #4]
   80f0a:	f242 31cd 	movw	r1, #9165	; 0x23cd
   80f0e:	f2c0 0108 	movt	r1, #8
   80f12:	4788      	blx	r1
   80f14:	e030      	b.n	80f78 <udc_process_setup+0x4f0>
 * \return true if success
 */
static bool udc_req_std_ep_clear_feature(void)
{
	if (udd_g_ctrlreq.req.wLength) {
		return false;
   80f16:	f04f 0000 	mov.w	r0, #0
   80f1a:	e02d      	b.n	80f78 <udc_process_setup+0x4f0>
	}

	if (udd_g_ctrlreq.req.wValue == USB_EP_FEATURE_HALT) {
		return udd_ep_clear_halt(udd_g_ctrlreq.req.wIndex & 0xFF);
	}
	return false;
   80f1c:	f04f 0000 	mov.w	r0, #0
   80f20:	e02a      	b.n	80f78 <udc_process_setup+0x4f0>
 * \return true if success
 */
#if (0!=USB_DEVICE_MAX_EP)
static bool udc_req_std_ep_set_feature(void)
{
	if (udd_g_ctrlreq.req.wLength) {
   80f22:	f240 7160 	movw	r1, #1888	; 0x760
   80f26:	f2c2 0107 	movt	r1, #8199	; 0x2007
   80f2a:	88ca      	ldrh	r2, [r1, #6]
   80f2c:	b9b2      	cbnz	r2, 80f5c <udc_process_setup+0x4d4>
		return false;
	}
	if (udd_g_ctrlreq.req.wValue == USB_EP_FEATURE_HALT) {
   80f2e:	f240 7360 	movw	r3, #1888	; 0x760
   80f32:	f2c2 0307 	movt	r3, #8199	; 0x2007
   80f36:	8858      	ldrh	r0, [r3, #2]
   80f38:	b998      	cbnz	r0, 80f62 <udc_process_setup+0x4da>
		udd_ep_abort(udd_g_ctrlreq.req.wIndex & 0xFF);
   80f3a:	f240 7460 	movw	r4, #1888	; 0x760
   80f3e:	f2c2 0407 	movt	r4, #8199	; 0x2007
   80f42:	7920      	ldrb	r0, [r4, #4]
   80f44:	f642 21b5 	movw	r1, #10933	; 0x2ab5
   80f48:	f2c0 0108 	movt	r1, #8
   80f4c:	4788      	blx	r1
		return udd_ep_set_halt(udd_g_ctrlreq.req.wIndex & 0xFF);
   80f4e:	7920      	ldrb	r0, [r4, #4]
   80f50:	f242 22a5 	movw	r2, #8869	; 0x22a5
   80f54:	f2c0 0208 	movt	r2, #8
   80f58:	4790      	blx	r2
   80f5a:	e00d      	b.n	80f78 <udc_process_setup+0x4f0>
 */
#if (0!=USB_DEVICE_MAX_EP)
static bool udc_req_std_ep_set_feature(void)
{
	if (udd_g_ctrlreq.req.wLength) {
		return false;
   80f5c:	f04f 0000 	mov.w	r0, #0
   80f60:	e00a      	b.n	80f78 <udc_process_setup+0x4f0>
	}
	if (udd_g_ctrlreq.req.wValue == USB_EP_FEATURE_HALT) {
		udd_ep_abort(udd_g_ctrlreq.req.wIndex & 0xFF);
		return udd_ep_set_halt(udd_g_ctrlreq.req.wIndex & 0xFF);
	}
	return false;
   80f62:	f04f 0000 	mov.w	r0, #0
   80f66:	e007      	b.n	80f78 <udc_process_setup+0x4f0>
				break;
			}
		}
#endif
	}
	return false;
   80f68:	f04f 0000 	mov.w	r0, #0
   80f6c:	e004      	b.n	80f78 <udc_process_setup+0x4f0>
			case USB_REQ_SET_ADDRESS:
				return udc_req_std_dev_set_address();
			case USB_REQ_CLEAR_FEATURE:
				return udc_req_std_dev_clear_feature();
			case USB_REQ_SET_FEATURE:
				return udc_req_std_dev_set_feature();
   80f6e:	f04f 0000 	mov.w	r0, #0
   80f72:	e001      	b.n	80f78 <udc_process_setup+0x4f0>
				break;
			}
		}
#endif
	}
	return false;
   80f74:	f04f 0000 	mov.w	r0, #0
		}
	}

	// If standard request then try to decode it in UDC
	if (Udd_setup_type() == USB_REQ_TYPE_STANDARD) {
		if (udc_reqstd()) {
   80f78:	2800      	cmp	r0, #0
   80f7a:	d17b      	bne.n	81074 <udc_process_setup+0x5ec>
			return true;
		}
	}

	// If interface request then try to decode it in UDI
	if (Udd_setup_recipient() == USB_REQ_RECIP_INTERFACE) {
   80f7c:	f240 7060 	movw	r0, #1888	; 0x760
   80f80:	f2c2 0007 	movt	r0, #8199	; 0x2007
   80f84:	7802      	ldrb	r2, [r0, #0]
   80f86:	f002 031f 	and.w	r3, r2, #31
   80f8a:	2b01      	cmp	r3, #1
   80f8c:	d12d      	bne.n	80fea <udc_process_setup+0x562>
static bool udc_req_iface(void)
{
	uint8_t iface_num;
	udi_api_t UDC_DESC_STORAGE *udi_api;

	if (0 == udc_num_configuration) {
   80f8e:	f240 618c 	movw	r1, #1676	; 0x68c
   80f92:	f2c2 0107 	movt	r1, #8199	; 0x2007
   80f96:	7808      	ldrb	r0, [r1, #0]
   80f98:	b338      	cbz	r0, 80fea <udc_process_setup+0x562>
		return false; // The device is not is configured state yet
	}
	// Check interface number
	iface_num = udd_g_ctrlreq.req.wIndex & 0xFF;
   80f9a:	f240 7460 	movw	r4, #1888	; 0x760
   80f9e:	f2c2 0407 	movt	r4, #8199	; 0x2007
   80fa2:	7924      	ldrb	r4, [r4, #4]
	if (iface_num >= udc_ptr_conf->desc->bNumInterfaces) {
   80fa4:	f240 6584 	movw	r5, #1668	; 0x684
   80fa8:	f2c2 0507 	movt	r5, #8199	; 0x2007
   80fac:	682d      	ldr	r5, [r5, #0]
   80fae:	682a      	ldr	r2, [r5, #0]
   80fb0:	7913      	ldrb	r3, [r2, #4]
   80fb2:	42a3      	cmp	r3, r4
   80fb4:	d919      	bls.n	80fea <udc_process_setup+0x562>
	}

	//* To update udc_ptr_iface with the selected interface in request
	// Select first alternate setting of interface to update udc_ptr_iface
	// before calling udi_api->getsetting()
	if (!udc_update_iface_desc(iface_num, 0)) {
   80fb6:	4620      	mov	r0, r4
   80fb8:	f04f 0100 	mov.w	r1, #0
   80fbc:	f640 023d 	movw	r2, #2109	; 0x83d
   80fc0:	f2c0 0208 	movt	r2, #8
   80fc4:	4790      	blx	r2
   80fc6:	b180      	cbz	r0, 80fea <udc_process_setup+0x562>
		return false;
	}
	// Select the interface with the current alternate setting
	udi_api = udc_ptr_conf->udi_apis[iface_num];
   80fc8:	6869      	ldr	r1, [r5, #4]
   80fca:	f851 5024 	ldr.w	r5, [r1, r4, lsl #2]
	if (!udc_update_iface_desc(iface_num, udi_api->getsetting())) {
   80fce:	68e8      	ldr	r0, [r5, #12]
   80fd0:	4780      	blx	r0
   80fd2:	4601      	mov	r1, r0
   80fd4:	4620      	mov	r0, r4
   80fd6:	f640 033d 	movw	r3, #2109	; 0x83d
   80fda:	f2c0 0308 	movt	r3, #8
   80fde:	4798      	blx	r3
   80fe0:	b118      	cbz	r0, 80fea <udc_process_setup+0x562>
		return false;
	}

	// Send the SETUP request to the UDI corresponding to the interface number
	return udi_api->setup();
   80fe2:	68aa      	ldr	r2, [r5, #8]
   80fe4:	4790      	blx	r2
		}
	}

	// If interface request then try to decode it in UDI
	if (Udd_setup_recipient() == USB_REQ_RECIP_INTERFACE) {
		if (udc_req_iface()) {
   80fe6:	2800      	cmp	r0, #0
   80fe8:	d147      	bne.n	8107a <udc_process_setup+0x5f2>
			return true;
		}
	}

	// If endpoint request then try to decode it in UDI
	if (Udd_setup_recipient() == USB_REQ_RECIP_ENDPOINT) {
   80fea:	f240 7160 	movw	r1, #1888	; 0x760
   80fee:	f2c2 0107 	movt	r1, #8199	; 0x2007
   80ff2:	7808      	ldrb	r0, [r1, #0]
   80ff4:	f000 031f 	and.w	r3, r0, #31
   80ff8:	2b02      	cmp	r3, #2
   80ffa:	d141      	bne.n	81080 <udc_process_setup+0x5f8>
static bool udc_req_ep(void)
{
	uint8_t iface_num;
	udi_api_t UDC_DESC_STORAGE *udi_api;

	if (0 == udc_num_configuration) {
   80ffc:	f240 628c 	movw	r2, #1676	; 0x68c
   81000:	f2c2 0207 	movt	r2, #8199	; 0x2007
   81004:	7811      	ldrb	r1, [r2, #0]
   81006:	b331      	cbz	r1, 81056 <udc_process_setup+0x5ce>
		return false; // The device is not is configured state yet
	}
	// Send this request on all enabled interfaces
	iface_num = udd_g_ctrlreq.req.wIndex & 0xFF;
	for (iface_num = 0; iface_num < udc_ptr_conf->desc->bNumInterfaces;
   81008:	f240 6084 	movw	r0, #1668	; 0x684
   8100c:	f2c2 0007 	movt	r0, #8199	; 0x2007
   81010:	6803      	ldr	r3, [r0, #0]
   81012:	681a      	ldr	r2, [r3, #0]
   81014:	7911      	ldrb	r1, [r2, #4]
   81016:	b309      	cbz	r1, 8105c <udc_process_setup+0x5d4>
   81018:	f04f 0400 	mov.w	r4, #0
			iface_num++) {
		// Select the interface with the current alternate setting
		udi_api = udc_ptr_conf->udi_apis[iface_num];
		if (!udc_update_iface_desc(iface_num, udi_api->getsetting())) {
   8101c:	f640 063d 	movw	r6, #2109	; 0x83d
   81020:	f2c0 0608 	movt	r6, #8
	if (0 == udc_num_configuration) {
		return false; // The device is not is configured state yet
	}
	// Send this request on all enabled interfaces
	iface_num = udd_g_ctrlreq.req.wIndex & 0xFF;
	for (iface_num = 0; iface_num < udc_ptr_conf->desc->bNumInterfaces;
   81024:	f240 6784 	movw	r7, #1668	; 0x684
   81028:	f2c2 0707 	movt	r7, #8199	; 0x2007
			iface_num++) {
		// Select the interface with the current alternate setting
		udi_api = udc_ptr_conf->udi_apis[iface_num];
   8102c:	685d      	ldr	r5, [r3, #4]
   8102e:	f855 5024 	ldr.w	r5, [r5, r4, lsl #2]
		if (!udc_update_iface_desc(iface_num, udi_api->getsetting())) {
   81032:	68eb      	ldr	r3, [r5, #12]
   81034:	4798      	blx	r3
   81036:	4601      	mov	r1, r0
   81038:	4620      	mov	r0, r4
   8103a:	47b0      	blx	r6
   8103c:	b188      	cbz	r0, 81062 <udc_process_setup+0x5da>
			return false;
		}

		// Send the SETUP request to the UDI
		if (udi_api->setup()) {
   8103e:	68a8      	ldr	r0, [r5, #8]
   81040:	4780      	blx	r0
   81042:	b988      	cbnz	r0, 81068 <udc_process_setup+0x5e0>
		return false; // The device is not is configured state yet
	}
	// Send this request on all enabled interfaces
	iface_num = udd_g_ctrlreq.req.wIndex & 0xFF;
	for (iface_num = 0; iface_num < udc_ptr_conf->desc->bNumInterfaces;
			iface_num++) {
   81044:	f104 0401 	add.w	r4, r4, #1
   81048:	b2e4      	uxtb	r4, r4
	if (0 == udc_num_configuration) {
		return false; // The device is not is configured state yet
	}
	// Send this request on all enabled interfaces
	iface_num = udd_g_ctrlreq.req.wIndex & 0xFF;
	for (iface_num = 0; iface_num < udc_ptr_conf->desc->bNumInterfaces;
   8104a:	683b      	ldr	r3, [r7, #0]
   8104c:	681a      	ldr	r2, [r3, #0]
   8104e:	7911      	ldrb	r1, [r2, #4]
   81050:	42a1      	cmp	r1, r4
   81052:	d8eb      	bhi.n	8102c <udc_process_setup+0x5a4>
   81054:	bdf8      	pop	{r3, r4, r5, r6, r7, pc}
{
	uint8_t iface_num;
	udi_api_t UDC_DESC_STORAGE *udi_api;

	if (0 == udc_num_configuration) {
		return false; // The device is not is configured state yet
   81056:	f04f 0000 	mov.w	r0, #0
   8105a:	bdf8      	pop	{r3, r4, r5, r6, r7, pc}
		// Send the SETUP request to the UDI
		if (udi_api->setup()) {
			return true;
		}
	}
	return false;
   8105c:	f04f 0000 	mov.w	r0, #0
   81060:	bdf8      	pop	{r3, r4, r5, r6, r7, pc}
	for (iface_num = 0; iface_num < udc_ptr_conf->desc->bNumInterfaces;
			iface_num++) {
		// Select the interface with the current alternate setting
		udi_api = udc_ptr_conf->udi_apis[iface_num];
		if (!udc_update_iface_desc(iface_num, udi_api->getsetting())) {
			return false;
   81062:	f04f 0000 	mov.w	r0, #0
   81066:	bdf8      	pop	{r3, r4, r5, r6, r7, pc}
		}

		// Send the SETUP request to the UDI
		if (udi_api->setup()) {
			return true;
   81068:	f04f 0001 	mov.w	r0, #1
   8106c:	bdf8      	pop	{r3, r4, r5, r6, r7, pc}
	udd_g_ctrlreq.callback = NULL;
	udd_g_ctrlreq.over_under_run = NULL;

	if (Udd_setup_is_in()) {
		if (udd_g_ctrlreq.req.wLength == 0) {
			return false; // Error from USB host
   8106e:	f04f 0000 	mov.w	r0, #0
   81072:	bdf8      	pop	{r3, r4, r5, r6, r7, pc}
	}

	// If standard request then try to decode it in UDC
	if (Udd_setup_type() == USB_REQ_TYPE_STANDARD) {
		if (udc_reqstd()) {
			return true;
   81074:	f04f 0001 	mov.w	r0, #1
   81078:	bdf8      	pop	{r3, r4, r5, r6, r7, pc}
	}

	// If interface request then try to decode it in UDI
	if (Udd_setup_recipient() == USB_REQ_RECIP_INTERFACE) {
		if (udc_req_iface()) {
			return true;
   8107a:	f04f 0001 	mov.w	r0, #1
   8107e:	bdf8      	pop	{r3, r4, r5, r6, r7, pc}
	// Here SETUP request unknown by UDC and UDIs
#ifdef USB_DEVICE_SPECIFIC_REQUEST
	// Try to decode it in specific callback
	return USB_DEVICE_SPECIFIC_REQUEST(); // Ex: Vendor request,...
#else
	return false;
   81080:	f04f 0000 	mov.w	r0, #0
   81084:	bdf8      	pop	{r3, r4, r5, r6, r7, pc}
			return false; // Error from USB host
		}
	}

	// If standard request then try to decode it in UDC
	if (Udd_setup_type() == USB_REQ_TYPE_STANDARD) {
   81086:	f010 0f60 	tst.w	r0, #96	; 0x60
   8108a:	f47f af77 	bne.w	80f7c <udc_process_setup+0x4f4>
   8108e:	e625      	b.n	80cdc <udc_process_setup+0x254>
   81090:	f010 0f60 	tst.w	r0, #96	; 0x60
   81094:	f47f af72 	bne.w	80f7c <udc_process_setup+0x4f4>
   81098:	e50e      	b.n	80ab8 <udc_process_setup+0x30>
		str = udc_string_manufacturer_name;
		break;
#endif
#ifdef USB_DEVICE_PRODUCT_NAME
	case 2:
		str_length = USB_DEVICE_PRODUCT_NAME_SIZE;
   8109a:	f04f 0411 	mov.w	r4, #17
		str = udc_string_product_name;
   8109e:	490b      	ldr	r1, [pc, #44]	; (810cc <udc_process_setup+0x644>)
   810a0:	e571      	b.n	80b86 <udc_process_setup+0xfe>
		break;
#endif
#if defined USB_DEVICE_SERIAL_NAME || defined USB_DEVICE_GET_SERIAL_NAME_POINTER
	case 3:
		str_length = USB_DEVICE_SERIAL_NAME_SIZE;
   810a2:	f04f 0406 	mov.w	r4, #6
		str = udc_get_string_serial_name();
   810a6:	490a      	ldr	r1, [pc, #40]	; (810d0 <udc_process_setup+0x648>)
   810a8:	e56d      	b.n	80b86 <udc_process_setup+0xfe>
   810aa:	b240      	sxtb	r0, r0
   810ac:	2800      	cmp	r0, #0
   810ae:	f43f ad7a 	beq.w	80ba6 <udc_process_setup+0x11e>
		return false;
	}

	if (str_length) {
		for(i = 0; i < str_length; i++) {
			udc_string_desc.string[i] = cpu_to_le16((le16_t)str[i]);
   810b2:	5cc8      	ldrb	r0, [r1, r3]
   810b4:	f822 0f02 	strh.w	r0, [r2, #2]!
   810b8:	f103 0301 	add.w	r3, r3, #1
#endif
		return false;
	}

	if (str_length) {
		for(i = 0; i < str_length; i++) {
   810bc:	b2d8      	uxtb	r0, r3
   810be:	42a0      	cmp	r0, r4
   810c0:	f4ff ad71 	bcc.w	80ba6 <udc_process_setup+0x11e>
   810c4:	e57e      	b.n	80bc4 <udc_process_setup+0x13c>
   810c6:	bf00      	nop
   810c8:	000808e5 	.word	0x000808e5
   810cc:	20070098 	.word	0x20070098
   810d0:	00083424 	.word	0x00083424

000810d4 <udd_sleep_mode>:
 *
 * \param b_enable true to authorize idle mode
 */
static void udd_sleep_mode(bool b_idle)
{
	if (!b_idle && udd_b_idle) {
   810d4:	4603      	mov	r3, r0
   810d6:	2800      	cmp	r0, #0
   810d8:	d149      	bne.n	8116e <udd_sleep_mode+0x9a>
   810da:	f240 62de 	movw	r2, #1758	; 0x6de
   810de:	f2c2 0207 	movt	r2, #8199	; 0x2007
   810e2:	7811      	ldrb	r1, [r2, #0]
   810e4:	2900      	cmp	r1, #0
   810e6:	d03c      	beq.n	81162 <udd_sleep_mode+0x8e>
 */
__attribute__( ( always_inline ) ) __STATIC_INLINE uint32_t __get_PRIMASK(void)
{
  uint32_t result;

  __ASM volatile ("MRS %0, primask" : "=r" (result) );
   810e8:	f3ef 8110 	mrs	r1, PRIMASK
  This function disables IRQ interrupts by setting the I-bit in the CPSR.
  Can only be executed in Privileged modes.
 */
__attribute__( ( always_inline ) ) __STATIC_INLINE void __disable_irq(void)
{
  __ASM volatile ("cpsid i");
   810ec:	b672      	cpsid	i
   810ee:	f3bf 8f5f 	dmb	sy
static volatile bool     cpu_irq_prev_interrupt_state;

static inline irqflags_t cpu_irq_save(void)
{
	irqflags_t flags = cpu_irq_is_enabled();
	cpu_irq_disable();
   810f2:	f240 02e4 	movw	r2, #228	; 0xe4
   810f6:	f2c2 0207 	movt	r2, #8199	; 0x2007
   810fa:	7010      	strb	r0, [r2, #0]
	Assert(sleepmgr_locks[mode]);

	// Enter a critical section
	flags = cpu_irq_save();

	--sleepmgr_locks[mode];
   810fc:	f240 7258 	movw	r2, #1880	; 0x758
   81100:	f2c2 0207 	movt	r2, #8199	; 0x2007
   81104:	7890      	ldrb	r0, [r2, #2]
   81106:	f100 30ff 	add.w	r0, r0, #4294967295
   8110a:	7090      	strb	r0, [r2, #2]
	return (flags);
}

static inline void cpu_irq_restore(irqflags_t flags)
{
	if (cpu_irq_is_enabled_flags(flags))
   8110c:	bb49      	cbnz	r1, 81162 <udd_sleep_mode+0x8e>
		cpu_irq_enable();
   8110e:	f240 02e4 	movw	r2, #228	; 0xe4
   81112:	f2c2 0207 	movt	r2, #8199	; 0x2007
   81116:	f04f 0101 	mov.w	r1, #1
   8111a:	7011      	strb	r1, [r2, #0]
   8111c:	f3bf 8f5f 	dmb	sy
  This function enables IRQ interrupts by clearing the I-bit in the CPSR.
  Can only be executed in Privileged modes.
 */
__attribute__( ( always_inline ) ) __STATIC_INLINE void __enable_irq(void)
{
  __ASM volatile ("cpsie i");
   81120:	b662      	cpsie	i
   81122:	e01e      	b.n	81162 <udd_sleep_mode+0x8e>
 */
__attribute__( ( always_inline ) ) __STATIC_INLINE uint32_t __get_PRIMASK(void)
{
  uint32_t result;

  __ASM volatile ("MRS %0, primask" : "=r" (result) );
   81124:	f3ef 8110 	mrs	r1, PRIMASK
  This function disables IRQ interrupts by setting the I-bit in the CPSR.
  Can only be executed in Privileged modes.
 */
__attribute__( ( always_inline ) ) __STATIC_INLINE void __disable_irq(void)
{
  __ASM volatile ("cpsid i");
   81128:	b672      	cpsid	i
   8112a:	f3bf 8f5f 	dmb	sy
static volatile bool     cpu_irq_prev_interrupt_state;

static inline irqflags_t cpu_irq_save(void)
{
	irqflags_t flags = cpu_irq_is_enabled();
	cpu_irq_disable();
   8112e:	f240 02e4 	movw	r2, #228	; 0xe4
   81132:	f2c2 0207 	movt	r2, #8199	; 0x2007
   81136:	f04f 0000 	mov.w	r0, #0
   8113a:	7010      	strb	r0, [r2, #0]
	Assert(sleepmgr_locks[mode] < 0xff);

	// Enter a critical section
	flags = cpu_irq_save();

	++sleepmgr_locks[mode];
   8113c:	f240 7258 	movw	r2, #1880	; 0x758
   81140:	f2c2 0207 	movt	r2, #8199	; 0x2007
   81144:	7890      	ldrb	r0, [r2, #2]
   81146:	f100 0001 	add.w	r0, r0, #1
   8114a:	7090      	strb	r0, [r2, #2]
	return (flags);
}

static inline void cpu_irq_restore(irqflags_t flags)
{
	if (cpu_irq_is_enabled_flags(flags))
   8114c:	b949      	cbnz	r1, 81162 <udd_sleep_mode+0x8e>
		cpu_irq_enable();
   8114e:	f240 02e4 	movw	r2, #228	; 0xe4
   81152:	f2c2 0207 	movt	r2, #8199	; 0x2007
   81156:	f04f 0101 	mov.w	r1, #1
   8115a:	7011      	strb	r1, [r2, #0]
   8115c:	f3bf 8f5f 	dmb	sy
  This function enables IRQ interrupts by clearing the I-bit in the CPSR.
  Can only be executed in Privileged modes.
 */
__attribute__( ( always_inline ) ) __STATIC_INLINE void __enable_irq(void)
{
  __ASM volatile ("cpsie i");
   81160:	b662      	cpsie	i
	}
	if (b_idle && !udd_b_idle) {
		dbg_print("_W ");
		sleepmgr_lock_mode(UOTGHS_SLEEP_MODE_USB_IDLE);
	}
	udd_b_idle = b_idle;
   81162:	f240 60de 	movw	r0, #1758	; 0x6de
   81166:	f2c2 0007 	movt	r0, #8199	; 0x2007
   8116a:	7003      	strb	r3, [r0, #0]
   8116c:	4770      	bx	lr
{
	if (!b_idle && udd_b_idle) {
		dbg_print("_S ");
		sleepmgr_unlock_mode(UOTGHS_SLEEP_MODE_USB_IDLE);
	}
	if (b_idle && !udd_b_idle) {
   8116e:	f240 62de 	movw	r2, #1758	; 0x6de
   81172:	f2c2 0207 	movt	r2, #8199	; 0x2007
   81176:	7810      	ldrb	r0, [r2, #0]
   81178:	2800      	cmp	r0, #0
   8117a:	d0d3      	beq.n	81124 <udd_sleep_mode+0x50>
   8117c:	e7f1      	b.n	81162 <udd_sleep_mode+0x8e>
   8117e:	bf00      	nop

00081180 <udd_ctrl_init>:
 */
__attribute__( ( always_inline ) ) __STATIC_INLINE uint32_t __get_PRIMASK(void)
{
  uint32_t result;

  __ASM volatile ("MRS %0, primask" : "=r" (result) );
   81180:	f3ef 8210 	mrs	r2, PRIMASK
  This function disables IRQ interrupts by setting the I-bit in the CPSR.
  Can only be executed in Privileged modes.
 */
__attribute__( ( always_inline ) ) __STATIC_INLINE void __disable_irq(void)
{
  __ASM volatile ("cpsid i");
   81184:	b672      	cpsid	i
   81186:	f3bf 8f5f 	dmb	sy
static volatile bool     cpu_irq_prev_interrupt_state;

static inline irqflags_t cpu_irq_save(void)
{
	irqflags_t flags = cpu_irq_is_enabled();
	cpu_irq_disable();
   8118a:	f240 03e4 	movw	r3, #228	; 0xe4
   8118e:	f2c2 0307 	movt	r3, #8199	; 0x2007
   81192:	f04f 0100 	mov.w	r1, #0
   81196:	7019      	strb	r1, [r3, #0]
	// In case of abort of IN Data Phase:
	// No need to abort IN transfer (rise TXINI),
	// because it is automatically done by hardware when a Setup packet is received.
	// But the interrupt must be disabled to don't generate interrupt TXINI
	// after SETUP reception.
	udd_disable_in_send_interrupt(0);
   81198:	f24c 2020 	movw	r0, #49696	; 0xc220
   8119c:	f2c4 000a 	movt	r0, #16394	; 0x400a
   811a0:	f04f 0101 	mov.w	r1, #1
   811a4:	6001      	str	r1, [r0, #0]
	return (flags);
}

static inline void cpu_irq_restore(irqflags_t flags)
{
	if (cpu_irq_is_enabled_flags(flags))
   811a6:	b93a      	cbnz	r2, 811b8 <udd_ctrl_init+0x38>
		cpu_irq_enable();
   811a8:	f240 03e4 	movw	r3, #228	; 0xe4
   811ac:	f2c2 0307 	movt	r3, #8199	; 0x2007
   811b0:	7019      	strb	r1, [r3, #0]
   811b2:	f3bf 8f5f 	dmb	sy
  This function enables IRQ interrupts by clearing the I-bit in the CPSR.
  Can only be executed in Privileged modes.
 */
__attribute__( ( always_inline ) ) __STATIC_INLINE void __enable_irq(void)
{
  __ASM volatile ("cpsie i");
   811b6:	b662      	cpsie	i
	cpu_irq_restore(flags);

	// In case of OUT ZLP event is no processed before Setup event occurs
	udd_ack_out_received(0);
   811b8:	f24c 1060 	movw	r0, #49504	; 0xc160
   811bc:	f2c4 000a 	movt	r0, #16394	; 0x400a
   811c0:	f04f 0102 	mov.w	r1, #2
   811c4:	6001      	str	r1, [r0, #0]

	udd_g_ctrlreq.callback = NULL;
   811c6:	f240 7260 	movw	r2, #1888	; 0x760
   811ca:	f2c2 0207 	movt	r2, #8199	; 0x2007
   811ce:	f04f 0300 	mov.w	r3, #0
   811d2:	6113      	str	r3, [r2, #16]
	udd_g_ctrlreq.over_under_run = NULL;
   811d4:	6153      	str	r3, [r2, #20]
	udd_g_ctrlreq.payload_size = 0;
   811d6:	8193      	strh	r3, [r2, #12]
	udd_ep_control_state = UDD_EPCTRL_SETUP;
   811d8:	f240 61e0 	movw	r1, #1760	; 0x6e0
   811dc:	f2c2 0107 	movt	r1, #8199	; 0x2007
   811e0:	700b      	strb	r3, [r1, #0]
   811e2:	4770      	bx	lr

000811e4 <udd_ctrl_stall_data>:


static void udd_ctrl_stall_data(void)
{
	// Stall all packets on IN & OUT control endpoint
	udd_ep_control_state = UDD_EPCTRL_STALL_REQ;
   811e4:	f240 63e0 	movw	r3, #1760	; 0x6e0
   811e8:	f2c2 0307 	movt	r3, #8199	; 0x2007
   811ec:	f04f 0205 	mov.w	r2, #5
   811f0:	701a      	strb	r2, [r3, #0]
	udd_enable_stall_handshake(0);
   811f2:	f24c 10f0 	movw	r0, #49648	; 0xc1f0
   811f6:	f2c4 000a 	movt	r0, #16394	; 0x400a
   811fa:	f44f 2100 	mov.w	r1, #524288	; 0x80000
   811fe:	6001      	str	r1, [r0, #0]
   81200:	4770      	bx	lr
   81202:	bf00      	nop

00081204 <udd_ctrl_send_zlp_in>:

static void udd_ctrl_send_zlp_in(void)
{
	irqflags_t flags;

	udd_ep_control_state = UDD_EPCTRL_HANDSHAKE_WAIT_IN_ZLP;
   81204:	f240 63e0 	movw	r3, #1760	; 0x6e0
   81208:	f2c2 0307 	movt	r3, #8199	; 0x2007
   8120c:	f04f 0203 	mov.w	r2, #3
   81210:	701a      	strb	r2, [r3, #0]
 */
__attribute__( ( always_inline ) ) __STATIC_INLINE uint32_t __get_PRIMASK(void)
{
  uint32_t result;

  __ASM volatile ("MRS %0, primask" : "=r" (result) );
   81212:	f3ef 8010 	mrs	r0, PRIMASK
  This function disables IRQ interrupts by setting the I-bit in the CPSR.
  Can only be executed in Privileged modes.
 */
__attribute__( ( always_inline ) ) __STATIC_INLINE void __disable_irq(void)
{
  __ASM volatile ("cpsid i");
   81216:	b672      	cpsid	i
   81218:	f3bf 8f5f 	dmb	sy
static volatile bool     cpu_irq_prev_interrupt_state;

static inline irqflags_t cpu_irq_save(void)
{
	irqflags_t flags = cpu_irq_is_enabled();
	cpu_irq_disable();
   8121c:	f240 01e4 	movw	r1, #228	; 0xe4
   81220:	f2c2 0107 	movt	r1, #8199	; 0x2007
   81224:	f04f 0300 	mov.w	r3, #0
   81228:	700b      	strb	r3, [r1, #0]

	// Validate and send empty IN packet on control endpoint
	flags = cpu_irq_save();
	// Send ZLP on IN endpoint
	udd_ack_in_send(0);
   8122a:	f24c 1260 	movw	r2, #49504	; 0xc160
   8122e:	f2c4 020a 	movt	r2, #16394	; 0x400a
   81232:	f04f 0101 	mov.w	r1, #1
   81236:	6011      	str	r1, [r2, #0]
	udd_enable_in_send_interrupt(0);
   81238:	f24c 13f0 	movw	r3, #49648	; 0xc1f0
   8123c:	f2c4 030a 	movt	r3, #16394	; 0x400a
   81240:	6019      	str	r1, [r3, #0]
	// To detect a protocol error, enable nak interrupt on data OUT phase
	udd_ack_nak_out(0);
   81242:	f04f 0108 	mov.w	r1, #8
   81246:	6011      	str	r1, [r2, #0]
	udd_enable_nak_out_interrupt(0);
   81248:	6019      	str	r1, [r3, #0]
	return (flags);
}

static inline void cpu_irq_restore(irqflags_t flags)
{
	if (cpu_irq_is_enabled_flags(flags))
   8124a:	b948      	cbnz	r0, 81260 <udd_ctrl_send_zlp_in+0x5c>
		cpu_irq_enable();
   8124c:	f240 00e4 	movw	r0, #228	; 0xe4
   81250:	f2c2 0007 	movt	r0, #8199	; 0x2007
   81254:	f04f 0201 	mov.w	r2, #1
   81258:	7002      	strb	r2, [r0, #0]
   8125a:	f3bf 8f5f 	dmb	sy
  This function enables IRQ interrupts by clearing the I-bit in the CPSR.
  Can only be executed in Privileged modes.
 */
__attribute__( ( always_inline ) ) __STATIC_INLINE void __enable_irq(void)
{
  __ASM volatile ("cpsie i");
   8125e:	b662      	cpsie	i
   81260:	4770      	bx	lr
   81262:	bf00      	nop

00081264 <udd_ctrl_endofrequest>:
	cpu_irq_restore(flags);
}


static void udd_ctrl_endofrequest(void)
{
   81264:	b508      	push	{r3, lr}
	// If a callback is registered then call it
	if (udd_g_ctrlreq.callback) {
   81266:	f240 7360 	movw	r3, #1888	; 0x760
   8126a:	f2c2 0307 	movt	r3, #8199	; 0x2007
   8126e:	6918      	ldr	r0, [r3, #16]
   81270:	b100      	cbz	r0, 81274 <udd_ctrl_endofrequest+0x10>
		udd_g_ctrlreq.callback();
   81272:	4780      	blx	r0
   81274:	bd08      	pop	{r3, pc}
   81276:	bf00      	nop

00081278 <udd_ctrl_in_sent>:
	}
}


static void udd_ctrl_in_sent(void)
{
   81278:	b570      	push	{r4, r5, r6, lr}
 */
__attribute__( ( always_inline ) ) __STATIC_INLINE uint32_t __get_PRIMASK(void)
{
  uint32_t result;

  __ASM volatile ("MRS %0, primask" : "=r" (result) );
   8127a:	f3ef 8210 	mrs	r2, PRIMASK
  This function disables IRQ interrupts by setting the I-bit in the CPSR.
  Can only be executed in Privileged modes.
 */
__attribute__( ( always_inline ) ) __STATIC_INLINE void __disable_irq(void)
{
  __ASM volatile ("cpsid i");
   8127e:	b672      	cpsid	i
   81280:	f3bf 8f5f 	dmb	sy
static volatile bool     cpu_irq_prev_interrupt_state;

static inline irqflags_t cpu_irq_save(void)
{
	irqflags_t flags = cpu_irq_is_enabled();
	cpu_irq_disable();
   81284:	f240 03e4 	movw	r3, #228	; 0xe4
   81288:	f2c2 0307 	movt	r3, #8199	; 0x2007
   8128c:	f04f 0100 	mov.w	r1, #0
   81290:	7019      	strb	r1, [r3, #0]
	uint8_t i;
	uint8_t *ptr_dest, *ptr_src;
	irqflags_t flags;

	flags = cpu_irq_save();
	udd_disable_in_send_interrupt(0);
   81292:	f24c 2020 	movw	r0, #49696	; 0xc220
   81296:	f2c4 000a 	movt	r0, #16394	; 0x400a
   8129a:	f04f 0101 	mov.w	r1, #1
   8129e:	6001      	str	r1, [r0, #0]
	return (flags);
}

static inline void cpu_irq_restore(irqflags_t flags)
{
	if (cpu_irq_is_enabled_flags(flags))
   812a0:	b93a      	cbnz	r2, 812b2 <udd_ctrl_in_sent+0x3a>
		cpu_irq_enable();
   812a2:	f240 03e4 	movw	r3, #228	; 0xe4
   812a6:	f2c2 0307 	movt	r3, #8199	; 0x2007
   812aa:	7019      	strb	r1, [r3, #0]
   812ac:	f3bf 8f5f 	dmb	sy
  This function enables IRQ interrupts by clearing the I-bit in the CPSR.
  Can only be executed in Privileged modes.
 */
__attribute__( ( always_inline ) ) __STATIC_INLINE void __enable_irq(void)
{
  __ASM volatile ("cpsie i");
   812b0:	b662      	cpsie	i
	cpu_irq_restore(flags);

	if (UDD_EPCTRL_HANDSHAKE_WAIT_IN_ZLP == udd_ep_control_state) {
   812b2:	f240 60e0 	movw	r0, #1760	; 0x6e0
   812b6:	f2c2 0007 	movt	r0, #8199	; 0x2007
   812ba:	7801      	ldrb	r1, [r0, #0]
   812bc:	2903      	cmp	r1, #3
   812be:	d10a      	bne.n	812d6 <udd_ctrl_in_sent+0x5e>
		// ZLP on IN is sent, then valid end of setup request
		udd_ctrl_endofrequest();
   812c0:	f241 2265 	movw	r2, #4709	; 0x1265
   812c4:	f2c0 0208 	movt	r2, #8
   812c8:	4790      	blx	r2
		// Reinitializes control endpoint management
		udd_ctrl_init();
   812ca:	f241 1081 	movw	r0, #4481	; 0x1181
   812ce:	f2c0 0008 	movt	r0, #8
   812d2:	4780      	blx	r0
		return;
   812d4:	bd70      	pop	{r4, r5, r6, pc}
	}
	Assert(udd_ep_control_state == UDD_EPCTRL_DATA_IN);

	nb_remain = udd_g_ctrlreq.payload_size - udd_ctrl_payload_buf_cnt;
   812d6:	f240 64e2 	movw	r4, #1762	; 0x6e2
   812da:	f2c2 0407 	movt	r4, #8199	; 0x2007
   812de:	8823      	ldrh	r3, [r4, #0]
   812e0:	f240 7260 	movw	r2, #1888	; 0x760
   812e4:	f2c2 0207 	movt	r2, #8199	; 0x2007
   812e8:	8990      	ldrh	r0, [r2, #12]
   812ea:	1ac1      	subs	r1, r0, r3
   812ec:	b28c      	uxth	r4, r1
	if (0 == nb_remain) {
   812ee:	2c00      	cmp	r4, #0
   812f0:	d155      	bne.n	8139e <udd_ctrl_in_sent+0x126>
		// All content of current buffer payload are sent
		// Update number of total data sending by previous playlaod buffer
		udd_ctrl_prev_payload_buf_cnt += udd_ctrl_payload_buf_cnt;
   812f2:	f240 62dc 	movw	r2, #1756	; 0x6dc
   812f6:	f2c2 0207 	movt	r2, #8199	; 0x2007
   812fa:	8810      	ldrh	r0, [r2, #0]
   812fc:	181b      	adds	r3, r3, r0
   812fe:	b299      	uxth	r1, r3
   81300:	8011      	strh	r1, [r2, #0]
		if ((udd_g_ctrlreq.req.wLength == udd_ctrl_prev_payload_buf_cnt)
   81302:	f240 7260 	movw	r2, #1888	; 0x760
   81306:	f2c2 0207 	movt	r2, #8199	; 0x2007
   8130a:	88d0      	ldrh	r0, [r2, #6]
   8130c:	4288      	cmp	r0, r1
   8130e:	d005      	beq.n	8131c <udd_ctrl_in_sent+0xa4>
					|| b_shortpacket) {
   81310:	f240 63df 	movw	r3, #1759	; 0x6df
   81314:	f2c2 0307 	movt	r3, #8199	; 0x2007
   81318:	7819      	ldrb	r1, [r3, #0]
   8131a:	b361      	cbz	r1, 81376 <udd_ctrl_in_sent+0xfe>

static void udd_ctrl_send_zlp_out(void)
{
	irqflags_t flags;

	udd_ep_control_state = UDD_EPCTRL_HANDSHAKE_WAIT_OUT_ZLP;
   8131c:	f240 60e0 	movw	r0, #1760	; 0x6e0
   81320:	f2c2 0007 	movt	r0, #8199	; 0x2007
   81324:	f04f 0204 	mov.w	r2, #4
   81328:	7002      	strb	r2, [r0, #0]
 */
__attribute__( ( always_inline ) ) __STATIC_INLINE uint32_t __get_PRIMASK(void)
{
  uint32_t result;

  __ASM volatile ("MRS %0, primask" : "=r" (result) );
   8132a:	f3ef 8110 	mrs	r1, PRIMASK
  This function disables IRQ interrupts by setting the I-bit in the CPSR.
  Can only be executed in Privileged modes.
 */
__attribute__( ( always_inline ) ) __STATIC_INLINE void __disable_irq(void)
{
  __ASM volatile ("cpsid i");
   8132e:	b672      	cpsid	i
   81330:	f3bf 8f5f 	dmb	sy
static volatile bool     cpu_irq_prev_interrupt_state;

static inline irqflags_t cpu_irq_save(void)
{
	irqflags_t flags = cpu_irq_is_enabled();
	cpu_irq_disable();
   81334:	f240 03e4 	movw	r3, #228	; 0xe4
   81338:	f2c2 0307 	movt	r3, #8199	; 0x2007
   8133c:	f04f 0000 	mov.w	r0, #0
   81340:	7018      	strb	r0, [r3, #0]
	// No action is necessary to accept OUT ZLP
	// because the buffer of control endpoint is already free

	// To detect a protocol error, enable nak interrupt on data IN phase
	flags = cpu_irq_save();
	udd_ack_nak_in(0);
   81342:	f24c 1360 	movw	r3, #49504	; 0xc160
   81346:	f2c4 030a 	movt	r3, #16394	; 0x400a
   8134a:	f04f 0210 	mov.w	r2, #16
   8134e:	601a      	str	r2, [r3, #0]
	udd_enable_nak_in_interrupt(0);
   81350:	f24c 10f0 	movw	r0, #49648	; 0xc1f0
   81354:	f2c4 000a 	movt	r0, #16394	; 0x400a
   81358:	6002      	str	r2, [r0, #0]
	return (flags);
}

static inline void cpu_irq_restore(irqflags_t flags)
{
	if (cpu_irq_is_enabled_flags(flags))
   8135a:	2900      	cmp	r1, #0
   8135c:	f040 80a7 	bne.w	814ae <udd_ctrl_in_sent+0x236>
		cpu_irq_enable();
   81360:	f240 01e4 	movw	r1, #228	; 0xe4
   81364:	f2c2 0107 	movt	r1, #8199	; 0x2007
   81368:	f04f 0301 	mov.w	r3, #1
   8136c:	700b      	strb	r3, [r1, #0]
   8136e:	f3bf 8f5f 	dmb	sy
  This function enables IRQ interrupts by clearing the I-bit in the CPSR.
  Can only be executed in Privileged modes.
 */
__attribute__( ( always_inline ) ) __STATIC_INLINE void __enable_irq(void)
{
  __ASM volatile ("cpsie i");
   81372:	b662      	cpsie	i
   81374:	bd70      	pop	{r4, r5, r6, pc}
			// Generate an OUT ZLP for handshake phase.
			udd_ctrl_send_zlp_out();
			return;
		}
		// Need of new buffer because the data phase is not complete
		if ((!udd_g_ctrlreq.over_under_run)
   81376:	f240 7560 	movw	r5, #1888	; 0x760
   8137a:	f2c2 0507 	movt	r5, #8199	; 0x2007
   8137e:	696e      	ldr	r6, [r5, #20]
   81380:	b1ce      	cbz	r6, 813b6 <udd_ctrl_in_sent+0x13e>
				|| (!udd_g_ctrlreq.over_under_run())) {
   81382:	47b0      	blx	r6
   81384:	b1b8      	cbz	r0, 813b6 <udd_ctrl_in_sent+0x13e>
			// Underrun then send zlp on IN
			// Here nb_remain=0 and allows to send a IN ZLP
		} else {
			// A new payload buffer is given
			udd_ctrl_payload_buf_cnt = 0;
   81386:	f240 64e2 	movw	r4, #1762	; 0x6e2
   8138a:	f2c2 0407 	movt	r4, #8199	; 0x2007
   8138e:	f04f 0200 	mov.w	r2, #0
   81392:	8022      	strh	r2, [r4, #0]
			nb_remain = udd_g_ctrlreq.payload_size;
   81394:	f240 7060 	movw	r0, #1888	; 0x760
   81398:	f2c2 0007 	movt	r0, #8199	; 0x2007
   8139c:	8984      	ldrh	r4, [r0, #12]
		}
	}
	// Continue transfer and send next data
	if (nb_remain >= USB_DEVICE_EP_CTRL_SIZE) {
   8139e:	2c3f      	cmp	r4, #63	; 0x3f
   813a0:	d909      	bls.n	813b6 <udd_ctrl_in_sent+0x13e>
		nb_remain = USB_DEVICE_EP_CTRL_SIZE;
		b_shortpacket = false;
   813a2:	f240 63df 	movw	r3, #1759	; 0x6df
   813a6:	f2c2 0307 	movt	r3, #8199	; 0x2007
   813aa:	f04f 0100 	mov.w	r1, #0
   813ae:	7019      	strb	r1, [r3, #0]
			nb_remain = udd_g_ctrlreq.payload_size;
		}
	}
	// Continue transfer and send next data
	if (nb_remain >= USB_DEVICE_EP_CTRL_SIZE) {
		nb_remain = USB_DEVICE_EP_CTRL_SIZE;
   813b0:	f04f 0440 	mov.w	r4, #64	; 0x40
   813b4:	e006      	b.n	813c4 <udd_ctrl_in_sent+0x14c>
		b_shortpacket = false;
	} else {
		b_shortpacket = true;
   813b6:	f240 65df 	movw	r5, #1759	; 0x6df
   813ba:	f2c2 0507 	movt	r5, #8199	; 0x2007
   813be:	f04f 0601 	mov.w	r6, #1
   813c2:	702e      	strb	r6, [r5, #0]
	}
	// Fill buffer of endpoint control
	ptr_dest = (uint8_t *) & udd_get_endpoint_fifo_access(0, 8);
	ptr_src = udd_g_ctrlreq.payload + udd_ctrl_payload_buf_cnt;
   813c4:	f240 7260 	movw	r2, #1888	; 0x760
   813c8:	f2c2 0207 	movt	r2, #8199	; 0x2007
   813cc:	6890      	ldr	r0, [r2, #8]
   813ce:	f240 63e2 	movw	r3, #1762	; 0x6e2
   813d2:	f2c2 0307 	movt	r3, #8199	; 0x2007
   813d6:	881e      	ldrh	r6, [r3, #0]
 */
__attribute__( ( always_inline ) ) __STATIC_INLINE uint32_t __get_PRIMASK(void)
{
  uint32_t result;

  __ASM volatile ("MRS %0, primask" : "=r" (result) );
   813d8:	f3ef 8110 	mrs	r1, PRIMASK
static volatile uint32_t cpu_irq_critical_section_counter;
static volatile bool     cpu_irq_prev_interrupt_state;

static inline irqflags_t cpu_irq_save(void)
{
	irqflags_t flags = cpu_irq_is_enabled();
   813dc:	f1d1 0501 	rsbs	r5, r1, #1
   813e0:	bf38      	it	cc
   813e2:	2500      	movcc	r5, #0
  This function disables IRQ interrupts by setting the I-bit in the CPSR.
  Can only be executed in Privileged modes.
 */
__attribute__( ( always_inline ) ) __STATIC_INLINE void __disable_irq(void)
{
  __ASM volatile ("cpsid i");
   813e4:	b672      	cpsid	i
   813e6:	f3bf 8f5f 	dmb	sy
	cpu_irq_disable();
   813ea:	f240 02e4 	movw	r2, #228	; 0xe4
   813ee:	f2c2 0207 	movt	r2, #8199	; 0x2007
   813f2:	f04f 0300 	mov.w	r3, #0
   813f6:	7013      	strb	r3, [r2, #0]
	// a next setup reception in same endpoint 0 DPRAM.
	// Thereby, an OUT ZLP reception must check before IN data write
	// and if no OUT ZLP is recevied the data must be written quickly (800us)
	// before an eventually ZLP OUT and SETUP reception
	flags = cpu_irq_save();
	if (Is_udd_out_received(0)) {
   813f8:	f24c 1130 	movw	r1, #49456	; 0xc130
   813fc:	f2c4 010a 	movt	r1, #16394	; 0x400a
   81400:	680a      	ldr	r2, [r1, #0]
   81402:	f012 0f02 	tst.w	r2, #2
   81406:	d101      	bne.n	8140c <udd_ctrl_in_sent+0x194>
		cpu_irq_restore(flags);
		udd_ep_control_state = UDD_EPCTRL_HANDSHAKE_WAIT_OUT_ZLP;
		return; // Exit of IN DATA phase
	}
	// Write quickly the IN data
	for (i = 0; i < nb_remain; i++) {
   81408:	b99c      	cbnz	r4, 81432 <udd_ctrl_in_sent+0x1ba>
   8140a:	e035      	b.n	81478 <udd_ctrl_in_sent+0x200>
	return (flags);
}

static inline void cpu_irq_restore(irqflags_t flags)
{
	if (cpu_irq_is_enabled_flags(flags))
   8140c:	b14d      	cbz	r5, 81422 <udd_ctrl_in_sent+0x1aa>
		cpu_irq_enable();
   8140e:	f240 00e4 	movw	r0, #228	; 0xe4
   81412:	f2c2 0007 	movt	r0, #8199	; 0x2007
   81416:	f04f 0201 	mov.w	r2, #1
   8141a:	7002      	strb	r2, [r0, #0]
   8141c:	f3bf 8f5f 	dmb	sy
  This function enables IRQ interrupts by clearing the I-bit in the CPSR.
  Can only be executed in Privileged modes.
 */
__attribute__( ( always_inline ) ) __STATIC_INLINE void __enable_irq(void)
{
  __ASM volatile ("cpsie i");
   81420:	b662      	cpsie	i
	// before an eventually ZLP OUT and SETUP reception
	flags = cpu_irq_save();
	if (Is_udd_out_received(0)) {
		// IN DATA phase aborted by OUT ZLP
		cpu_irq_restore(flags);
		udd_ep_control_state = UDD_EPCTRL_HANDSHAKE_WAIT_OUT_ZLP;
   81422:	f240 61e0 	movw	r1, #1760	; 0x6e0
   81426:	f2c2 0107 	movt	r1, #8199	; 0x2007
   8142a:	f04f 0304 	mov.w	r3, #4
   8142e:	700b      	strb	r3, [r1, #0]
		return; // Exit of IN DATA phase
   81430:	bd70      	pop	{r4, r5, r6, pc}
	} else {
		b_shortpacket = true;
	}
	// Fill buffer of endpoint control
	ptr_dest = (uint8_t *) & udd_get_endpoint_fifo_access(0, 8);
	ptr_src = udd_g_ctrlreq.payload + udd_ctrl_payload_buf_cnt;
   81432:	1982      	adds	r2, r0, r6
		cpu_irq_restore(flags);
	}
}


static void udd_ctrl_in_sent(void)
   81434:	f04f 0300 	mov.w	r3, #0
   81438:	f2c2 0318 	movt	r3, #8216	; 0x2018
   8143c:	ea6f 0003 	mvn.w	r0, r3
   81440:	1901      	adds	r1, r0, r4
   81442:	f001 0001 	and.w	r0, r1, #1
   81446:	f102 32ff 	add.w	r2, r2, #4294967295
		udd_ep_control_state = UDD_EPCTRL_HANDSHAKE_WAIT_OUT_ZLP;
		return; // Exit of IN DATA phase
	}
	// Write quickly the IN data
	for (i = 0; i < nb_remain; i++) {
		*ptr_dest++ = *ptr_src++;
   8144a:	f812 1f01 	ldrb.w	r1, [r2, #1]!
   8144e:	f803 1b01 	strb.w	r1, [r3], #1
		cpu_irq_restore(flags);
		udd_ep_control_state = UDD_EPCTRL_HANDSHAKE_WAIT_OUT_ZLP;
		return; // Exit of IN DATA phase
	}
	// Write quickly the IN data
	for (i = 0; i < nb_remain; i++) {
   81452:	b2d9      	uxtb	r1, r3
   81454:	42a1      	cmp	r1, r4
   81456:	d32b      	bcc.n	814b0 <udd_ctrl_in_sent+0x238>
   81458:	e00e      	b.n	81478 <udd_ctrl_in_sent+0x200>
   8145a:	f102 0001 	add.w	r0, r2, #1
		*ptr_dest++ = *ptr_src++;
   8145e:	7852      	ldrb	r2, [r2, #1]
   81460:	4619      	mov	r1, r3
   81462:	f801 2b01 	strb.w	r2, [r1], #1
   81466:	f100 0201 	add.w	r2, r0, #1
   8146a:	7840      	ldrb	r0, [r0, #1]
   8146c:	7058      	strb	r0, [r3, #1]
   8146e:	f101 0301 	add.w	r3, r1, #1
		cpu_irq_restore(flags);
		udd_ep_control_state = UDD_EPCTRL_HANDSHAKE_WAIT_OUT_ZLP;
		return; // Exit of IN DATA phase
	}
	// Write quickly the IN data
	for (i = 0; i < nb_remain; i++) {
   81472:	b2d9      	uxtb	r1, r3
   81474:	42a1      	cmp	r1, r4
   81476:	d3f0      	bcc.n	8145a <udd_ctrl_in_sent+0x1e2>
		*ptr_dest++ = *ptr_src++;
	}
	udd_ctrl_payload_buf_cnt += nb_remain;
   81478:	19a4      	adds	r4, r4, r6
   8147a:	f240 63e2 	movw	r3, #1762	; 0x6e2
   8147e:	f2c2 0307 	movt	r3, #8199	; 0x2007
   81482:	801c      	strh	r4, [r3, #0]

	// Validate and send the data available in the control endpoint buffer
	udd_ack_in_send(0);
   81484:	f24c 1060 	movw	r0, #49504	; 0xc160
   81488:	f2c4 000a 	movt	r0, #16394	; 0x400a
   8148c:	f04f 0201 	mov.w	r2, #1
   81490:	6002      	str	r2, [r0, #0]
	udd_enable_in_send_interrupt(0);
   81492:	f24c 11f0 	movw	r1, #49648	; 0xc1f0
   81496:	f2c4 010a 	movt	r1, #16394	; 0x400a
   8149a:	600a      	str	r2, [r1, #0]
	return (flags);
}

static inline void cpu_irq_restore(irqflags_t flags)
{
	if (cpu_irq_is_enabled_flags(flags))
   8149c:	b13d      	cbz	r5, 814ae <udd_ctrl_in_sent+0x236>
		cpu_irq_enable();
   8149e:	f240 03e4 	movw	r3, #228	; 0xe4
   814a2:	f2c2 0307 	movt	r3, #8199	; 0x2007
   814a6:	701a      	strb	r2, [r3, #0]
   814a8:	f3bf 8f5f 	dmb	sy
   814ac:	b662      	cpsie	i
   814ae:	bd70      	pop	{r4, r5, r6, pc}
   814b0:	b240      	sxtb	r0, r0
   814b2:	2800      	cmp	r0, #0
   814b4:	d0d1      	beq.n	8145a <udd_ctrl_in_sent+0x1e2>
		udd_ep_control_state = UDD_EPCTRL_HANDSHAKE_WAIT_OUT_ZLP;
		return; // Exit of IN DATA phase
	}
	// Write quickly the IN data
	for (i = 0; i < nb_remain; i++) {
		*ptr_dest++ = *ptr_src++;
   814b6:	f812 1f01 	ldrb.w	r1, [r2, #1]!
   814ba:	f803 1b01 	strb.w	r1, [r3], #1
		cpu_irq_restore(flags);
		udd_ep_control_state = UDD_EPCTRL_HANDSHAKE_WAIT_OUT_ZLP;
		return; // Exit of IN DATA phase
	}
	// Write quickly the IN data
	for (i = 0; i < nb_remain; i++) {
   814be:	b2d8      	uxtb	r0, r3
   814c0:	42a0      	cmp	r0, r4
   814c2:	d3ca      	bcc.n	8145a <udd_ctrl_in_sent+0x1e2>
   814c4:	e7d8      	b.n	81478 <udd_ctrl_in_sent+0x200>
   814c6:	bf00      	nop

000814c8 <udd_ep_finish_job>:
	udd_ep_finish_job(&udd_ep_job[ep - 1], true, ep);
}


static void udd_ep_finish_job(udd_ep_job_t * ptr_job, bool b_abort, uint8_t ep_num)
{
   814c8:	b538      	push	{r3, r4, r5, lr}
   814ca:	4603      	mov	r3, r0
	if (ptr_job->busy == false) {
   814cc:	7d04      	ldrb	r4, [r0, #20]
   814ce:	f014 0f01 	tst.w	r4, #1
   814d2:	d013      	beq.n	814fc <udd_ep_finish_job+0x34>
		return; // No on-going job
	}
	dbg_print("(JobE%x:%d) ", (ptr_job-udd_ep_job)+1, b_abort);
	ptr_job->busy = false;
   814d4:	7d04      	ldrb	r4, [r0, #20]
   814d6:	f36f 0400 	bfc	r4, #0, #1
   814da:	7504      	strb	r4, [r0, #20]
	if (NULL == ptr_job->call_trans) {
   814dc:	6804      	ldr	r4, [r0, #0]
   814de:	b16c      	cbz	r4, 814fc <udd_ep_finish_job+0x34>
		return; // No callback linked to job
	}
	if (Is_udd_endpoint_in(ep_num)) {
   814e0:	f44f 4541 	mov.w	r5, #49408	; 0xc100
   814e4:	f2c4 050a 	movt	r5, #16394	; 0x400a
   814e8:	f855 0022 	ldr.w	r0, [r5, r2, lsl #2]
   814ec:	f410 7f80 	tst.w	r0, #256	; 0x100
		ep_num |= USB_EP_DIR_IN;
   814f0:	bf18      	it	ne
   814f2:	f042 0280 	orrne.w	r2, r2, #128	; 0x80
	}
	ptr_job->call_trans((b_abort) ? UDD_EP_TRANSFER_ABORT :
   814f6:	4608      	mov	r0, r1
   814f8:	6899      	ldr	r1, [r3, #8]
   814fa:	47a0      	blx	r4
   814fc:	bd38      	pop	{r3, r4, r5, pc}
   814fe:	bf00      	nop

00081500 <udd_ep_abort_job>:
	}
}


static void udd_ep_abort_job(udd_ep_id_t ep)
{
   81500:	b508      	push	{r3, lr}
	ep &= USB_EP_ADDR_MASK;
   81502:	f000 020f 	and.w	r2, r0, #15

	// Abort job on endpoint
	udd_ep_finish_job(&udd_ep_job[ep - 1], true, ep);
   81506:	f102 30ff 	add.w	r0, r2, #4294967295
   8150a:	eb00 0140 	add.w	r1, r0, r0, lsl #1
   8150e:	f240 6394 	movw	r3, #1684	; 0x694
   81512:	f2c2 0307 	movt	r3, #8199	; 0x2007
   81516:	eb03 00c1 	add.w	r0, r3, r1, lsl #3
   8151a:	f04f 0101 	mov.w	r1, #1
   8151e:	f241 43c9 	movw	r3, #5321	; 0x14c9
   81522:	f2c0 0308 	movt	r3, #8
   81526:	4798      	blx	r3
   81528:	bd08      	pop	{r3, pc}
   8152a:	bf00      	nop

0008152c <udd_ep_trans_done>:
			UDD_EP_TRANSFER_OK, ptr_job->buf_size, ep_num);
}

#ifdef UDD_EP_DMA_SUPPORTED
static void udd_ep_trans_done(udd_ep_id_t ep)
{
   8152c:	b5f8      	push	{r3, r4, r5, r6, r7, lr}
   8152e:	4602      	mov	r2, r0
	udd_ep_job_t *ptr_job;
	iram_size_t next_trans;
	irqflags_t flags;

	// Get job corresponding at endpoint
	ptr_job = &udd_ep_job[ep - 1];
   81530:	f100 31ff 	add.w	r1, r0, #4294967295
   81534:	eb01 0041 	add.w	r0, r1, r1, lsl #1
   81538:	f240 6394 	movw	r3, #1684	; 0x694
   8153c:	f2c2 0307 	movt	r3, #8199	; 0x2007
   81540:	eb03 03c0 	add.w	r3, r3, r0, lsl #3

	if (!ptr_job->busy) {
   81544:	7d18      	ldrb	r0, [r3, #20]
   81546:	f010 0f01 	tst.w	r0, #1
   8154a:	f000 80c6 	beq.w	816da <udd_ep_trans_done+0x1ae>
		return; // No job is running, then ignore it (system error)
	}

	if (ptr_job->buf_cnt != ptr_job->buf_size) {
   8154e:	68dc      	ldr	r4, [r3, #12]
   81550:	689d      	ldr	r5, [r3, #8]
   81552:	42ac      	cmp	r4, r5
   81554:	f000 8082 	beq.w	8165c <udd_ep_trans_done+0x130>
		// Need to send or receiv other data
		next_trans = ptr_job->buf_size - ptr_job->buf_cnt;
   81558:	1b2d      	subs	r5, r5, r4

		if (UDD_ENDPOINT_MAX_TRANS < next_trans) {
   8155a:	f5b5 3f80 	cmp.w	r5, #65536	; 0x10000
			next_trans = UDD_ENDPOINT_MAX_TRANS;

			// Set 0 to tranfer the maximum
			udd_dma_ctrl = UOTGHS_DEVDMACONTROL_BUFF_LENGTH(0);
		} else {
			udd_dma_ctrl = UOTGHS_DEVDMACONTROL_BUFF_LENGTH(next_trans);
   8155e:	bf92      	itee	ls
   81560:	042e      	lslls	r6, r5, #16
		next_trans = ptr_job->buf_size - ptr_job->buf_cnt;

		if (UDD_ENDPOINT_MAX_TRANS < next_trans) {
			// The USB hardware support a maximum
			// transfer size of UDD_ENDPOINT_MAX_TRANS Bytes
			next_trans = UDD_ENDPOINT_MAX_TRANS;
   81562:	f44f 3580 	movhi.w	r5, #65536	; 0x10000

			// Set 0 to tranfer the maximum
			udd_dma_ctrl = UOTGHS_DEVDMACONTROL_BUFF_LENGTH(0);
   81566:	2600      	movhi	r6, #0
		} else {
			udd_dma_ctrl = UOTGHS_DEVDMACONTROL_BUFF_LENGTH(next_trans);
		}
		if (Is_udd_endpoint_in(ep)) {
   81568:	f44f 4041 	mov.w	r0, #49408	; 0xc100
   8156c:	f2c4 000a 	movt	r0, #16394	; 0x400a
   81570:	eb00 0c82 	add.w	ip, r0, r2, lsl #2
   81574:	f850 7022 	ldr.w	r7, [r0, r2, lsl #2]
   81578:	f417 7f80 	tst.w	r7, #256	; 0x100
   8157c:	d011      	beq.n	815a2 <udd_ep_trans_done+0x76>
			if (0 != (next_trans % udd_get_endpoint_size(ep))) {
   8157e:	f850 7022 	ldr.w	r7, [r0, r2, lsl #2]
   81582:	f3c7 1002 	ubfx	r0, r7, #4, #3
   81586:	f04f 0708 	mov.w	r7, #8
   8158a:	fa07 f000 	lsl.w	r0, r7, r0
   8158e:	f100 30ff 	add.w	r0, r0, #4294967295
   81592:	4205      	tst	r5, r0
   81594:	d017      	beq.n	815c6 <udd_ep_trans_done+0x9a>
				// Enable short packet option
				// else the DMA transfer is accepted
				// and interrupt DMA valid but nothing is sent.
				udd_dma_ctrl |= UOTGHS_DEVDMACONTROL_END_B_EN;
   81596:	433e      	orrs	r6, r7
				// No need to request another ZLP
				ptr_job->b_shortpacket = false;
   81598:	7d1f      	ldrb	r7, [r3, #20]
   8159a:	f36f 0741 	bfc	r7, #1, #1
   8159e:	751f      	strb	r7, [r3, #20]
   815a0:	e011      	b.n	815c6 <udd_ep_trans_done+0x9a>
			}
		} else {
			if ((USB_EP_TYPE_ISOCHRONOUS != udd_get_endpoint_type(ep))
   815a2:	f850 0022 	ldr.w	r0, [r0, r2, lsl #2]
   815a6:	f3c0 27c1 	ubfx	r7, r0, #11, #2
   815aa:	2f01      	cmp	r7, #1
   815ac:	d109      	bne.n	815c2 <udd_ep_trans_done+0x96>
					|| (next_trans <= (iram_size_t) udd_get_endpoint_size(ep))) {
   815ae:	f8dc 0000 	ldr.w	r0, [ip]
   815b2:	f3c0 1002 	ubfx	r0, r0, #4, #3
   815b6:	f04f 0708 	mov.w	r7, #8
   815ba:	fa07 f000 	lsl.w	r0, r7, r0
   815be:	4285      	cmp	r5, r0
   815c0:	d801      	bhi.n	815c6 <udd_ep_trans_done+0x9a>

				// Enable short packet reception
				udd_dma_ctrl |= UOTGHS_DEVDMACONTROL_END_TR_IT
   815c2:	f046 0614 	orr.w	r6, r6, #20
						| UOTGHS_DEVDMACONTROL_END_TR_EN;
			}
		}

		// Start USB DMA to fill or read fifo of the selected endpoint
		udd_endpoint_dma_set_addr(ep, (uint32_t) & ptr_job->buf[ptr_job->buf_cnt]);
   815c6:	f44f 4043 	mov.w	r0, #49920	; 0xc300
   815ca:	f2c4 000a 	movt	r0, #16394	; 0x400a
   815ce:	eb00 1002 	add.w	r0, r0, r2, lsl #4
   815d2:	685f      	ldr	r7, [r3, #4]
   815d4:	193c      	adds	r4, r7, r4
   815d6:	6044      	str	r4, [r0, #4]
 */
__attribute__( ( always_inline ) ) __STATIC_INLINE uint32_t __get_PRIMASK(void)
{
  uint32_t result;

  __ASM volatile ("MRS %0, primask" : "=r" (result) );
   815d8:	f3ef 8710 	mrs	r7, PRIMASK
static volatile uint32_t cpu_irq_critical_section_counter;
static volatile bool     cpu_irq_prev_interrupt_state;

static inline irqflags_t cpu_irq_save(void)
{
	irqflags_t flags = cpu_irq_is_enabled();
   815dc:	f1d7 0c01 	rsbs	ip, r7, #1
   815e0:	bf38      	it	cc
   815e2:	f04f 0c00 	movcc.w	ip, #0
  This function disables IRQ interrupts by setting the I-bit in the CPSR.
  Can only be executed in Privileged modes.
 */
__attribute__( ( always_inline ) ) __STATIC_INLINE void __disable_irq(void)
{
  __ASM volatile ("cpsid i");
   815e6:	b672      	cpsid	i
   815e8:	f3bf 8f5f 	dmb	sy
	cpu_irq_disable();
   815ec:	f240 04e4 	movw	r4, #228	; 0xe4
   815f0:	f2c2 0407 	movt	r4, #8199	; 0x2007
   815f4:	f04f 0700 	mov.w	r7, #0
   815f8:	7027      	strb	r7, [r4, #0]


		// Disable IRQs to have a short sequence
		// between read of EOT_STA and DMA enable
		flags = cpu_irq_save();
		if (!(udd_endpoint_dma_get_status(ep)
   815fa:	68c4      	ldr	r4, [r0, #12]
   815fc:	f014 0f10 	tst.w	r4, #16
   81600:	d11d      	bne.n	8163e <udd_ep_trans_done+0x112>
			}
		}

		// Start USB DMA to fill or read fifo of the selected endpoint
		udd_endpoint_dma_set_addr(ep, (uint32_t) & ptr_job->buf[ptr_job->buf_cnt]);
		udd_dma_ctrl |= UOTGHS_DEVDMACONTROL_END_BUFFIT |
   81602:	f046 0621 	orr.w	r6, r6, #33	; 0x21
		// between read of EOT_STA and DMA enable
		flags = cpu_irq_save();
		if (!(udd_endpoint_dma_get_status(ep)
				& UOTGHS_DEVDMASTATUS_END_TR_ST)) {
			dbg_print("dmaS%x ", ep);
			udd_endpoint_dma_set_control(ep, udd_dma_ctrl);
   81606:	6086      	str	r6, [r0, #8]
			ptr_job->buf_cnt += next_trans;
   81608:	68da      	ldr	r2, [r3, #12]
   8160a:	1950      	adds	r0, r2, r5
   8160c:	60d8      	str	r0, [r3, #12]
			ptr_job->buf_load = next_trans;
   8160e:	611d      	str	r5, [r3, #16]
			udd_enable_endpoint_dma_interrupt(ep);
   81610:	f04f 7300 	mov.w	r3, #33554432	; 0x2000000
   81614:	fa03 f101 	lsl.w	r1, r3, r1
   81618:	f44f 4240 	mov.w	r2, #49152	; 0xc000
   8161c:	f2c4 020a 	movt	r2, #16394	; 0x400a
   81620:	6191      	str	r1, [r2, #24]
	return (flags);
}

static inline void cpu_irq_restore(irqflags_t flags)
{
	if (cpu_irq_is_enabled_flags(flags))
   81622:	f1bc 0f00 	cmp.w	ip, #0
   81626:	d058      	beq.n	816da <udd_ep_trans_done+0x1ae>
		cpu_irq_enable();
   81628:	f240 00e4 	movw	r0, #228	; 0xe4
   8162c:	f2c2 0007 	movt	r0, #8199	; 0x2007
   81630:	f04f 0301 	mov.w	r3, #1
   81634:	7003      	strb	r3, [r0, #0]
   81636:	f3bf 8f5f 	dmb	sy
  This function enables IRQ interrupts by clearing the I-bit in the CPSR.
  Can only be executed in Privileged modes.
 */
__attribute__( ( always_inline ) ) __STATIC_INLINE void __enable_irq(void)
{
  __ASM volatile ("cpsie i");
   8163a:	b662      	cpsie	i
   8163c:	bdf8      	pop	{r3, r4, r5, r6, r7, pc}
	return (flags);
}

static inline void cpu_irq_restore(irqflags_t flags)
{
	if (cpu_irq_is_enabled_flags(flags))
   8163e:	f1bc 0f00 	cmp.w	ip, #0
   81642:	d009      	beq.n	81658 <udd_ep_trans_done+0x12c>
		cpu_irq_enable();
   81644:	f240 01e4 	movw	r1, #228	; 0xe4
   81648:	f2c2 0107 	movt	r1, #8199	; 0x2007
   8164c:	f04f 0001 	mov.w	r0, #1
   81650:	7008      	strb	r0, [r1, #0]
   81652:	f3bf 8f5f 	dmb	sy
   81656:	b662      	cpsie	i
		cpu_irq_restore(flags);

		// Here a ZLP has been recieved
		// and the DMA transfer must be not started.
		// It is the end of transfer
		ptr_job->buf_size = ptr_job->buf_cnt;
   81658:	68d9      	ldr	r1, [r3, #12]
   8165a:	6099      	str	r1, [r3, #8]
	}
	if (Is_udd_endpoint_in(ep)) {
   8165c:	f44f 4041 	mov.w	r0, #49408	; 0xc100
   81660:	f2c4 000a 	movt	r0, #16394	; 0x400a
   81664:	f850 1022 	ldr.w	r1, [r0, r2, lsl #2]
   81668:	f411 7f80 	tst.w	r1, #256	; 0x100
   8166c:	d02d      	beq.n	816ca <udd_ep_trans_done+0x19e>
		if (ptr_job->b_shortpacket) {
   8166e:	7d18      	ldrb	r0, [r3, #20]
   81670:	f000 0102 	and.w	r1, r0, #2
   81674:	b2c8      	uxtb	r0, r1
   81676:	b340      	cbz	r0, 816ca <udd_ep_trans_done+0x19e>
			dbg_print("zlpS%x ", ep);
			// Need to send a ZLP (No possible with USB DMA)
			// enable interrupt to wait a free bank to sent ZLP
			udd_ack_in_send(ep);
   81678:	f24c 1060 	movw	r0, #49504	; 0xc160
   8167c:	f2c4 000a 	movt	r0, #16394	; 0x400a
   81680:	f04f 0101 	mov.w	r1, #1
   81684:	f840 1022 	str.w	r1, [r0, r2, lsl #2]
			if (Is_udd_write_enabled(ep)) {
   81688:	f24c 1330 	movw	r3, #49456	; 0xc130
   8168c:	f2c4 030a 	movt	r3, #16394	; 0x400a
   81690:	f853 0022 	ldr.w	r0, [r3, r2, lsl #2]
   81694:	f410 3f80 	tst.w	r0, #65536	; 0x10000
   81698:	d005      	beq.n	816a6 <udd_ep_trans_done+0x17a>
				// Force interrupt in case of ep already free
				udd_raise_in_send(ep);
   8169a:	f24c 1390 	movw	r3, #49552	; 0xc190
   8169e:	f2c4 030a 	movt	r3, #16394	; 0x400a
   816a2:	f843 1022 	str.w	r1, [r3, r2, lsl #2]
			}
			udd_enable_in_send_interrupt(ep);
   816a6:	f24c 10f0 	movw	r0, #49648	; 0xc1f0
   816aa:	f2c4 000a 	movt	r0, #16394	; 0x400a
   816ae:	f04f 0101 	mov.w	r1, #1
   816b2:	f840 1022 	str.w	r1, [r0, r2, lsl #2]
			udd_enable_endpoint_interrupt(ep);
   816b6:	f44f 5380 	mov.w	r3, #4096	; 0x1000
   816ba:	fa03 f202 	lsl.w	r2, r3, r2
   816be:	f44f 4040 	mov.w	r0, #49152	; 0xc000
   816c2:	f2c4 000a 	movt	r0, #16394	; 0x400a
   816c6:	6182      	str	r2, [r0, #24]
			return;
   816c8:	bdf8      	pop	{r3, r4, r5, r6, r7, pc}
		}
	}
	dbg_print("dmaE ");
	// Call callback to signal end of transfer
	udd_ep_finish_job(ptr_job, false, ep);
   816ca:	4618      	mov	r0, r3
   816cc:	f04f 0100 	mov.w	r1, #0
   816d0:	f241 43c9 	movw	r3, #5321	; 0x14c9
   816d4:	f2c0 0308 	movt	r3, #8
   816d8:	4798      	blx	r3
   816da:	bdf8      	pop	{r3, r4, r5, r6, r7, pc}

000816dc <udd_attach>:
	cpu_irq_restore(flags);
}


void udd_attach(void)
{
   816dc:	b538      	push	{r3, r4, r5, lr}
 */
__attribute__( ( always_inline ) ) __STATIC_INLINE uint32_t __get_PRIMASK(void)
{
  uint32_t result;

  __ASM volatile ("MRS %0, primask" : "=r" (result) );
   816de:	f3ef 8410 	mrs	r4, PRIMASK
  This function disables IRQ interrupts by setting the I-bit in the CPSR.
  Can only be executed in Privileged modes.
 */
__attribute__( ( always_inline ) ) __STATIC_INLINE void __disable_irq(void)
{
  __ASM volatile ("cpsid i");
   816e2:	b672      	cpsid	i
   816e4:	f3bf 8f5f 	dmb	sy
static volatile bool     cpu_irq_prev_interrupt_state;

static inline irqflags_t cpu_irq_save(void)
{
	irqflags_t flags = cpu_irq_is_enabled();
	cpu_irq_disable();
   816e8:	f240 03e4 	movw	r3, #228	; 0xe4
   816ec:	f2c2 0307 	movt	r3, #8199	; 0x2007
   816f0:	f04f 0200 	mov.w	r2, #0
   816f4:	701a      	strb	r2, [r3, #0]
	irqflags_t flags;
	flags = cpu_irq_save();

	// At startup the USB bus state is unknown,
	// therefore the state is considered IDLE to not miss any USB event
	udd_sleep_mode(true);
   816f6:	f04f 0001 	mov.w	r0, #1
   816fa:	f241 01d5 	movw	r1, #4309	; 0x10d5
   816fe:	f2c0 0108 	movt	r1, #8
   81702:	4788      	blx	r1
	otg_unfreeze_clock();
   81704:	f44f 4040 	mov.w	r0, #49152	; 0xc000
   81708:	f2c4 000a 	movt	r0, #16394	; 0x400a
   8170c:	f8d0 5800 	ldr.w	r5, [r0, #2048]	; 0x800
   81710:	f425 4380 	bic.w	r3, r5, #16384	; 0x4000
   81714:	f8c0 3800 	str.w	r3, [r0, #2048]	; 0x800

	// This section of clock check can be improved with a chek of
	// USB clock source via sysclk()
	// Check USB clock because the source can be a PLL
	while (!Is_otg_clock_usable());
   81718:	f44f 4240 	mov.w	r2, #49152	; 0xc000
   8171c:	f2c4 020a 	movt	r2, #16394	; 0x400a
   81720:	f8d2 1804 	ldr.w	r1, [r2, #2052]	; 0x804
   81724:	f411 4f80 	tst.w	r1, #16384	; 0x4000
   81728:	d0fa      	beq.n	81720 <udd_attach+0x44>

	// Authorize attach if Vbus is present
	udd_attach_device();
   8172a:	f44f 4340 	mov.w	r3, #49152	; 0xc000
   8172e:	f2c4 030a 	movt	r3, #16394	; 0x400a
   81732:	6818      	ldr	r0, [r3, #0]
   81734:	f420 7580 	bic.w	r5, r0, #256	; 0x100
   81738:	601d      	str	r5, [r3, #0]

	// Enable USB line events
	udd_enable_reset_interrupt();
   8173a:	f04f 0508 	mov.w	r5, #8
   8173e:	619d      	str	r5, [r3, #24]
	udd_enable_suspend_interrupt();
   81740:	f04f 0101 	mov.w	r1, #1
   81744:	6199      	str	r1, [r3, #24]
	udd_enable_wake_up_interrupt();
   81746:	f04f 0210 	mov.w	r2, #16
   8174a:	619a      	str	r2, [r3, #24]
	udd_enable_sof_interrupt();
   8174c:	f04f 0004 	mov.w	r0, #4
   81750:	6198      	str	r0, [r3, #24]
#ifdef USB_DEVICE_HS_SUPPORT
	udd_enable_msof_interrupt();
#endif
	// Reset following interupts flag
	udd_ack_reset();
   81752:	609d      	str	r5, [r3, #8]
	udd_ack_sof();
   81754:	6098      	str	r0, [r3, #8]
	udd_ack_msof();
   81756:	f04f 0002 	mov.w	r0, #2
   8175a:	6098      	str	r0, [r3, #8]

	// The first suspend interrupt must be forced
	// The first suspend interrupt is not detected else raise it
	udd_raise_suspend();
   8175c:	60d9      	str	r1, [r3, #12]

	udd_ack_wake_up();
   8175e:	609a      	str	r2, [r3, #8]
	otg_freeze_clock();
   81760:	f8d3 2800 	ldr.w	r2, [r3, #2048]	; 0x800
   81764:	f442 4080 	orr.w	r0, r2, #16384	; 0x4000
   81768:	f8c3 0800 	str.w	r0, [r3, #2048]	; 0x800
	return (flags);
}

static inline void cpu_irq_restore(irqflags_t flags)
{
	if (cpu_irq_is_enabled_flags(flags))
   8176c:	b93c      	cbnz	r4, 8177e <udd_attach+0xa2>
		cpu_irq_enable();
   8176e:	f240 03e4 	movw	r3, #228	; 0xe4
   81772:	f2c2 0307 	movt	r3, #8199	; 0x2007
   81776:	7019      	strb	r1, [r3, #0]
   81778:	f3bf 8f5f 	dmb	sy
  This function enables IRQ interrupts by clearing the I-bit in the CPSR.
  Can only be executed in Privileged modes.
 */
__attribute__( ( always_inline ) ) __STATIC_INLINE void __enable_irq(void)
{
  __ASM volatile ("cpsie i");
   8177c:	b662      	cpsie	i
   8177e:	bd38      	pop	{r3, r4, r5, pc}

00081780 <udd_detach>:
	cpu_irq_restore(flags);
}


void udd_detach(void)
{
   81780:	b508      	push	{r3, lr}
	otg_unfreeze_clock();
   81782:	f44f 4340 	mov.w	r3, #49152	; 0xc000
   81786:	f2c4 030a 	movt	r3, #16394	; 0x400a
   8178a:	f8d3 2800 	ldr.w	r2, [r3, #2048]	; 0x800
   8178e:	f422 4080 	bic.w	r0, r2, #16384	; 0x4000
   81792:	f8c3 0800 	str.w	r0, [r3, #2048]	; 0x800

	// Detach device from the bus
	udd_detach_device();
   81796:	6819      	ldr	r1, [r3, #0]
   81798:	f441 7280 	orr.w	r2, r1, #256	; 0x100
   8179c:	601a      	str	r2, [r3, #0]
	otg_freeze_clock();
   8179e:	f8d3 0800 	ldr.w	r0, [r3, #2048]	; 0x800
   817a2:	f440 4180 	orr.w	r1, r0, #16384	; 0x4000
   817a6:	f8c3 1800 	str.w	r1, [r3, #2048]	; 0x800
	udd_sleep_mode(false);
   817aa:	f04f 0000 	mov.w	r0, #0
   817ae:	f241 03d5 	movw	r3, #4309	; 0x10d5
   817b2:	f2c0 0308 	movt	r3, #8
   817b6:	4798      	blx	r3
   817b8:	bd08      	pop	{r3, pc}
   817ba:	bf00      	nop

000817bc <UOTGHS_Handler>:
void udd_interrupt(void);
void udd_interrupt(void)
#else
ISR(UDD_USB_INT_FUN)
#endif
{
   817bc:	b570      	push	{r4, r5, r6, lr}
	/* For fast wakeup clocks restore
	 * In WAIT mode, clocks are switched to FASTRC.
	 * After wakeup clocks should be restored, before that ISR should not
	 * be served.
	 */
	if (!pmc_is_wakeup_clocks_restored() && !Is_udd_suspend()) {
   817be:	f243 13a5 	movw	r3, #12709	; 0x31a5
   817c2:	f2c0 0308 	movt	r3, #8
   817c6:	4798      	blx	r3
   817c8:	b990      	cbnz	r0, 817f0 <UOTGHS_Handler+0x34>
   817ca:	f44f 4040 	mov.w	r0, #49152	; 0xc000
   817ce:	f2c4 000a 	movt	r0, #16394	; 0x400a
   817d2:	6841      	ldr	r1, [r0, #4]
   817d4:	f011 0f01 	tst.w	r1, #1
   817d8:	d10a      	bne.n	817f0 <UOTGHS_Handler+0x34>
  This function disables IRQ interrupts by setting the I-bit in the CPSR.
  Can only be executed in Privileged modes.
 */
__attribute__( ( always_inline ) ) __STATIC_INLINE void __disable_irq(void)
{
  __ASM volatile ("cpsid i");
   817da:	b672      	cpsid	i
   817dc:	f3bf 8f5f 	dmb	sy
		cpu_irq_disable();
   817e0:	f240 00e4 	movw	r0, #228	; 0xe4
   817e4:	f2c2 0007 	movt	r0, #8199	; 0x2007
   817e8:	f04f 0200 	mov.w	r2, #0
   817ec:	7002      	strb	r2, [r0, #0]
		return;
   817ee:	bd70      	pop	{r4, r5, r6, pc}
	}

	if (Is_udd_sof()) {
   817f0:	f44f 4240 	mov.w	r2, #49152	; 0xc000
   817f4:	f2c4 020a 	movt	r2, #16394	; 0x400a
   817f8:	6853      	ldr	r3, [r2, #4]
   817fa:	f013 0f04 	tst.w	r3, #4
   817fe:	d012      	beq.n	81826 <UOTGHS_Handler+0x6a>
		udd_ack_sof();
   81800:	f44f 4040 	mov.w	r0, #49152	; 0xc000
   81804:	f2c4 000a 	movt	r0, #16394	; 0x400a
   81808:	f04f 0204 	mov.w	r2, #4
   8180c:	6082      	str	r2, [r0, #8]
		if (Is_udd_full_speed_mode()) {
   8180e:	f8d0 1804 	ldr.w	r1, [r0, #2052]	; 0x804
   81812:	f411 5f40 	tst.w	r1, #12288	; 0x3000
   81816:	f040 84bd 	bne.w	82194 <UOTGHS_Handler+0x9d8>
			udc_sof_notify();
   8181a:	f640 2341 	movw	r3, #2625	; 0xa41
   8181e:	f2c0 0308 	movt	r3, #8
   81822:	4798      	blx	r3
   81824:	bd70      	pop	{r4, r5, r6, pc}
		UDC_SOF_EVENT();
#endif
		goto udd_interrupt_sof_end;
	}

	if (Is_udd_msof()) {
   81826:	f44f 4040 	mov.w	r0, #49152	; 0xc000
   8182a:	f2c4 000a 	movt	r0, #16394	; 0x400a
   8182e:	6841      	ldr	r1, [r0, #4]
   81830:	f011 0f02 	tst.w	r1, #2
   81834:	d00c      	beq.n	81850 <UOTGHS_Handler+0x94>
		udd_ack_msof();
   81836:	f44f 4040 	mov.w	r0, #49152	; 0xc000
   8183a:	f2c4 000a 	movt	r0, #16394	; 0x400a
   8183e:	f04f 0102 	mov.w	r1, #2
   81842:	6081      	str	r1, [r0, #8]
		udc_sof_notify();
   81844:	f640 2341 	movw	r3, #2625	; 0xa41
   81848:	f2c0 0308 	movt	r3, #8
   8184c:	4798      	blx	r3
		goto udd_interrupt_sof_end;
   8184e:	bd70      	pop	{r4, r5, r6, pc}


static bool udd_ctrl_interrupt(void)
{

	if (!Is_udd_endpoint_interrupt(0)) {
   81850:	f44f 4240 	mov.w	r2, #49152	; 0xc000
   81854:	f2c4 020a 	movt	r2, #16394	; 0x400a
   81858:	6853      	ldr	r3, [r2, #4]
   8185a:	f413 5f80 	tst.w	r3, #4096	; 0x1000
   8185e:	f000 8419 	beq.w	82094 <UOTGHS_Handler+0x8d8>
	}

	dbg_print("0: ");

	// By default disable overflow and underflow interrupt
	udd_disable_nak_in_interrupt(0);
   81862:	f24c 2020 	movw	r0, #49696	; 0xc220
   81866:	f2c4 000a 	movt	r0, #16394	; 0x400a
   8186a:	f04f 0110 	mov.w	r1, #16
   8186e:	6001      	str	r1, [r0, #0]
	udd_disable_nak_out_interrupt(0);
   81870:	f04f 0208 	mov.w	r2, #8
   81874:	6002      	str	r2, [r0, #0]

	// Search event on control endpoint
	if (Is_udd_setup_received(0)) {
   81876:	f24c 1330 	movw	r3, #49456	; 0xc130
   8187a:	f2c4 030a 	movt	r3, #16394	; 0x400a
   8187e:	6818      	ldr	r0, [r3, #0]
   81880:	f010 0f04 	tst.w	r0, #4
   81884:	f000 80d9 	beq.w	81a3a <UOTGHS_Handler+0x27e>
static void udd_ctrl_setup_received(void)
{
	irqflags_t flags;
	uint8_t i;

	if (UDD_EPCTRL_SETUP != udd_ep_control_state) {
   81888:	f240 61e0 	movw	r1, #1760	; 0x6e0
   8188c:	f2c2 0107 	movt	r1, #8199	; 0x2007
   81890:	780a      	ldrb	r2, [r1, #0]
   81892:	b14a      	cbz	r2, 818a8 <UOTGHS_Handler+0xec>
		// May be a hidden DATA or ZLP phase or protocol abort
		udd_ctrl_endofrequest();
   81894:	f241 2065 	movw	r0, #4709	; 0x1265
   81898:	f2c0 0008 	movt	r0, #8
   8189c:	4780      	blx	r0

		// Reinitializes control endpoint management
		udd_ctrl_init();
   8189e:	f241 1381 	movw	r3, #4481	; 0x1181
   818a2:	f2c0 0308 	movt	r3, #8
   818a6:	4798      	blx	r3
	}
	// Fill setup request structure
	if (8 != udd_byte_count(0)) {
   818a8:	f24c 1130 	movw	r1, #49456	; 0xc130
   818ac:	f2c4 010a 	movt	r1, #16394	; 0x400a
   818b0:	680a      	ldr	r2, [r1, #0]
   818b2:	f3c2 500a 	ubfx	r0, r2, #20, #11
   818b6:	2808      	cmp	r0, #8
   818b8:	d00c      	beq.n	818d4 <UOTGHS_Handler+0x118>
		udd_ctrl_stall_data();
   818ba:	f241 11e5 	movw	r1, #4581	; 0x11e5
   818be:	f2c0 0108 	movt	r1, #8
   818c2:	4788      	blx	r1
		udd_ack_setup_received(0);
   818c4:	f24c 1360 	movw	r3, #49504	; 0xc160
   818c8:	f2c4 030a 	movt	r3, #16394	; 0x400a
   818cc:	f04f 0204 	mov.w	r2, #4
   818d0:	601a      	str	r2, [r3, #0]
   818d2:	bd70      	pop	{r4, r5, r6, pc}
		return; // Error data number doesn't correspond to SETUP packet
	}
	uint8_t *ptr = (uint8_t *) & udd_get_endpoint_fifo_access(0,8);
	for (i = 0; i < 8; i++) {
		((uint8_t*) &udd_g_ctrlreq.req)[i] = *ptr++;
   818d4:	f04f 0300 	mov.w	r3, #0
   818d8:	f2c2 0318 	movt	r3, #8216	; 0x2018
   818dc:	7819      	ldrb	r1, [r3, #0]
   818de:	f240 7060 	movw	r0, #1888	; 0x760
   818e2:	f2c2 0007 	movt	r0, #8199	; 0x2007
   818e6:	7001      	strb	r1, [r0, #0]
   818e8:	f04f 0201 	mov.w	r2, #1
   818ec:	f2c2 0218 	movt	r2, #8216	; 0x2018
   818f0:	7813      	ldrb	r3, [r2, #0]
   818f2:	7043      	strb	r3, [r0, #1]
   818f4:	f04f 0102 	mov.w	r1, #2
   818f8:	f2c2 0118 	movt	r1, #8216	; 0x2018
   818fc:	780a      	ldrb	r2, [r1, #0]
   818fe:	7082      	strb	r2, [r0, #2]
   81900:	f04f 0303 	mov.w	r3, #3
   81904:	f2c2 0318 	movt	r3, #8216	; 0x2018
   81908:	7819      	ldrb	r1, [r3, #0]
   8190a:	70c1      	strb	r1, [r0, #3]
   8190c:	f04f 0204 	mov.w	r2, #4
   81910:	f2c2 0218 	movt	r2, #8216	; 0x2018
   81914:	7813      	ldrb	r3, [r2, #0]
   81916:	7103      	strb	r3, [r0, #4]
   81918:	f04f 0105 	mov.w	r1, #5
   8191c:	f2c2 0118 	movt	r1, #8216	; 0x2018
   81920:	780a      	ldrb	r2, [r1, #0]
   81922:	7142      	strb	r2, [r0, #5]
   81924:	f04f 0306 	mov.w	r3, #6
   81928:	f2c2 0318 	movt	r3, #8216	; 0x2018
   8192c:	7819      	ldrb	r1, [r3, #0]
   8192e:	7181      	strb	r1, [r0, #6]
   81930:	f04f 0207 	mov.w	r2, #7
   81934:	f2c2 0218 	movt	r2, #8216	; 0x2018
   81938:	7813      	ldrb	r3, [r2, #0]
   8193a:	71c3      	strb	r3, [r0, #7]
	udd_g_ctrlreq.req.wValue = le16_to_cpu(udd_g_ctrlreq.req.wValue);
	udd_g_ctrlreq.req.wIndex = le16_to_cpu(udd_g_ctrlreq.req.wIndex);
	udd_g_ctrlreq.req.wLength = le16_to_cpu(udd_g_ctrlreq.req.wLength);

	// Decode setup request
	if (udc_process_setup() == false) {
   8193c:	f640 2089 	movw	r0, #2697	; 0xa89
   81940:	f2c0 0008 	movt	r0, #8
   81944:	4780      	blx	r0
   81946:	b960      	cbnz	r0, 81962 <UOTGHS_Handler+0x1a6>
		// Setup request unknow then stall it
		udd_ctrl_stall_data();
   81948:	f241 12e5 	movw	r2, #4581	; 0x11e5
   8194c:	f2c0 0208 	movt	r2, #8
   81950:	4790      	blx	r2
		udd_ack_setup_received(0);
   81952:	f24c 1360 	movw	r3, #49504	; 0xc160
   81956:	f2c4 030a 	movt	r3, #16394	; 0x400a
   8195a:	f04f 0004 	mov.w	r0, #4
   8195e:	6018      	str	r0, [r3, #0]
   81960:	bd70      	pop	{r4, r5, r6, pc}
		return;
	}
	udd_ack_setup_received(0);
   81962:	f24c 1160 	movw	r1, #49504	; 0xc160
   81966:	f2c4 010a 	movt	r1, #16394	; 0x400a
   8196a:	f04f 0204 	mov.w	r2, #4
   8196e:	600a      	str	r2, [r1, #0]

	if (Udd_setup_is_in()) {
   81970:	f240 7360 	movw	r3, #1888	; 0x760
   81974:	f2c2 0307 	movt	r3, #8199	; 0x2007
   81978:	f993 0000 	ldrsb.w	r0, [r3]
   8197c:	2800      	cmp	r0, #0
   8197e:	da18      	bge.n	819b2 <UOTGHS_Handler+0x1f6>
		// IN data phase requested
		udd_ctrl_prev_payload_buf_cnt = 0;
   81980:	f04f 0000 	mov.w	r0, #0
   81984:	f240 61dc 	movw	r1, #1756	; 0x6dc
   81988:	f2c2 0107 	movt	r1, #8199	; 0x2007
   8198c:	8008      	strh	r0, [r1, #0]
		udd_ctrl_payload_buf_cnt = 0;
   8198e:	f240 62e2 	movw	r2, #1762	; 0x6e2
   81992:	f2c2 0207 	movt	r2, #8199	; 0x2007
   81996:	8010      	strh	r0, [r2, #0]
		udd_ep_control_state = UDD_EPCTRL_DATA_IN;
   81998:	f240 63e0 	movw	r3, #1760	; 0x6e0
   8199c:	f2c2 0307 	movt	r3, #8199	; 0x2007
   819a0:	f04f 0002 	mov.w	r0, #2
   819a4:	7018      	strb	r0, [r3, #0]
		udd_ctrl_in_sent(); // Send first data transfer
   819a6:	f241 2179 	movw	r1, #4729	; 0x1279
   819aa:	f2c0 0108 	movt	r1, #8
   819ae:	4788      	blx	r1
   819b0:	bd70      	pop	{r4, r5, r6, pc}
	} else {
		if (0 == udd_g_ctrlreq.req.wLength) {
   819b2:	f240 7160 	movw	r1, #1888	; 0x760
   819b6:	f2c2 0107 	movt	r1, #8199	; 0x2007
   819ba:	88ca      	ldrh	r2, [r1, #6]
   819bc:	b92a      	cbnz	r2, 819ca <UOTGHS_Handler+0x20e>
			// No data phase requested
			// Send IN ZLP to ACK setup request
			udd_ctrl_send_zlp_in();
   819be:	f241 2305 	movw	r3, #4613	; 0x1205
   819c2:	f2c0 0308 	movt	r3, #8
   819c6:	4798      	blx	r3
   819c8:	bd70      	pop	{r4, r5, r6, pc}
			return;
		}
		// OUT data phase requested
		udd_ctrl_prev_payload_buf_cnt = 0;
   819ca:	f04f 0300 	mov.w	r3, #0
   819ce:	4618      	mov	r0, r3
   819d0:	f240 61dc 	movw	r1, #1756	; 0x6dc
   819d4:	f2c2 0107 	movt	r1, #8199	; 0x2007
   819d8:	800b      	strh	r3, [r1, #0]
		udd_ctrl_payload_buf_cnt = 0;
   819da:	f240 62e2 	movw	r2, #1762	; 0x6e2
   819de:	f2c2 0207 	movt	r2, #8199	; 0x2007
   819e2:	8013      	strh	r3, [r2, #0]
		udd_ep_control_state = UDD_EPCTRL_DATA_OUT;
   819e4:	f240 63e0 	movw	r3, #1760	; 0x6e0
   819e8:	f2c2 0307 	movt	r3, #8199	; 0x2007
   819ec:	f04f 0101 	mov.w	r1, #1
   819f0:	7019      	strb	r1, [r3, #0]
		// To detect a protocol error, enable nak interrupt on data IN phase
		udd_ack_nak_in(0);
   819f2:	f24c 1360 	movw	r3, #49504	; 0xc160
   819f6:	f2c4 030a 	movt	r3, #16394	; 0x400a
   819fa:	f04f 0210 	mov.w	r2, #16
   819fe:	601a      	str	r2, [r3, #0]
 */
__attribute__( ( always_inline ) ) __STATIC_INLINE uint32_t __get_PRIMASK(void)
{
  uint32_t result;

  __ASM volatile ("MRS %0, primask" : "=r" (result) );
   81a00:	f3ef 8110 	mrs	r1, PRIMASK
  This function disables IRQ interrupts by setting the I-bit in the CPSR.
  Can only be executed in Privileged modes.
 */
__attribute__( ( always_inline ) ) __STATIC_INLINE void __disable_irq(void)
{
  __ASM volatile ("cpsid i");
   81a04:	b672      	cpsid	i
   81a06:	f3bf 8f5f 	dmb	sy
static volatile bool     cpu_irq_prev_interrupt_state;

static inline irqflags_t cpu_irq_save(void)
{
	irqflags_t flags = cpu_irq_is_enabled();
	cpu_irq_disable();
   81a0a:	f240 03e4 	movw	r3, #228	; 0xe4
   81a0e:	f2c2 0307 	movt	r3, #8199	; 0x2007
   81a12:	7018      	strb	r0, [r3, #0]
		flags = cpu_irq_save();
		udd_enable_nak_in_interrupt(0);
   81a14:	f24c 10f0 	movw	r0, #49648	; 0xc1f0
   81a18:	f2c4 000a 	movt	r0, #16394	; 0x400a
   81a1c:	6002      	str	r2, [r0, #0]
	return (flags);
}

static inline void cpu_irq_restore(irqflags_t flags)
{
	if (cpu_irq_is_enabled_flags(flags))
   81a1e:	2900      	cmp	r1, #0
   81a20:	f040 83b8 	bne.w	82194 <UOTGHS_Handler+0x9d8>
		cpu_irq_enable();
   81a24:	f240 01e4 	movw	r1, #228	; 0xe4
   81a28:	f2c2 0107 	movt	r1, #8199	; 0x2007
   81a2c:	f04f 0201 	mov.w	r2, #1
   81a30:	700a      	strb	r2, [r1, #0]
   81a32:	f3bf 8f5f 	dmb	sy
  This function enables IRQ interrupts by clearing the I-bit in the CPSR.
  Can only be executed in Privileged modes.
 */
__attribute__( ( always_inline ) ) __STATIC_INLINE void __enable_irq(void)
{
  __ASM volatile ("cpsie i");
   81a36:	b662      	cpsie	i
   81a38:	bd70      	pop	{r4, r5, r6, pc}
		dbg_print("stup ");
		// SETUP packet received
		udd_ctrl_setup_received();
		return true;
	}
	if (Is_udd_in_send(0) && Is_udd_in_send_interrupt_enabled(0)) {
   81a3a:	f24c 1130 	movw	r1, #49456	; 0xc130
   81a3e:	f2c4 010a 	movt	r1, #16394	; 0x400a
   81a42:	680a      	ldr	r2, [r1, #0]
   81a44:	f012 0f01 	tst.w	r2, #1
   81a48:	d00d      	beq.n	81a66 <UOTGHS_Handler+0x2aa>
   81a4a:	f24c 13c0 	movw	r3, #49600	; 0xc1c0
   81a4e:	f2c4 030a 	movt	r3, #16394	; 0x400a
   81a52:	6818      	ldr	r0, [r3, #0]
   81a54:	f010 0f01 	tst.w	r0, #1
   81a58:	d005      	beq.n	81a66 <UOTGHS_Handler+0x2aa>
		dbg_print("in ");
		// IN packet sent
		udd_ctrl_in_sent();
   81a5a:	f241 2379 	movw	r3, #4729	; 0x1279
   81a5e:	f2c0 0308 	movt	r3, #8
   81a62:	4798      	blx	r3
   81a64:	bd70      	pop	{r4, r5, r6, pc}
		return true;
	}
	if (Is_udd_out_received(0)) {
   81a66:	f24c 1130 	movw	r1, #49456	; 0xc130
   81a6a:	f2c4 010a 	movt	r1, #16394	; 0x400a
   81a6e:	680a      	ldr	r2, [r1, #0]
   81a70:	f012 0f02 	tst.w	r2, #2
   81a74:	f000 80de 	beq.w	81c34 <UOTGHS_Handler+0x478>
{
	irqflags_t flags;
	uint8_t i;
	uint16_t nb_data;

	if (UDD_EPCTRL_DATA_OUT != udd_ep_control_state) {
   81a78:	f240 60e0 	movw	r0, #1760	; 0x6e0
   81a7c:	f2c2 0007 	movt	r0, #8199	; 0x2007
   81a80:	7801      	ldrb	r1, [r0, #0]
   81a82:	2901      	cmp	r1, #1
   81a84:	d014      	beq.n	81ab0 <UOTGHS_Handler+0x2f4>
		if ((UDD_EPCTRL_DATA_IN == udd_ep_control_state)
   81a86:	2902      	cmp	r1, #2
   81a88:	d001      	beq.n	81a8e <UOTGHS_Handler+0x2d2>
				|| (UDD_EPCTRL_HANDSHAKE_WAIT_OUT_ZLP ==
   81a8a:	2904      	cmp	r1, #4
   81a8c:	d105      	bne.n	81a9a <UOTGHS_Handler+0x2de>
						udd_ep_control_state)) {
			// End of SETUP request:
			// - Data IN Phase aborted,
			// - or last Data IN Phase hidden by ZLP OUT sending quiclky,
			// - or ZLP OUT received normaly.
			udd_ctrl_endofrequest();
   81a8e:	f241 2265 	movw	r2, #4709	; 0x1265
   81a92:	f2c0 0208 	movt	r2, #8
   81a96:	4790      	blx	r2
   81a98:	e004      	b.n	81aa4 <UOTGHS_Handler+0x2e8>
		} else {
			// Protocol error during SETUP request
			udd_ctrl_stall_data();
   81a9a:	f241 11e5 	movw	r1, #4581	; 0x11e5
   81a9e:	f2c0 0108 	movt	r1, #8
   81aa2:	4788      	blx	r1
		}
		// Reinitializes control endpoint management
		udd_ctrl_init();
   81aa4:	f241 1081 	movw	r0, #4481	; 0x1181
   81aa8:	f2c0 0008 	movt	r0, #8
   81aac:	4780      	blx	r0
   81aae:	bd70      	pop	{r4, r5, r6, pc}
		return;
	}
	// Read data received during OUT phase
	nb_data = udd_byte_count(0);
   81ab0:	f24c 1430 	movw	r4, #49456	; 0xc130
   81ab4:	f2c4 040a 	movt	r4, #16394	; 0x400a
   81ab8:	6826      	ldr	r6, [r4, #0]
   81aba:	f3c6 540a 	ubfx	r4, r6, #20, #11
	if (udd_g_ctrlreq.payload_size < (udd_ctrl_payload_buf_cnt + nb_data)) {
   81abe:	f240 7360 	movw	r3, #1888	; 0x760
   81ac2:	f2c2 0307 	movt	r3, #8199	; 0x2007
   81ac6:	8998      	ldrh	r0, [r3, #12]
   81ac8:	f240 62e2 	movw	r2, #1762	; 0x6e2
   81acc:	f2c2 0207 	movt	r2, #8199	; 0x2007
   81ad0:	8816      	ldrh	r6, [r2, #0]
   81ad2:	1931      	adds	r1, r6, r4
   81ad4:	4288      	cmp	r0, r1
		// Reinitializes control endpoint management
		udd_ctrl_init();
		return;
	}
	// Read data received during OUT phase
	nb_data = udd_byte_count(0);
   81ad6:	bfae      	itee	ge
   81ad8:	b2a4      	uxthge	r4, r4
	if (udd_g_ctrlreq.payload_size < (udd_ctrl_payload_buf_cnt + nb_data)) {
		// Payload buffer too small
		nb_data = udd_g_ctrlreq.payload_size - udd_ctrl_payload_buf_cnt;
   81ada:	ebc6 0000 	rsblt	r0, r6, r0
   81ade:	b284      	uxthlt	r4, r0
	}
	uint8_t *ptr_src = (uint8_t *) & udd_get_endpoint_fifo_access(0, 8);
	uint8_t *ptr_dest = udd_g_ctrlreq.payload + udd_ctrl_payload_buf_cnt;
   81ae0:	f240 7360 	movw	r3, #1888	; 0x760
   81ae4:	f2c2 0307 	movt	r3, #8199	; 0x2007
   81ae8:	6898      	ldr	r0, [r3, #8]
   81aea:	1982      	adds	r2, r0, r6
	for (i = 0; i < nb_data; i++) {
   81aec:	b3b4      	cbz	r4, 81b5c <UOTGHS_Handler+0x3a0>
   81aee:	f04f 0300 	mov.w	r3, #0
   81af2:	f2c2 0318 	movt	r3, #8216	; 0x2018
   81af6:	ea6f 0103 	mvn.w	r1, r3
   81afa:	1908      	adds	r0, r1, r4
   81afc:	f000 0101 	and.w	r1, r0, #1
		*ptr_dest++ = *ptr_src++;
   81b00:	f813 0b01 	ldrb.w	r0, [r3], #1
   81b04:	f802 0b01 	strb.w	r0, [r2], #1
		// Payload buffer too small
		nb_data = udd_g_ctrlreq.payload_size - udd_ctrl_payload_buf_cnt;
	}
	uint8_t *ptr_src = (uint8_t *) & udd_get_endpoint_fifo_access(0, 8);
	uint8_t *ptr_dest = udd_g_ctrlreq.payload + udd_ctrl_payload_buf_cnt;
	for (i = 0; i < nb_data; i++) {
   81b08:	b2d8      	uxtb	r0, r3
   81b0a:	42a0      	cmp	r0, r4
   81b0c:	f0c0 8343 	bcc.w	82196 <UOTGHS_Handler+0x9da>
   81b10:	e00e      	b.n	81b30 <UOTGHS_Handler+0x374>
		*ptr_dest++ = *ptr_src++;
   81b12:	4618      	mov	r0, r3
   81b14:	f810 5b01 	ldrb.w	r5, [r0], #1
   81b18:	4611      	mov	r1, r2
   81b1a:	f801 5b01 	strb.w	r5, [r1], #1
   81b1e:	785d      	ldrb	r5, [r3, #1]
   81b20:	f100 0301 	add.w	r3, r0, #1
   81b24:	7055      	strb	r5, [r2, #1]
   81b26:	f101 0201 	add.w	r2, r1, #1
		// Payload buffer too small
		nb_data = udd_g_ctrlreq.payload_size - udd_ctrl_payload_buf_cnt;
	}
	uint8_t *ptr_src = (uint8_t *) & udd_get_endpoint_fifo_access(0, 8);
	uint8_t *ptr_dest = udd_g_ctrlreq.payload + udd_ctrl_payload_buf_cnt;
	for (i = 0; i < nb_data; i++) {
   81b2a:	b2d8      	uxtb	r0, r3
   81b2c:	42a0      	cmp	r0, r4
   81b2e:	d3f0      	bcc.n	81b12 <UOTGHS_Handler+0x356>
		*ptr_dest++ = *ptr_src++;
	}
	udd_ctrl_payload_buf_cnt += nb_data;
   81b30:	19a6      	adds	r6, r4, r6
   81b32:	b2b6      	uxth	r6, r6
   81b34:	f240 62e2 	movw	r2, #1762	; 0x6e2
   81b38:	f2c2 0207 	movt	r2, #8199	; 0x2007
   81b3c:	8016      	strh	r6, [r2, #0]

	if ((USB_DEVICE_EP_CTRL_SIZE != nb_data)
   81b3e:	2c40      	cmp	r4, #64	; 0x40
   81b40:	d10c      	bne.n	81b5c <UOTGHS_Handler+0x3a0>
			|| (udd_g_ctrlreq.req.wLength <=
   81b42:	f240 7360 	movw	r3, #1888	; 0x760
   81b46:	f2c2 0307 	movt	r3, #8199	; 0x2007
   81b4a:	88d9      	ldrh	r1, [r3, #6]
					(udd_ctrl_prev_payload_buf_cnt +
   81b4c:	f240 60dc 	movw	r0, #1756	; 0x6dc
   81b50:	f2c2 0007 	movt	r0, #8199	; 0x2007
   81b54:	8802      	ldrh	r2, [r0, #0]
   81b56:	1993      	adds	r3, r2, r6
		*ptr_dest++ = *ptr_src++;
	}
	udd_ctrl_payload_buf_cnt += nb_data;

	if ((USB_DEVICE_EP_CTRL_SIZE != nb_data)
			|| (udd_g_ctrlreq.req.wLength <=
   81b58:	4299      	cmp	r1, r3
   81b5a:	dc22      	bgt.n	81ba2 <UOTGHS_Handler+0x3e6>
					(udd_ctrl_prev_payload_buf_cnt +
							udd_ctrl_payload_buf_cnt))) {
		// End of reception because it is a short packet
		// Before send ZLP, call intermediat calback
		// in case of data receiv generate a stall
		udd_g_ctrlreq.payload_size = udd_ctrl_payload_buf_cnt;
   81b5c:	f240 7160 	movw	r1, #1888	; 0x760
   81b60:	f2c2 0107 	movt	r1, #8199	; 0x2007
   81b64:	818e      	strh	r6, [r1, #12]
		if (NULL != udd_g_ctrlreq.over_under_run) {
   81b66:	694a      	ldr	r2, [r1, #20]
   81b68:	b172      	cbz	r2, 81b88 <UOTGHS_Handler+0x3cc>
			if (!udd_g_ctrlreq.over_under_run()) {
   81b6a:	4790      	blx	r2
   81b6c:	b960      	cbnz	r0, 81b88 <UOTGHS_Handler+0x3cc>
				// Stall ZLP
				udd_ctrl_stall_data();
   81b6e:	f241 12e5 	movw	r2, #4581	; 0x11e5
   81b72:	f2c0 0208 	movt	r2, #8
   81b76:	4790      	blx	r2
				// Ack reception of OUT to replace NAK by a STALL
				udd_ack_out_received(0);
   81b78:	f24c 1060 	movw	r0, #49504	; 0xc160
   81b7c:	f2c4 000a 	movt	r0, #16394	; 0x400a
   81b80:	f04f 0302 	mov.w	r3, #2
   81b84:	6003      	str	r3, [r0, #0]
   81b86:	bd70      	pop	{r4, r5, r6, pc}
				return;
			}
		}
		// Send IN ZLP to ACK setup request
		udd_ack_out_received(0);
   81b88:	f24c 1060 	movw	r0, #49504	; 0xc160
   81b8c:	f2c4 000a 	movt	r0, #16394	; 0x400a
   81b90:	f04f 0302 	mov.w	r3, #2
   81b94:	6003      	str	r3, [r0, #0]
		udd_ctrl_send_zlp_in();
   81b96:	f241 2105 	movw	r1, #4613	; 0x1205
   81b9a:	f2c0 0108 	movt	r1, #8
   81b9e:	4788      	blx	r1
   81ba0:	bd70      	pop	{r4, r5, r6, pc}
		return;
	}

	if (udd_g_ctrlreq.payload_size == udd_ctrl_payload_buf_cnt) {
   81ba2:	49b0      	ldr	r1, [pc, #704]	; (81e64 <UOTGHS_Handler+0x6a8>)
   81ba4:	8988      	ldrh	r0, [r1, #12]
   81ba6:	42b0      	cmp	r0, r6
   81ba8:	d121      	bne.n	81bee <UOTGHS_Handler+0x432>
		// Overrun then request a new payload buffer
		if (!udd_g_ctrlreq.over_under_run) {
   81baa:	4aae      	ldr	r2, [pc, #696]	; (81e64 <UOTGHS_Handler+0x6a8>)
   81bac:	6953      	ldr	r3, [r2, #20]
   81bae:	b94b      	cbnz	r3, 81bc4 <UOTGHS_Handler+0x408>
			// No callback availabled to request a new payload buffer
			udd_ctrl_stall_data();
   81bb0:	4aad      	ldr	r2, [pc, #692]	; (81e68 <UOTGHS_Handler+0x6ac>)
   81bb2:	4790      	blx	r2
			// Ack reception of OUT to replace NAK by a STALL
			udd_ack_out_received(0);
   81bb4:	f24c 1060 	movw	r0, #49504	; 0xc160
   81bb8:	f2c4 000a 	movt	r0, #16394	; 0x400a
   81bbc:	f04f 0302 	mov.w	r3, #2
   81bc0:	6003      	str	r3, [r0, #0]
   81bc2:	bd70      	pop	{r4, r5, r6, pc}
			return;
		}
		if (!udd_g_ctrlreq.over_under_run()) {
   81bc4:	4798      	blx	r3
   81bc6:	b948      	cbnz	r0, 81bdc <UOTGHS_Handler+0x420>
			// No new payload buffer delivered
			udd_ctrl_stall_data();
   81bc8:	48a7      	ldr	r0, [pc, #668]	; (81e68 <UOTGHS_Handler+0x6ac>)
   81bca:	4780      	blx	r0
			// Ack reception of OUT to replace NAK by a STALL
			udd_ack_out_received(0);
   81bcc:	f24c 1360 	movw	r3, #49504	; 0xc160
   81bd0:	f2c4 030a 	movt	r3, #16394	; 0x400a
   81bd4:	f04f 0102 	mov.w	r1, #2
   81bd8:	6019      	str	r1, [r3, #0]
   81bda:	bd70      	pop	{r4, r5, r6, pc}
			return;
		}
		// New payload buffer available
		// Update number of total data received
		udd_ctrl_prev_payload_buf_cnt += udd_ctrl_payload_buf_cnt;
   81bdc:	4aa3      	ldr	r2, [pc, #652]	; (81e6c <UOTGHS_Handler+0x6b0>)
   81bde:	4ba4      	ldr	r3, [pc, #656]	; (81e70 <UOTGHS_Handler+0x6b4>)
   81be0:	8818      	ldrh	r0, [r3, #0]
   81be2:	8811      	ldrh	r1, [r2, #0]
   81be4:	1840      	adds	r0, r0, r1
   81be6:	8010      	strh	r0, [r2, #0]
		// Reinit reception on payload buffer
		udd_ctrl_payload_buf_cnt = 0;
   81be8:	f04f 0200 	mov.w	r2, #0
   81bec:	801a      	strh	r2, [r3, #0]
	}
	// Free buffer of control endpoint to authorize next reception
	udd_ack_out_received(0);
   81bee:	f24c 1360 	movw	r3, #49504	; 0xc160
   81bf2:	f2c4 030a 	movt	r3, #16394	; 0x400a
   81bf6:	f04f 0102 	mov.w	r1, #2
   81bfa:	6019      	str	r1, [r3, #0]
	// To detect a protocol error, enable nak interrupt on data IN phase
	udd_ack_nak_in(0);
   81bfc:	f04f 0210 	mov.w	r2, #16
   81c00:	601a      	str	r2, [r3, #0]
 */
__attribute__( ( always_inline ) ) __STATIC_INLINE uint32_t __get_PRIMASK(void)
{
  uint32_t result;

  __ASM volatile ("MRS %0, primask" : "=r" (result) );
   81c02:	f3ef 8110 	mrs	r1, PRIMASK
  This function disables IRQ interrupts by setting the I-bit in the CPSR.
  Can only be executed in Privileged modes.
 */
__attribute__( ( always_inline ) ) __STATIC_INLINE void __disable_irq(void)
{
  __ASM volatile ("cpsid i");
   81c06:	b672      	cpsid	i
   81c08:	f3bf 8f5f 	dmb	sy
static volatile bool     cpu_irq_prev_interrupt_state;

static inline irqflags_t cpu_irq_save(void)
{
	irqflags_t flags = cpu_irq_is_enabled();
	cpu_irq_disable();
   81c0c:	4b99      	ldr	r3, [pc, #612]	; (81e74 <UOTGHS_Handler+0x6b8>)
   81c0e:	f04f 0000 	mov.w	r0, #0
   81c12:	7018      	strb	r0, [r3, #0]
	flags = cpu_irq_save();
	udd_enable_nak_in_interrupt(0);
   81c14:	f24c 13f0 	movw	r3, #49648	; 0xc1f0
   81c18:	f2c4 030a 	movt	r3, #16394	; 0x400a
   81c1c:	601a      	str	r2, [r3, #0]
	return (flags);
}

static inline void cpu_irq_restore(irqflags_t flags)
{
	if (cpu_irq_is_enabled_flags(flags))
   81c1e:	2900      	cmp	r1, #0
   81c20:	f040 82b8 	bne.w	82194 <UOTGHS_Handler+0x9d8>
		cpu_irq_enable();
   81c24:	4993      	ldr	r1, [pc, #588]	; (81e74 <UOTGHS_Handler+0x6b8>)
   81c26:	f04f 0201 	mov.w	r2, #1
   81c2a:	700a      	strb	r2, [r1, #0]
   81c2c:	f3bf 8f5f 	dmb	sy
  This function enables IRQ interrupts by clearing the I-bit in the CPSR.
  Can only be executed in Privileged modes.
 */
__attribute__( ( always_inline ) ) __STATIC_INLINE void __enable_irq(void)
{
  __ASM volatile ("cpsie i");
   81c30:	b662      	cpsie	i
   81c32:	bd70      	pop	{r4, r5, r6, pc}
		dbg_print("out ");
		// OUT packet received
		udd_ctrl_out_received();
		return true;
	}
	if (Is_udd_nak_out(0)) {
   81c34:	f24c 1330 	movw	r3, #49456	; 0xc130
   81c38:	f2c4 030a 	movt	r3, #16394	; 0x400a
   81c3c:	6818      	ldr	r0, [r3, #0]
   81c3e:	f010 0f08 	tst.w	r0, #8
   81c42:	d01f      	beq.n	81c84 <UOTGHS_Handler+0x4c8>
		dbg_print("nako ");
		// Overflow on OUT packet
		udd_ack_nak_out(0);
   81c44:	f24c 1060 	movw	r0, #49504	; 0xc160
   81c48:	f2c4 000a 	movt	r0, #16394	; 0x400a
   81c4c:	f04f 0108 	mov.w	r1, #8
   81c50:	6001      	str	r1, [r0, #0]
}


static void udd_ctrl_overflow(void)
{
	if (Is_udd_in_send(0))
   81c52:	f24c 1230 	movw	r2, #49456	; 0xc130
   81c56:	f2c4 020a 	movt	r2, #16394	; 0x400a
   81c5a:	6813      	ldr	r3, [r2, #0]
   81c5c:	f013 0f01 	tst.w	r3, #1
   81c60:	f040 8298 	bne.w	82194 <UOTGHS_Handler+0x9d8>
		return; // Overflow ignored if IN data is received

	// The case of UDD_EPCTRL_DATA_IN is not managed
	// because the OUT endpoint is already free and OUT ZLP accepted

	if (UDD_EPCTRL_HANDSHAKE_WAIT_IN_ZLP == udd_ep_control_state) {
   81c64:	f240 60e0 	movw	r0, #1760	; 0x6e0
   81c68:	f2c2 0007 	movt	r0, #8199	; 0x2007
   81c6c:	7801      	ldrb	r1, [r0, #0]
   81c6e:	2903      	cmp	r1, #3
   81c70:	f040 8290 	bne.w	82194 <UOTGHS_Handler+0x9d8>
		// A IN handshake is waiting by device,
		// but host want extra OUT data then stall extra OUT data
		udd_enable_stall_handshake(0);
   81c74:	f24c 13f0 	movw	r3, #49648	; 0xc1f0
   81c78:	f2c4 030a 	movt	r3, #16394	; 0x400a
   81c7c:	f44f 2200 	mov.w	r2, #524288	; 0x80000
   81c80:	601a      	str	r2, [r3, #0]
   81c82:	bd70      	pop	{r4, r5, r6, pc}
		// Overflow on OUT packet
		udd_ack_nak_out(0);
		udd_ctrl_overflow();
		return true;
	}
	if (Is_udd_nak_in(0)) {
   81c84:	f24c 1130 	movw	r1, #49456	; 0xc130
   81c88:	f2c4 010a 	movt	r1, #16394	; 0x400a
   81c8c:	680a      	ldr	r2, [r1, #0]
   81c8e:	f012 0f10 	tst.w	r2, #16
   81c92:	f000 81ff 	beq.w	82094 <UOTGHS_Handler+0x8d8>
		dbg_print("naki ");
		// Underflow on IN packet
		udd_ack_nak_in(0);
   81c96:	f24c 1360 	movw	r3, #49504	; 0xc160
   81c9a:	f2c4 030a 	movt	r3, #16394	; 0x400a
   81c9e:	f04f 0010 	mov.w	r0, #16
   81ca2:	6018      	str	r0, [r3, #0]
}


static void udd_ctrl_underflow(void)
{
	if (Is_udd_out_received(0))
   81ca4:	f24c 1130 	movw	r1, #49456	; 0xc130
   81ca8:	f2c4 010a 	movt	r1, #16394	; 0x400a
   81cac:	680a      	ldr	r2, [r1, #0]
   81cae:	f012 0f02 	tst.w	r2, #2
   81cb2:	f040 826f 	bne.w	82194 <UOTGHS_Handler+0x9d8>
		return; // Underflow ignored if OUT data is received

	if (UDD_EPCTRL_DATA_OUT == udd_ep_control_state) {
   81cb6:	f240 63e0 	movw	r3, #1760	; 0x6e0
   81cba:	f2c2 0307 	movt	r3, #8199	; 0x2007
   81cbe:	7818      	ldrb	r0, [r3, #0]
   81cc0:	2801      	cmp	r0, #1
   81cc2:	d105      	bne.n	81cd0 <UOTGHS_Handler+0x514>
		// Host want to stop OUT transaction
		// then stop to wait OUT data phase and wait IN ZLP handshake
		udd_ctrl_send_zlp_in();
   81cc4:	f241 2305 	movw	r3, #4613	; 0x1205
   81cc8:	f2c0 0308 	movt	r3, #8
   81ccc:	4798      	blx	r3
   81cce:	bd70      	pop	{r4, r5, r6, pc}
	} else if (UDD_EPCTRL_HANDSHAKE_WAIT_OUT_ZLP == udd_ep_control_state) {
   81cd0:	2804      	cmp	r0, #4
   81cd2:	f040 825f 	bne.w	82194 <UOTGHS_Handler+0x9d8>
		// A OUT handshake is waiting by device,
		// but host want extra IN data then stall extra IN data
		udd_enable_stall_handshake(0);
   81cd6:	f24c 11f0 	movw	r1, #49648	; 0xc1f0
   81cda:	f2c4 010a 	movt	r1, #16394	; 0x400a
   81cde:	f44f 2200 	mov.w	r2, #524288	; 0x80000
   81ce2:	600a      	str	r2, [r1, #0]
   81ce4:	bd70      	pop	{r4, r5, r6, pc}
		ptr_job = &udd_ep_job[ep - 1];

#ifdef UDD_EP_DMA_SUPPORTED
		// Check DMA event
		if (Is_udd_endpoint_dma_interrupt_enabled(ep)
				&& Is_udd_endpoint_dma_interrupt(ep)) {
   81ce6:	f44f 4340 	mov.w	r3, #49152	; 0xc000
   81cea:	f2c4 030a 	movt	r3, #16394	; 0x400a
   81cee:	685a      	ldr	r2, [r3, #4]
   81cf0:	f012 6f00 	tst.w	r2, #134217728	; 0x8000000
   81cf4:	d030      	beq.n	81d58 <UOTGHS_Handler+0x59c>
   81cf6:	f04f 0003 	mov.w	r0, #3
		// Get job corresponding at endpoint
		ptr_job = &udd_ep_job[ep - 1];

#ifdef UDD_EP_DMA_SUPPORTED
		// Check DMA event
		if (Is_udd_endpoint_dma_interrupt_enabled(ep)
   81cfa:	f04f 6400 	mov.w	r4, #134217728	; 0x8000000
	udd_ep_job_t *ptr_job;

	// For each endpoint different of control endpoint (0)
	for (ep = 1; ep <= USB_DEVICE_MAX_EP; ep++) {
		// Get job corresponding at endpoint
		ptr_job = &udd_ep_job[ep - 1];
   81cfe:	4a5e      	ldr	r2, [pc, #376]	; (81e78 <UOTGHS_Handler+0x6bc>)
   81d00:	e00d      	b.n	81d1e <UOTGHS_Handler+0x562>

#ifdef UDD_EP_DMA_SUPPORTED
		// Check DMA event
		if (Is_udd_endpoint_dma_interrupt_enabled(ep)
				&& Is_udd_endpoint_dma_interrupt(ep)) {
   81d02:	f04f 0001 	mov.w	r0, #1
		// Get job corresponding at endpoint
		ptr_job = &udd_ep_job[ep - 1];

#ifdef UDD_EP_DMA_SUPPORTED
		// Check DMA event
		if (Is_udd_endpoint_dma_interrupt_enabled(ep)
   81d06:	f04f 7400 	mov.w	r4, #33554432	; 0x2000000
	udd_ep_job_t *ptr_job;

	// For each endpoint different of control endpoint (0)
	for (ep = 1; ep <= USB_DEVICE_MAX_EP; ep++) {
		// Get job corresponding at endpoint
		ptr_job = &udd_ep_job[ep - 1];
   81d0a:	f240 6294 	movw	r2, #1684	; 0x694
   81d0e:	f2c2 0207 	movt	r2, #8199	; 0x2007
   81d12:	e004      	b.n	81d1e <UOTGHS_Handler+0x562>
{
	udd_ep_id_t ep;
	udd_ep_job_t *ptr_job;

	// For each endpoint different of control endpoint (0)
	for (ep = 1; ep <= USB_DEVICE_MAX_EP; ep++) {
   81d14:	f04f 0002 	mov.w	r0, #2
		// Get job corresponding at endpoint
		ptr_job = &udd_ep_job[ep - 1];

#ifdef UDD_EP_DMA_SUPPORTED
		// Check DMA event
		if (Is_udd_endpoint_dma_interrupt_enabled(ep)
   81d18:	f04f 6480 	mov.w	r4, #67108864	; 0x4000000
	udd_ep_job_t *ptr_job;

	// For each endpoint different of control endpoint (0)
	for (ep = 1; ep <= USB_DEVICE_MAX_EP; ep++) {
		// Get job corresponding at endpoint
		ptr_job = &udd_ep_job[ep - 1];
   81d1c:	4a57      	ldr	r2, [pc, #348]	; (81e7c <UOTGHS_Handler+0x6c0>)
#ifdef UDD_EP_DMA_SUPPORTED
		// Check DMA event
		if (Is_udd_endpoint_dma_interrupt_enabled(ep)
				&& Is_udd_endpoint_dma_interrupt(ep)) {
			uint32_t nb_remaining;
			if (udd_endpoint_dma_get_status(ep)
   81d1e:	f44f 4143 	mov.w	r1, #49920	; 0xc300
   81d22:	f2c4 010a 	movt	r1, #16394	; 0x400a
   81d26:	eb01 1300 	add.w	r3, r1, r0, lsl #4
   81d2a:	68d9      	ldr	r1, [r3, #12]
   81d2c:	f011 0f01 	tst.w	r1, #1
   81d30:	f040 8230 	bne.w	82194 <UOTGHS_Handler+0x9d8>
					& UOTGHS_DEVDMASTATUS_CHANN_ENB) {
				return true; // Ignore EOT_STA interrupt
			}
			dbg_print("dma%x: ", ep);
			udd_disable_endpoint_dma_interrupt(ep);
   81d34:	f44f 4140 	mov.w	r1, #49152	; 0xc000
   81d38:	f2c4 010a 	movt	r1, #16394	; 0x400a
   81d3c:	614c      	str	r4, [r1, #20]
			// Save number of data no transfered
			nb_remaining = (udd_endpoint_dma_get_status(ep) &
   81d3e:	68db      	ldr	r3, [r3, #12]
					UOTGHS_DEVDMASTATUS_BUFF_COUNT_Msk)
					>> UOTGHS_DEVDMASTATUS_BUFF_COUNT_Pos;
			if (nb_remaining) {
   81d40:	0c1b      	lsrs	r3, r3, #16
   81d42:	d003      	beq.n	81d4c <UOTGHS_Handler+0x590>
				// Transfer no complete (short packet or ZLP) then:
				// Update number of data transfered
				ptr_job->buf_cnt -= nb_remaining;
   81d44:	68d1      	ldr	r1, [r2, #12]
   81d46:	1acb      	subs	r3, r1, r3
   81d48:	60d3      	str	r3, [r2, #12]
				// Set transfer complete to stop the transfer
				ptr_job->buf_size = ptr_job->buf_cnt;
   81d4a:	6093      	str	r3, [r2, #8]
			}
			udd_ep_trans_done(ep);
   81d4c:	f241 522d 	movw	r2, #5421	; 0x152d
   81d50:	f2c0 0208 	movt	r2, #8
   81d54:	4790      	blx	r2
   81d56:	bd70      	pop	{r4, r5, r6, pc}
				return true;
			}
		}
#endif // UDD_EP_FIFO_SUPPORTED
		// Check empty bank interrupt event
		if (Is_udd_endpoint_interrupt_enabled(ep)) {
   81d58:	f44f 4040 	mov.w	r0, #49152	; 0xc000
   81d5c:	f2c4 000a 	movt	r0, #16394	; 0x400a
   81d60:	6901      	ldr	r1, [r0, #16]
   81d62:	f411 4f00 	tst.w	r1, #32768	; 0x8000
   81d66:	f000 808d 	beq.w	81e84 <UOTGHS_Handler+0x6c8>
			dbg_print("bg%x: ", ep);
			if (Is_udd_in_send_interrupt_enabled(ep)
   81d6a:	f24c 13cc 	movw	r3, #49612	; 0xc1cc
   81d6e:	f2c4 030a 	movt	r3, #16394	; 0x400a
   81d72:	681a      	ldr	r2, [r3, #0]
   81d74:	f012 0f01 	tst.w	r2, #1
   81d78:	d02f      	beq.n	81dda <UOTGHS_Handler+0x61e>
					&& Is_udd_in_send(ep)) {
   81d7a:	f24c 103c 	movw	r0, #49468	; 0xc13c
   81d7e:	f2c4 000a 	movt	r0, #16394	; 0x400a
   81d82:	6801      	ldr	r1, [r0, #0]
   81d84:	f011 0f01 	tst.w	r1, #1
   81d88:	d027      	beq.n	81dda <UOTGHS_Handler+0x61e>
   81d8a:	f04f 0203 	mov.w	r2, #3
		}
#endif // UDD_EP_FIFO_SUPPORTED
		// Check empty bank interrupt event
		if (Is_udd_endpoint_interrupt_enabled(ep)) {
			dbg_print("bg%x: ", ep);
			if (Is_udd_in_send_interrupt_enabled(ep)
   81d8e:	f04f 030c 	mov.w	r3, #12
	udd_ep_job_t *ptr_job;

	// For each endpoint different of control endpoint (0)
	for (ep = 1; ep <= USB_DEVICE_MAX_EP; ep++) {
		// Get job corresponding at endpoint
		ptr_job = &udd_ep_job[ep - 1];
   81d92:	4839      	ldr	r0, [pc, #228]	; (81e78 <UOTGHS_Handler+0x6bc>)
   81d94:	e00a      	b.n	81dac <UOTGHS_Handler+0x5f0>
#endif // UDD_EP_FIFO_SUPPORTED
		// Check empty bank interrupt event
		if (Is_udd_endpoint_interrupt_enabled(ep)) {
			dbg_print("bg%x: ", ep);
			if (Is_udd_in_send_interrupt_enabled(ep)
					&& Is_udd_in_send(ep)) {
   81d96:	f04f 0201 	mov.w	r2, #1
		}
#endif // UDD_EP_FIFO_SUPPORTED
		// Check empty bank interrupt event
		if (Is_udd_endpoint_interrupt_enabled(ep)) {
			dbg_print("bg%x: ", ep);
			if (Is_udd_in_send_interrupt_enabled(ep)
   81d9a:	f04f 0304 	mov.w	r3, #4
	udd_ep_job_t *ptr_job;

	// For each endpoint different of control endpoint (0)
	for (ep = 1; ep <= USB_DEVICE_MAX_EP; ep++) {
		// Get job corresponding at endpoint
		ptr_job = &udd_ep_job[ep - 1];
   81d9e:	4838      	ldr	r0, [pc, #224]	; (81e80 <UOTGHS_Handler+0x6c4>)
   81da0:	e004      	b.n	81dac <UOTGHS_Handler+0x5f0>
{
	udd_ep_id_t ep;
	udd_ep_job_t *ptr_job;

	// For each endpoint different of control endpoint (0)
	for (ep = 1; ep <= USB_DEVICE_MAX_EP; ep++) {
   81da2:	f04f 0202 	mov.w	r2, #2
		}
#endif // UDD_EP_FIFO_SUPPORTED
		// Check empty bank interrupt event
		if (Is_udd_endpoint_interrupt_enabled(ep)) {
			dbg_print("bg%x: ", ep);
			if (Is_udd_in_send_interrupt_enabled(ep)
   81da6:	f04f 0308 	mov.w	r3, #8
	udd_ep_job_t *ptr_job;

	// For each endpoint different of control endpoint (0)
	for (ep = 1; ep <= USB_DEVICE_MAX_EP; ep++) {
		// Get job corresponding at endpoint
		ptr_job = &udd_ep_job[ep - 1];
   81daa:	4834      	ldr	r0, [pc, #208]	; (81e7c <UOTGHS_Handler+0x6c0>)
		if (Is_udd_endpoint_interrupt_enabled(ep)) {
			dbg_print("bg%x: ", ep);
			if (Is_udd_in_send_interrupt_enabled(ep)
					&& Is_udd_in_send(ep)) {
				dbg_print("I ");
				udd_disable_in_send_interrupt(ep);
   81dac:	f24c 2120 	movw	r1, #49696	; 0xc220
   81db0:	f2c4 010a 	movt	r1, #16394	; 0x400a
   81db4:	f04f 0501 	mov.w	r5, #1
   81db8:	505d      	str	r5, [r3, r1]
				// One bank is free then send a ZLP
				udd_ack_in_send(ep);
   81dba:	f24c 1460 	movw	r4, #49504	; 0xc160
   81dbe:	f2c4 040a 	movt	r4, #16394	; 0x400a
   81dc2:	511d      	str	r5, [r3, r4]
				udd_ack_fifocon(ep);
   81dc4:	f44f 4480 	mov.w	r4, #16384	; 0x4000
   81dc8:	505c      	str	r4, [r3, r1]
				udd_ep_finish_job(ptr_job, false, ep);
   81dca:	f04f 0100 	mov.w	r1, #0
   81dce:	f241 43c9 	movw	r3, #5321	; 0x14c9
   81dd2:	f2c0 0308 	movt	r3, #8
   81dd6:	4798      	blx	r3
   81dd8:	bd70      	pop	{r4, r5, r6, pc}
				return true;
			}
			if (Is_udd_bank_interrupt_enabled(ep)
   81dda:	f24c 13cc 	movw	r3, #49612	; 0xc1cc
   81dde:	f2c4 030a 	movt	r3, #16394	; 0x400a
   81de2:	681a      	ldr	r2, [r3, #0]
   81de4:	f412 5f80 	tst.w	r2, #4096	; 0x1000
   81de8:	d04c      	beq.n	81e84 <UOTGHS_Handler+0x6c8>
					&& (0 == udd_nb_busy_bank(ep))) {
   81dea:	f24c 103c 	movw	r0, #49468	; 0xc13c
   81dee:	f2c4 000a 	movt	r0, #16394	; 0x400a
   81df2:	6801      	ldr	r1, [r0, #0]
   81df4:	f411 5f40 	tst.w	r1, #12288	; 0x3000
   81df8:	d144      	bne.n	81e84 <UOTGHS_Handler+0x6c8>
		}
#endif // UDD_EP_FIFO_SUPPORTED
		// Check empty bank interrupt event
		if (Is_udd_endpoint_interrupt_enabled(ep)) {
			dbg_print("bg%x: ", ep);
			if (Is_udd_in_send_interrupt_enabled(ep)
   81dfa:	f04f 030c 	mov.w	r3, #12
				return true;
			}
		}
#endif // UDD_EP_FIFO_SUPPORTED
		// Check empty bank interrupt event
		if (Is_udd_endpoint_interrupt_enabled(ep)) {
   81dfe:	f44f 4100 	mov.w	r1, #32768	; 0x8000
	udd_ep_job_t *ptr_job;

	// For each endpoint different of control endpoint (0)
	for (ep = 1; ep <= USB_DEVICE_MAX_EP; ep++) {
		// Get job corresponding at endpoint
		ptr_job = &udd_ep_job[ep - 1];
   81e02:	4a1d      	ldr	r2, [pc, #116]	; (81e78 <UOTGHS_Handler+0x6bc>)
   81e04:	e00a      	b.n	81e1c <UOTGHS_Handler+0x660>
		}
#endif // UDD_EP_FIFO_SUPPORTED
		// Check empty bank interrupt event
		if (Is_udd_endpoint_interrupt_enabled(ep)) {
			dbg_print("bg%x: ", ep);
			if (Is_udd_in_send_interrupt_enabled(ep)
   81e06:	f04f 0304 	mov.w	r3, #4
				return true;
			}
		}
#endif // UDD_EP_FIFO_SUPPORTED
		// Check empty bank interrupt event
		if (Is_udd_endpoint_interrupt_enabled(ep)) {
   81e0a:	f44f 5100 	mov.w	r1, #8192	; 0x2000
	udd_ep_job_t *ptr_job;

	// For each endpoint different of control endpoint (0)
	for (ep = 1; ep <= USB_DEVICE_MAX_EP; ep++) {
		// Get job corresponding at endpoint
		ptr_job = &udd_ep_job[ep - 1];
   81e0e:	4a1c      	ldr	r2, [pc, #112]	; (81e80 <UOTGHS_Handler+0x6c4>)
   81e10:	e004      	b.n	81e1c <UOTGHS_Handler+0x660>
		}
#endif // UDD_EP_FIFO_SUPPORTED
		// Check empty bank interrupt event
		if (Is_udd_endpoint_interrupt_enabled(ep)) {
			dbg_print("bg%x: ", ep);
			if (Is_udd_in_send_interrupt_enabled(ep)
   81e12:	f04f 0308 	mov.w	r3, #8
				return true;
			}
		}
#endif // UDD_EP_FIFO_SUPPORTED
		// Check empty bank interrupt event
		if (Is_udd_endpoint_interrupt_enabled(ep)) {
   81e16:	f44f 4180 	mov.w	r1, #16384	; 0x4000
	udd_ep_job_t *ptr_job;

	// For each endpoint different of control endpoint (0)
	for (ep = 1; ep <= USB_DEVICE_MAX_EP; ep++) {
		// Get job corresponding at endpoint
		ptr_job = &udd_ep_job[ep - 1];
   81e1a:	4a18      	ldr	r2, [pc, #96]	; (81e7c <UOTGHS_Handler+0x6c0>)
			}
			if (Is_udd_bank_interrupt_enabled(ep)
					&& (0 == udd_nb_busy_bank(ep))) {
				dbg_print("EoT ");
				// End of background transfer on IN endpoint
				udd_disable_bank_interrupt(ep);
   81e1c:	f24c 2020 	movw	r0, #49696	; 0xc220
   81e20:	f2c4 000a 	movt	r0, #16394	; 0x400a
   81e24:	f44f 5480 	mov.w	r4, #4096	; 0x1000
   81e28:	501c      	str	r4, [r3, r0]
				udd_disable_endpoint_interrupt(ep);
   81e2a:	f44f 4040 	mov.w	r0, #49152	; 0xc000
   81e2e:	f2c4 000a 	movt	r0, #16394	; 0x400a
   81e32:	6141      	str	r1, [r0, #20]

				Assert(ptr_job->stall_requested);
				// A stall has been requested during backgound transfer
				ptr_job->stall_requested = false;
   81e34:	7d11      	ldrb	r1, [r2, #20]
   81e36:	f36f 0182 	bfc	r1, #2, #1
   81e3a:	7511      	strb	r1, [r2, #20]
				udd_disable_endpoint_bank_autoswitch(ep);
   81e3c:	f44f 4241 	mov.w	r2, #49408	; 0xc100
   81e40:	f2c4 020a 	movt	r2, #16394	; 0x400a
   81e44:	5898      	ldr	r0, [r3, r2]
   81e46:	f420 7100 	bic.w	r1, r0, #512	; 0x200
   81e4a:	5099      	str	r1, [r3, r2]
				udd_enable_stall_handshake(ep);
   81e4c:	f24c 12f0 	movw	r2, #49648	; 0xc1f0
   81e50:	f2c4 020a 	movt	r2, #16394	; 0x400a
   81e54:	f44f 2000 	mov.w	r0, #524288	; 0x80000
   81e58:	5098      	str	r0, [r3, r2]
				udd_reset_data_toggle(ep);
   81e5a:	f44f 2180 	mov.w	r1, #262144	; 0x40000
   81e5e:	5099      	str	r1, [r3, r2]
   81e60:	bd70      	pop	{r4, r5, r6, pc}
   81e62:	bf00      	nop
   81e64:	20070760 	.word	0x20070760
   81e68:	000811e5 	.word	0x000811e5
   81e6c:	200706dc 	.word	0x200706dc
   81e70:	200706e2 	.word	0x200706e2
   81e74:	200700e4 	.word	0x200700e4
   81e78:	200706c4 	.word	0x200706c4
   81e7c:	200706ac 	.word	0x200706ac
   81e80:	20070694 	.word	0x20070694
		goto udd_interrupt_end; // Interrupt acked by bulk/interrupt/isochronous endpoint managed
	}
#endif

	// USB bus reset detection
	if (Is_udd_reset()) {
   81e84:	f44f 4340 	mov.w	r3, #49152	; 0xc000
   81e88:	f2c4 030a 	movt	r3, #16394	; 0x400a
   81e8c:	685a      	ldr	r2, [r3, #4]
   81e8e:	f012 0f08 	tst.w	r2, #8
   81e92:	d06c      	beq.n	81f6e <UOTGHS_Handler+0x7b2>
		udd_ack_reset();
   81e94:	f44f 4440 	mov.w	r4, #49152	; 0xc000
   81e98:	f2c4 040a 	movt	r4, #16394	; 0x400a
   81e9c:	f04f 0508 	mov.w	r5, #8
   81ea0:	60a5      	str	r5, [r4, #8]
{
	uint8_t i;

	// For each endpoint, kill job
	for (i = 0; i < USB_DEVICE_MAX_EP; i++) {
		udd_ep_finish_job(&udd_ep_job[i], true, i + 1);
   81ea2:	f240 6694 	movw	r6, #1684	; 0x694
   81ea6:	f2c2 0607 	movt	r6, #8199	; 0x2007
   81eaa:	4630      	mov	r0, r6
   81eac:	f04f 0101 	mov.w	r1, #1
   81eb0:	460a      	mov	r2, r1
   81eb2:	f241 45c9 	movw	r5, #5321	; 0x14c9
   81eb6:	f2c0 0508 	movt	r5, #8
   81eba:	47a8      	blx	r5
   81ebc:	f106 0018 	add.w	r0, r6, #24
   81ec0:	f04f 0101 	mov.w	r1, #1
   81ec4:	f04f 0202 	mov.w	r2, #2
   81ec8:	47a8      	blx	r5
   81eca:	f106 0030 	add.w	r0, r6, #48	; 0x30
   81ece:	f04f 0101 	mov.w	r1, #1
   81ed2:	f04f 0203 	mov.w	r2, #3
   81ed6:	47a8      	blx	r5
		// Abort all jobs on-going
#if (USB_DEVICE_MAX_EP != 0)
		udd_ep_job_table_kill();
#endif
		// Reset USB Device Stack Core
		udc_reset();
   81ed8:	f640 12dd 	movw	r2, #2525	; 0x9dd
   81edc:	f2c0 0208 	movt	r2, #8
   81ee0:	4790      	blx	r2
static void udd_reset_ep_ctrl(void)
{
	irqflags_t flags;

	// Reset USB address to 0
	udd_configure_address(0);
   81ee2:	6820      	ldr	r0, [r4, #0]
   81ee4:	f020 037f 	bic.w	r3, r0, #127	; 0x7f
   81ee8:	6023      	str	r3, [r4, #0]
	udd_enable_address();
   81eea:	6821      	ldr	r1, [r4, #0]
   81eec:	f041 0280 	orr.w	r2, r1, #128	; 0x80
   81ef0:	6022      	str	r2, [r4, #0]

	// Alloc and configure control endpoint
	udd_configure_endpoint(0,
   81ef2:	f44f 4041 	mov.w	r0, #49408	; 0xc100
   81ef6:	f2c4 000a 	movt	r0, #16394	; 0x400a
   81efa:	6803      	ldr	r3, [r0, #0]
   81efc:	f423 51cb 	bic.w	r1, r3, #6496	; 0x1960
   81f00:	f021 021c 	bic.w	r2, r1, #28
   81f04:	f042 0330 	orr.w	r3, r2, #48	; 0x30
   81f08:	6003      	str	r3, [r0, #0]
		USB_EP_TYPE_CONTROL,
		0,
		USB_DEVICE_EP_CTRL_SIZE,
		UOTGHS_DEVEPTCFG_EPBK_1_BANK);

	udd_allocate_memory(0);
   81f0a:	6801      	ldr	r1, [r0, #0]
   81f0c:	f041 0202 	orr.w	r2, r1, #2
   81f10:	6002      	str	r2, [r0, #0]
	udd_enable_endpoint(0);
   81f12:	69e0      	ldr	r0, [r4, #28]
   81f14:	f040 0301 	orr.w	r3, r0, #1
   81f18:	61e3      	str	r3, [r4, #28]
 */
__attribute__( ( always_inline ) ) __STATIC_INLINE uint32_t __get_PRIMASK(void)
{
  uint32_t result;

  __ASM volatile ("MRS %0, primask" : "=r" (result) );
   81f1a:	f3ef 8210 	mrs	r2, PRIMASK
  This function disables IRQ interrupts by setting the I-bit in the CPSR.
  Can only be executed in Privileged modes.
 */
__attribute__( ( always_inline ) ) __STATIC_INLINE void __disable_irq(void)
{
  __ASM volatile ("cpsid i");
   81f1e:	b672      	cpsid	i
   81f20:	f3bf 8f5f 	dmb	sy
static volatile bool     cpu_irq_prev_interrupt_state;

static inline irqflags_t cpu_irq_save(void)
{
	irqflags_t flags = cpu_irq_is_enabled();
	cpu_irq_disable();
   81f24:	f240 00e4 	movw	r0, #228	; 0xe4
   81f28:	f2c2 0007 	movt	r0, #8199	; 0x2007
   81f2c:	f04f 0100 	mov.w	r1, #0
   81f30:	7001      	strb	r1, [r0, #0]
	flags = cpu_irq_save();
	udd_enable_setup_received_interrupt(0);
   81f32:	f24c 13f0 	movw	r3, #49648	; 0xc1f0
   81f36:	f2c4 030a 	movt	r3, #16394	; 0x400a
   81f3a:	f04f 0004 	mov.w	r0, #4
   81f3e:	6018      	str	r0, [r3, #0]
	udd_enable_out_received_interrupt(0);
   81f40:	f04f 0102 	mov.w	r1, #2
   81f44:	6019      	str	r1, [r3, #0]
	udd_enable_endpoint_interrupt(0);
   81f46:	f44f 5380 	mov.w	r3, #4096	; 0x1000
   81f4a:	61a3      	str	r3, [r4, #24]
	return (flags);
}

static inline void cpu_irq_restore(irqflags_t flags)
{
	if (cpu_irq_is_enabled_flags(flags))
   81f4c:	b94a      	cbnz	r2, 81f62 <UOTGHS_Handler+0x7a6>
		cpu_irq_enable();
   81f4e:	f240 00e4 	movw	r0, #228	; 0xe4
   81f52:	f2c2 0007 	movt	r0, #8199	; 0x2007
   81f56:	f04f 0201 	mov.w	r2, #1
   81f5a:	7002      	strb	r2, [r0, #0]
   81f5c:	f3bf 8f5f 	dmb	sy
  This function enables IRQ interrupts by clearing the I-bit in the CPSR.
  Can only be executed in Privileged modes.
 */
__attribute__( ( always_inline ) ) __STATIC_INLINE void __enable_irq(void)
{
  __ASM volatile ("cpsie i");
   81f60:	b662      	cpsie	i
		// Reset USB Device Stack Core
		udc_reset();
		// Reset endpoint control
		udd_reset_ep_ctrl();
		// Reset endpoint control management
		udd_ctrl_init();
   81f62:	f241 1181 	movw	r1, #4481	; 0x1181
   81f66:	f2c0 0108 	movt	r1, #8
   81f6a:	4788      	blx	r1
		goto udd_interrupt_end;
   81f6c:	bd70      	pop	{r4, r5, r6, pc}
	}

	if (Is_udd_suspend_interrupt_enabled() && Is_udd_suspend()) {
   81f6e:	f44f 4040 	mov.w	r0, #49152	; 0xc000
   81f72:	f2c4 000a 	movt	r0, #16394	; 0x400a
   81f76:	6901      	ldr	r1, [r0, #16]
   81f78:	f011 0f01 	tst.w	r1, #1
   81f7c:	d025      	beq.n	81fca <UOTGHS_Handler+0x80e>
   81f7e:	f44f 4340 	mov.w	r3, #49152	; 0xc000
   81f82:	f2c4 030a 	movt	r3, #16394	; 0x400a
   81f86:	685a      	ldr	r2, [r3, #4]
   81f88:	f012 0f01 	tst.w	r2, #1
   81f8c:	d01d      	beq.n	81fca <UOTGHS_Handler+0x80e>
		otg_unfreeze_clock();
   81f8e:	f44f 4140 	mov.w	r1, #49152	; 0xc000
   81f92:	f2c4 010a 	movt	r1, #16394	; 0x400a
   81f96:	f8d1 2800 	ldr.w	r2, [r1, #2048]	; 0x800
   81f9a:	f422 4080 	bic.w	r0, r2, #16384	; 0x4000
   81f9e:	f8c1 0800 	str.w	r0, [r1, #2048]	; 0x800
		// The suspend interrupt is automatic acked when a wakeup occur
		udd_disable_suspend_interrupt();
   81fa2:	f04f 0301 	mov.w	r3, #1
   81fa6:	614b      	str	r3, [r1, #20]
		udd_enable_wake_up_interrupt();
   81fa8:	f04f 0210 	mov.w	r2, #16
   81fac:	618a      	str	r2, [r1, #24]
		otg_freeze_clock(); // Mandatory to exit of sleep mode after a wakeup event
   81fae:	f8d1 0800 	ldr.w	r0, [r1, #2048]	; 0x800
   81fb2:	f440 4380 	orr.w	r3, r0, #16384	; 0x4000
   81fb6:	f8c1 3800 	str.w	r3, [r1, #2048]	; 0x800
		udd_sleep_mode(false);  // Enter in SUSPEND mode
   81fba:	f04f 0000 	mov.w	r0, #0
   81fbe:	f241 01d5 	movw	r1, #4309	; 0x10d5
   81fc2:	f2c0 0108 	movt	r1, #8
   81fc6:	4788      	blx	r1
#ifdef UDC_SUSPEND_EVENT
		UDC_SUSPEND_EVENT();
#endif
		goto udd_interrupt_end;
   81fc8:	bd70      	pop	{r4, r5, r6, pc}
	}

	if (Is_udd_wake_up_interrupt_enabled() && Is_udd_wake_up()) {
   81fca:	f44f 4040 	mov.w	r0, #49152	; 0xc000
   81fce:	f2c4 000a 	movt	r0, #16394	; 0x400a
   81fd2:	6901      	ldr	r1, [r0, #16]
   81fd4:	f011 0f10 	tst.w	r1, #16
   81fd8:	d02f      	beq.n	8203a <UOTGHS_Handler+0x87e>
   81fda:	f44f 4340 	mov.w	r3, #49152	; 0xc000
   81fde:	f2c4 030a 	movt	r3, #16394	; 0x400a
   81fe2:	685a      	ldr	r2, [r3, #4]
   81fe4:	f012 0f10 	tst.w	r2, #16
   81fe8:	d027      	beq.n	8203a <UOTGHS_Handler+0x87e>
		// Ack wakeup interrupt and enable suspend interrupt
		otg_unfreeze_clock();
   81fea:	f44f 4140 	mov.w	r1, #49152	; 0xc000
   81fee:	f2c4 010a 	movt	r1, #16394	; 0x400a
   81ff2:	f8d1 2800 	ldr.w	r2, [r1, #2048]	; 0x800
   81ff6:	f422 4080 	bic.w	r0, r2, #16384	; 0x4000
   81ffa:	f8c1 0800 	str.w	r0, [r1, #2048]	; 0x800
		// Check USB clock ready after suspend and eventually sleep USB clock
		while (!Is_otg_clock_usable()) {
   81ffe:	f44f 4340 	mov.w	r3, #49152	; 0xc000
   82002:	f2c4 030a 	movt	r3, #16394	; 0x400a
   82006:	e003      	b.n	82010 <UOTGHS_Handler+0x854>
			if (Is_udd_suspend()) {
   82008:	685a      	ldr	r2, [r3, #4]
   8200a:	f012 0f01 	tst.w	r2, #1
   8200e:	d104      	bne.n	8201a <UOTGHS_Handler+0x85e>

	if (Is_udd_wake_up_interrupt_enabled() && Is_udd_wake_up()) {
		// Ack wakeup interrupt and enable suspend interrupt
		otg_unfreeze_clock();
		// Check USB clock ready after suspend and eventually sleep USB clock
		while (!Is_otg_clock_usable()) {
   82010:	f8d3 1804 	ldr.w	r1, [r3, #2052]	; 0x804
   82014:	f411 4f80 	tst.w	r1, #16384	; 0x4000
   82018:	d0f6      	beq.n	82008 <UOTGHS_Handler+0x84c>
			if (Is_udd_suspend()) {
				break; // In case of USB state change in HS
			}
		};
		// The wakeup interrupt is automatic acked when a suspend occur
		udd_disable_wake_up_interrupt();
   8201a:	f44f 4140 	mov.w	r1, #49152	; 0xc000
   8201e:	f2c4 010a 	movt	r1, #16394	; 0x400a
   82022:	f04f 0010 	mov.w	r0, #16
   82026:	6148      	str	r0, [r1, #20]
		udd_enable_suspend_interrupt();
   82028:	f04f 0001 	mov.w	r0, #1
   8202c:	6188      	str	r0, [r1, #24]
		udd_sleep_mode(true); // Enter in IDLE mode
   8202e:	f241 03d5 	movw	r3, #4309	; 0x10d5
   82032:	f2c0 0308 	movt	r3, #8
   82036:	4798      	blx	r3
#ifdef UDC_RESUME_EVENT
		UDC_RESUME_EVENT();
#endif
		goto udd_interrupt_end;
   82038:	bd70      	pop	{r4, r5, r6, pc}
	}

	if (Is_otg_vbus_transition()) {
   8203a:	f44f 4040 	mov.w	r0, #49152	; 0xc000
   8203e:	f2c4 000a 	movt	r0, #16394	; 0x400a
   82042:	f8d0 1804 	ldr.w	r1, [r0, #2052]	; 0x804
   82046:	f011 0f02 	tst.w	r1, #2
   8204a:	f000 80a3 	beq.w	82194 <UOTGHS_Handler+0x9d8>
		dbg_print("VBus ");
		// Ack Vbus transition and send status to high level
		otg_unfreeze_clock();
   8204e:	f44f 4340 	mov.w	r3, #49152	; 0xc000
   82052:	f2c4 030a 	movt	r3, #16394	; 0x400a
   82056:	f8d3 2800 	ldr.w	r2, [r3, #2048]	; 0x800
   8205a:	f422 4080 	bic.w	r0, r2, #16384	; 0x4000
   8205e:	f8c3 0800 	str.w	r0, [r3, #2048]	; 0x800
		otg_ack_vbus_transition();
   82062:	f04f 0102 	mov.w	r1, #2
   82066:	f8c3 1808 	str.w	r1, [r3, #2056]	; 0x808
		otg_freeze_clock();
   8206a:	f8d3 2800 	ldr.w	r2, [r3, #2048]	; 0x800
   8206e:	f442 4080 	orr.w	r0, r2, #16384	; 0x4000
   82072:	f8c3 0800 	str.w	r0, [r3, #2048]	; 0x800
#ifndef USB_DEVICE_ATTACH_AUTO_DISABLE
		if (Is_otg_vbus_high()) {
   82076:	f8d3 3804 	ldr.w	r3, [r3, #2052]	; 0x804
   8207a:	f413 6f00 	tst.w	r3, #2048	; 0x800
			udd_attach();
   8207e:	bf19      	ittee	ne
   82080:	f241 63dd 	movwne	r3, #5853	; 0x16dd
   82084:	f2c0 0308 	movtne	r3, #8
		} else {
			udd_detach();
   82088:	f241 7381 	movweq	r3, #6017	; 0x1781
   8208c:	f2c0 0308 	movteq	r3, #8
   82090:	4798      	blx	r3
   82092:	bd70      	pop	{r4, r5, r6, pc}
		// Get job corresponding at endpoint
		ptr_job = &udd_ep_job[ep - 1];

#ifdef UDD_EP_DMA_SUPPORTED
		// Check DMA event
		if (Is_udd_endpoint_dma_interrupt_enabled(ep)
   82094:	f44f 4040 	mov.w	r0, #49152	; 0xc000
   82098:	f2c4 000a 	movt	r0, #16394	; 0x400a
   8209c:	6901      	ldr	r1, [r0, #16]
   8209e:	f011 7f00 	tst.w	r1, #33554432	; 0x2000000
   820a2:	d008      	beq.n	820b6 <UOTGHS_Handler+0x8fa>
				&& Is_udd_endpoint_dma_interrupt(ep)) {
   820a4:	f44f 4340 	mov.w	r3, #49152	; 0xc000
   820a8:	f2c4 030a 	movt	r3, #16394	; 0x400a
   820ac:	685a      	ldr	r2, [r3, #4]
   820ae:	f012 7f00 	tst.w	r2, #33554432	; 0x2000000
   820b2:	f47f ae26 	bne.w	81d02 <UOTGHS_Handler+0x546>
				return true;
			}
		}
#endif // UDD_EP_FIFO_SUPPORTED
		// Check empty bank interrupt event
		if (Is_udd_endpoint_interrupt_enabled(ep)) {
   820b6:	f44f 4040 	mov.w	r0, #49152	; 0xc000
   820ba:	f2c4 000a 	movt	r0, #16394	; 0x400a
   820be:	6901      	ldr	r1, [r0, #16]
   820c0:	f411 5f00 	tst.w	r1, #8192	; 0x2000
   820c4:	d021      	beq.n	8210a <UOTGHS_Handler+0x94e>
			dbg_print("bg%x: ", ep);
			if (Is_udd_in_send_interrupt_enabled(ep)
   820c6:	f24c 13c4 	movw	r3, #49604	; 0xc1c4
   820ca:	f2c4 030a 	movt	r3, #16394	; 0x400a
   820ce:	681a      	ldr	r2, [r3, #0]
   820d0:	f012 0f01 	tst.w	r2, #1
   820d4:	d110      	bne.n	820f8 <UOTGHS_Handler+0x93c>
				udd_ack_in_send(ep);
				udd_ack_fifocon(ep);
				udd_ep_finish_job(ptr_job, false, ep);
				return true;
			}
			if (Is_udd_bank_interrupt_enabled(ep)
   820d6:	f24c 13c4 	movw	r3, #49604	; 0xc1c4
   820da:	f2c4 030a 	movt	r3, #16394	; 0x400a
   820de:	681a      	ldr	r2, [r3, #0]
   820e0:	f412 5f80 	tst.w	r2, #4096	; 0x1000
   820e4:	d011      	beq.n	8210a <UOTGHS_Handler+0x94e>
					&& (0 == udd_nb_busy_bank(ep))) {
   820e6:	f24c 1034 	movw	r0, #49460	; 0xc134
   820ea:	f2c4 000a 	movt	r0, #16394	; 0x400a
   820ee:	6801      	ldr	r1, [r0, #0]
   820f0:	f411 5f40 	tst.w	r1, #12288	; 0x3000
   820f4:	d109      	bne.n	8210a <UOTGHS_Handler+0x94e>
   820f6:	e686      	b.n	81e06 <UOTGHS_Handler+0x64a>
#endif // UDD_EP_FIFO_SUPPORTED
		// Check empty bank interrupt event
		if (Is_udd_endpoint_interrupt_enabled(ep)) {
			dbg_print("bg%x: ", ep);
			if (Is_udd_in_send_interrupt_enabled(ep)
					&& Is_udd_in_send(ep)) {
   820f8:	f24c 1034 	movw	r0, #49460	; 0xc134
   820fc:	f2c4 000a 	movt	r0, #16394	; 0x400a
   82100:	6801      	ldr	r1, [r0, #0]
   82102:	f011 0f01 	tst.w	r1, #1
   82106:	d0e6      	beq.n	820d6 <UOTGHS_Handler+0x91a>
   82108:	e645      	b.n	81d96 <UOTGHS_Handler+0x5da>
		// Get job corresponding at endpoint
		ptr_job = &udd_ep_job[ep - 1];

#ifdef UDD_EP_DMA_SUPPORTED
		// Check DMA event
		if (Is_udd_endpoint_dma_interrupt_enabled(ep)
   8210a:	f44f 4340 	mov.w	r3, #49152	; 0xc000
   8210e:	f2c4 030a 	movt	r3, #16394	; 0x400a
   82112:	691a      	ldr	r2, [r3, #16]
   82114:	f012 6f80 	tst.w	r2, #67108864	; 0x4000000
   82118:	d008      	beq.n	8212c <UOTGHS_Handler+0x970>
				&& Is_udd_endpoint_dma_interrupt(ep)) {
   8211a:	f44f 4040 	mov.w	r0, #49152	; 0xc000
   8211e:	f2c4 000a 	movt	r0, #16394	; 0x400a
   82122:	6841      	ldr	r1, [r0, #4]
   82124:	f011 6f80 	tst.w	r1, #67108864	; 0x4000000
   82128:	f47f adf4 	bne.w	81d14 <UOTGHS_Handler+0x558>
				return true;
			}
		}
#endif // UDD_EP_FIFO_SUPPORTED
		// Check empty bank interrupt event
		if (Is_udd_endpoint_interrupt_enabled(ep)) {
   8212c:	f44f 4340 	mov.w	r3, #49152	; 0xc000
   82130:	f2c4 030a 	movt	r3, #16394	; 0x400a
   82134:	691a      	ldr	r2, [r3, #16]
   82136:	f412 4f80 	tst.w	r2, #16384	; 0x4000
   8213a:	d021      	beq.n	82180 <UOTGHS_Handler+0x9c4>
			dbg_print("bg%x: ", ep);
			if (Is_udd_in_send_interrupt_enabled(ep)
   8213c:	f24c 10c8 	movw	r0, #49608	; 0xc1c8
   82140:	f2c4 000a 	movt	r0, #16394	; 0x400a
   82144:	6801      	ldr	r1, [r0, #0]
   82146:	f011 0f01 	tst.w	r1, #1
   8214a:	d110      	bne.n	8216e <UOTGHS_Handler+0x9b2>
				udd_ack_in_send(ep);
				udd_ack_fifocon(ep);
				udd_ep_finish_job(ptr_job, false, ep);
				return true;
			}
			if (Is_udd_bank_interrupt_enabled(ep)
   8214c:	f24c 10c8 	movw	r0, #49608	; 0xc1c8
   82150:	f2c4 000a 	movt	r0, #16394	; 0x400a
   82154:	6801      	ldr	r1, [r0, #0]
   82156:	f411 5f80 	tst.w	r1, #4096	; 0x1000
   8215a:	d011      	beq.n	82180 <UOTGHS_Handler+0x9c4>
					&& (0 == udd_nb_busy_bank(ep))) {
   8215c:	f24c 1338 	movw	r3, #49464	; 0xc138
   82160:	f2c4 030a 	movt	r3, #16394	; 0x400a
   82164:	681a      	ldr	r2, [r3, #0]
   82166:	f412 5f40 	tst.w	r2, #12288	; 0x3000
   8216a:	d109      	bne.n	82180 <UOTGHS_Handler+0x9c4>
   8216c:	e651      	b.n	81e12 <UOTGHS_Handler+0x656>
#endif // UDD_EP_FIFO_SUPPORTED
		// Check empty bank interrupt event
		if (Is_udd_endpoint_interrupt_enabled(ep)) {
			dbg_print("bg%x: ", ep);
			if (Is_udd_in_send_interrupt_enabled(ep)
					&& Is_udd_in_send(ep)) {
   8216e:	f24c 1338 	movw	r3, #49464	; 0xc138
   82172:	f2c4 030a 	movt	r3, #16394	; 0x400a
   82176:	681a      	ldr	r2, [r3, #0]
   82178:	f012 0f01 	tst.w	r2, #1
   8217c:	d0e6      	beq.n	8214c <UOTGHS_Handler+0x990>
   8217e:	e610      	b.n	81da2 <UOTGHS_Handler+0x5e6>
		// Get job corresponding at endpoint
		ptr_job = &udd_ep_job[ep - 1];

#ifdef UDD_EP_DMA_SUPPORTED
		// Check DMA event
		if (Is_udd_endpoint_dma_interrupt_enabled(ep)
   82180:	f44f 4040 	mov.w	r0, #49152	; 0xc000
   82184:	f2c4 000a 	movt	r0, #16394	; 0x400a
   82188:	6901      	ldr	r1, [r0, #16]
   8218a:	f011 6f00 	tst.w	r1, #134217728	; 0x8000000
   8218e:	f47f adaa 	bne.w	81ce6 <UOTGHS_Handler+0x52a>
   82192:	e5e1      	b.n	81d58 <UOTGHS_Handler+0x59c>
   82194:	bd70      	pop	{r4, r5, r6, pc}
   82196:	b249      	sxtb	r1, r1
   82198:	2900      	cmp	r1, #0
   8219a:	f43f acba 	beq.w	81b12 <UOTGHS_Handler+0x356>
		nb_data = udd_g_ctrlreq.payload_size - udd_ctrl_payload_buf_cnt;
	}
	uint8_t *ptr_src = (uint8_t *) & udd_get_endpoint_fifo_access(0, 8);
	uint8_t *ptr_dest = udd_g_ctrlreq.payload + udd_ctrl_payload_buf_cnt;
	for (i = 0; i < nb_data; i++) {
		*ptr_dest++ = *ptr_src++;
   8219e:	f813 0b01 	ldrb.w	r0, [r3], #1
   821a2:	f802 0b01 	strb.w	r0, [r2], #1
		// Payload buffer too small
		nb_data = udd_g_ctrlreq.payload_size - udd_ctrl_payload_buf_cnt;
	}
	uint8_t *ptr_src = (uint8_t *) & udd_get_endpoint_fifo_access(0, 8);
	uint8_t *ptr_dest = udd_g_ctrlreq.payload + udd_ctrl_payload_buf_cnt;
	for (i = 0; i < nb_data; i++) {
   821a6:	b2d9      	uxtb	r1, r3
   821a8:	42a1      	cmp	r1, r4
   821aa:	f4ff acb2 	bcc.w	81b12 <UOTGHS_Handler+0x356>
   821ae:	e4bf      	b.n	81b30 <UOTGHS_Handler+0x374>

000821b0 <udd_is_high_speed>:
#ifdef USB_DEVICE_HS_SUPPORT
	return !Is_udd_full_speed_mode();
#else
	return false;
#endif
}
   821b0:	f04f 0000 	mov.w	r0, #0
   821b4:	4770      	bx	lr
   821b6:	bf00      	nop

000821b8 <udd_set_address>:


void udd_set_address(uint8_t address)
{
	udd_disable_address();
   821b8:	f44f 4340 	mov.w	r3, #49152	; 0xc000
   821bc:	f2c4 030a 	movt	r3, #16394	; 0x400a
   821c0:	681a      	ldr	r2, [r3, #0]
   821c2:	f022 0180 	bic.w	r1, r2, #128	; 0x80
   821c6:	6019      	str	r1, [r3, #0]
	udd_configure_address(address);
   821c8:	681a      	ldr	r2, [r3, #0]
   821ca:	f000 007f 	and.w	r0, r0, #127	; 0x7f
   821ce:	f022 017f 	bic.w	r1, r2, #127	; 0x7f
   821d2:	ea40 0201 	orr.w	r2, r0, r1
   821d6:	601a      	str	r2, [r3, #0]
	udd_enable_address();
   821d8:	6818      	ldr	r0, [r3, #0]
   821da:	f040 0180 	orr.w	r1, r0, #128	; 0x80
   821de:	6019      	str	r1, [r3, #0]
   821e0:	4770      	bx	lr
   821e2:	bf00      	nop

000821e4 <udd_getaddress>:
}


uint8_t udd_getaddress(void)
{
	return udd_get_configured_address();
   821e4:	f44f 4340 	mov.w	r3, #49152	; 0xc000
   821e8:	f2c4 030a 	movt	r3, #16394	; 0x400a
   821ec:	6818      	ldr	r0, [r3, #0]
}
   821ee:	f000 007f 	and.w	r0, r0, #127	; 0x7f
   821f2:	4770      	bx	lr

000821f4 <udd_get_frame_number>:


uint16_t udd_get_frame_number(void)
{
	return udd_frame_number();
   821f4:	f44f 4340 	mov.w	r3, #49152	; 0xc000
   821f8:	f2c4 030a 	movt	r3, #16394	; 0x400a
   821fc:	6a18      	ldr	r0, [r3, #32]
}
   821fe:	f3c0 00ca 	ubfx	r0, r0, #3, #11
   82202:	4770      	bx	lr

00082204 <udd_get_micro_frame_number>:

uint16_t udd_get_micro_frame_number(void)
{
	return udd_micro_frame_number();
   82204:	f44f 4340 	mov.w	r3, #49152	; 0xc000
   82208:	f2c4 030a 	movt	r3, #16394	; 0x400a
   8220c:	6a18      	ldr	r0, [r3, #32]
}
   8220e:	ea4f 4180 	mov.w	r1, r0, lsl #18
   82212:	ea4f 4091 	mov.w	r0, r1, lsr #18
   82216:	4770      	bx	lr

00082218 <udd_set_setup_payload>:
}


void udd_set_setup_payload(uint8_t *payload, uint16_t payload_size)
{
	udd_g_ctrlreq.payload = payload;
   82218:	f240 7360 	movw	r3, #1888	; 0x760
   8221c:	f2c2 0307 	movt	r3, #8199	; 0x2007
   82220:	6098      	str	r0, [r3, #8]
	udd_g_ctrlreq.payload_size = payload_size;
   82222:	8199      	strh	r1, [r3, #12]
   82224:	4770      	bx	lr
   82226:	bf00      	nop

00082228 <udd_ep_free>:
	return true;
}


void udd_ep_free(udd_ep_id_t ep)
{
   82228:	b510      	push	{r4, lr}
	uint8_t ep_index = ep & USB_EP_ADDR_MASK;
   8222a:	f000 040f 	and.w	r4, r0, #15
	if (USB_DEVICE_MAX_EP < ep_index) {
   8222e:	2c03      	cmp	r4, #3
   82230:	d82a      	bhi.n	82288 <udd_ep_free+0x60>
		return;
	}
	udd_disable_endpoint(ep_index);
   82232:	f44f 4340 	mov.w	r3, #49152	; 0xc000
   82236:	f2c4 030a 	movt	r3, #16394	; 0x400a
   8223a:	69d9      	ldr	r1, [r3, #28]
   8223c:	f04f 0201 	mov.w	r2, #1
   82240:	fa02 f204 	lsl.w	r2, r2, r4
   82244:	ea21 0102 	bic.w	r1, r1, r2
   82248:	61d9      	str	r1, [r3, #28]
	udd_unallocate_memory(ep_index);
   8224a:	f44f 4341 	mov.w	r3, #49408	; 0xc100
   8224e:	f2c4 030a 	movt	r3, #16394	; 0x400a
   82252:	f853 2024 	ldr.w	r2, [r3, r4, lsl #2]
   82256:	f022 0102 	bic.w	r1, r2, #2
   8225a:	f843 1024 	str.w	r1, [r3, r4, lsl #2]
	udd_ep_abort_job(ep);
   8225e:	f241 5301 	movw	r3, #5377	; 0x1501
   82262:	f2c0 0308 	movt	r3, #8
   82266:	4798      	blx	r3
	udd_ep_job[ep_index - 1].stall_requested = false;
   82268:	f104 34ff 	add.w	r4, r4, #4294967295
   8226c:	eb04 0044 	add.w	r0, r4, r4, lsl #1
   82270:	f240 6294 	movw	r2, #1684	; 0x694
   82274:	f2c2 0207 	movt	r2, #8199	; 0x2007
   82278:	eb02 04c0 	add.w	r4, r2, r0, lsl #3
   8227c:	7d21      	ldrb	r1, [r4, #20]
   8227e:	f36f 0182 	bfc	r1, #2, #1
   82282:	7521      	strb	r1, [r4, #20]
   82284:	f104 0410 	add.w	r4, r4, #16
   82288:	bd10      	pop	{r4, pc}
   8228a:	bf00      	nop

0008228c <udd_ep_is_halted>:


bool udd_ep_is_halted(udd_ep_id_t ep)
{
	uint8_t ep_index = ep & USB_EP_ADDR_MASK;
	return Is_udd_endpoint_stall_requested(ep_index);
   8228c:	f000 000f 	and.w	r0, r0, #15
   82290:	f24c 13c0 	movw	r3, #49600	; 0xc1c0
   82294:	f2c4 030a 	movt	r3, #16394	; 0x400a
   82298:	f853 1020 	ldr.w	r1, [r3, r0, lsl #2]
}
   8229c:	f3c1 40c0 	ubfx	r0, r1, #19, #1
   822a0:	4770      	bx	lr
   822a2:	bf00      	nop

000822a4 <udd_ep_set_halt>:


bool udd_ep_set_halt(udd_ep_id_t ep)
{
   822a4:	b430      	push	{r4, r5}
	uint8_t ep_index = ep & USB_EP_ADDR_MASK;
   822a6:	f000 030f 	and.w	r3, r0, #15
	udd_ep_job_t *ptr_job = &udd_ep_job[ep_index - 1];
	irqflags_t flags;

	if (USB_DEVICE_MAX_EP < ep_index) {
   822aa:	2b03      	cmp	r3, #3
   822ac:	d87a      	bhi.n	823a4 <udd_ep_set_halt+0x100>
		return false;
	}

	if (Is_udd_endpoint_stall_requested(ep_index) // Endpoint stalled
   822ae:	f24c 12c0 	movw	r2, #49600	; 0xc1c0
   822b2:	f2c4 020a 	movt	r2, #16394	; 0x400a
   822b6:	f852 1023 	ldr.w	r1, [r2, r3, lsl #2]
   822ba:	f411 2f00 	tst.w	r1, #524288	; 0x80000
   822be:	d174      	bne.n	823aa <udd_ep_set_halt+0x106>


bool udd_ep_set_halt(udd_ep_id_t ep)
{
	uint8_t ep_index = ep & USB_EP_ADDR_MASK;
	udd_ep_job_t *ptr_job = &udd_ep_job[ep_index - 1];
   822c0:	f103 34ff 	add.w	r4, r3, #4294967295
   822c4:	eb04 0244 	add.w	r2, r4, r4, lsl #1
   822c8:	f240 6194 	movw	r1, #1684	; 0x694
   822cc:	f2c2 0107 	movt	r1, #8199	; 0x2007
   822d0:	eb01 02c2 	add.w	r2, r1, r2, lsl #3
	if (USB_DEVICE_MAX_EP < ep_index) {
		return false;
	}

	if (Is_udd_endpoint_stall_requested(ep_index) // Endpoint stalled
			|| ptr_job->stall_requested) { // Endpoint stall is requested
   822d4:	7d11      	ldrb	r1, [r2, #20]
   822d6:	f001 0404 	and.w	r4, r1, #4
   822da:	b2e4      	uxtb	r4, r4
   822dc:	2c00      	cmp	r4, #0
   822de:	d167      	bne.n	823b0 <udd_ep_set_halt+0x10c>
		return true; // Already STALL
	}

	if (ptr_job->busy == true) {
   822e0:	f011 0f01 	tst.w	r1, #1
   822e4:	d167      	bne.n	823b6 <udd_ep_set_halt+0x112>
 */
__attribute__( ( always_inline ) ) __STATIC_INLINE uint32_t __get_PRIMASK(void)
{
  uint32_t result;

  __ASM volatile ("MRS %0, primask" : "=r" (result) );
   822e6:	f3ef 8510 	mrs	r5, PRIMASK
static volatile uint32_t cpu_irq_critical_section_counter;
static volatile bool     cpu_irq_prev_interrupt_state;

static inline irqflags_t cpu_irq_save(void)
{
	irqflags_t flags = cpu_irq_is_enabled();
   822ea:	f1d5 0501 	rsbs	r5, r5, #1
   822ee:	bf38      	it	cc
   822f0:	2500      	movcc	r5, #0
  This function disables IRQ interrupts by setting the I-bit in the CPSR.
  Can only be executed in Privileged modes.
 */
__attribute__( ( always_inline ) ) __STATIC_INLINE void __disable_irq(void)
{
  __ASM volatile ("cpsid i");
   822f2:	b672      	cpsid	i
   822f4:	f3bf 8f5f 	dmb	sy
	cpu_irq_disable();
   822f8:	f240 01e4 	movw	r1, #228	; 0xe4
   822fc:	f2c2 0107 	movt	r1, #8199	; 0x2007
   82300:	700c      	strb	r4, [r1, #0]
		return false; // Job on going, stall impossible
	}

	flags = cpu_irq_save();
	if ((ep & USB_EP_DIR_IN) && (0 != udd_nb_busy_bank(ep_index))) {
   82302:	f010 0f80 	tst.w	r0, #128	; 0x80
   82306:	d027      	beq.n	82358 <udd_ep_set_halt+0xb4>
   82308:	f24c 1030 	movw	r0, #49456	; 0xc130
   8230c:	f2c4 000a 	movt	r0, #16394	; 0x400a
   82310:	f850 1023 	ldr.w	r1, [r0, r3, lsl #2]
   82314:	f411 5f40 	tst.w	r1, #12288	; 0x3000
   82318:	d01e      	beq.n	82358 <udd_ep_set_halt+0xb4>
		// Delay the stall after the end of IN transfer on USB line
		ptr_job->stall_requested = true;
   8231a:	7d10      	ldrb	r0, [r2, #20]
   8231c:	f040 0104 	orr.w	r1, r0, #4
   82320:	7511      	strb	r1, [r2, #20]
#ifdef UDD_EP_FIFO_SUPPORTED
		udd_disable_in_send_interrupt(ep_index);
		udd_enable_endpoint_bank_autoswitch(ep_index);
#endif
		udd_enable_bank_interrupt(ep_index);
   82322:	f24c 10f0 	movw	r0, #49648	; 0xc1f0
   82326:	f2c4 000a 	movt	r0, #16394	; 0x400a
   8232a:	f44f 5280 	mov.w	r2, #4096	; 0x1000
   8232e:	f840 2023 	str.w	r2, [r0, r3, lsl #2]
		udd_enable_endpoint_interrupt(ep_index);
   82332:	fa02 f303 	lsl.w	r3, r2, r3
   82336:	f44f 4140 	mov.w	r1, #49152	; 0xc000
   8233a:	f2c4 010a 	movt	r1, #16394	; 0x400a
   8233e:	618b      	str	r3, [r1, #24]
	return (flags);
}

static inline void cpu_irq_restore(irqflags_t flags)
{
	if (cpu_irq_is_enabled_flags(flags))
   82340:	b3e5      	cbz	r5, 823bc <udd_ep_set_halt+0x118>
		cpu_irq_enable();
   82342:	f04f 0001 	mov.w	r0, #1
   82346:	f240 02e4 	movw	r2, #228	; 0xe4
   8234a:	f2c2 0207 	movt	r2, #8199	; 0x2007
   8234e:	7010      	strb	r0, [r2, #0]
   82350:	f3bf 8f5f 	dmb	sy
  This function enables IRQ interrupts by clearing the I-bit in the CPSR.
  Can only be executed in Privileged modes.
 */
__attribute__( ( always_inline ) ) __STATIC_INLINE void __enable_irq(void)
{
  __ASM volatile ("cpsie i");
   82354:	b662      	cpsie	i
   82356:	e036      	b.n	823c6 <udd_ep_set_halt+0x122>
		cpu_irq_restore(flags);
		return true;
	}
	// Stall endpoint immediately
	udd_disable_endpoint_bank_autoswitch(ep_index);
   82358:	f44f 4241 	mov.w	r2, #49408	; 0xc100
   8235c:	f2c4 020a 	movt	r2, #16394	; 0x400a
   82360:	f852 0023 	ldr.w	r0, [r2, r3, lsl #2]
   82364:	f420 7100 	bic.w	r1, r0, #512	; 0x200
   82368:	f842 1023 	str.w	r1, [r2, r3, lsl #2]
	udd_ack_stall(ep_index);
   8236c:	f24c 1260 	movw	r2, #49504	; 0xc160
   82370:	f2c4 020a 	movt	r2, #16394	; 0x400a
   82374:	f04f 0040 	mov.w	r0, #64	; 0x40
   82378:	f842 0023 	str.w	r0, [r2, r3, lsl #2]
	udd_enable_stall_handshake(ep_index);
   8237c:	f24c 12f0 	movw	r2, #49648	; 0xc1f0
   82380:	f2c4 020a 	movt	r2, #16394	; 0x400a
   82384:	f44f 2100 	mov.w	r1, #524288	; 0x80000
   82388:	f842 1023 	str.w	r1, [r2, r3, lsl #2]
	return (flags);
}

static inline void cpu_irq_restore(irqflags_t flags)
{
	if (cpu_irq_is_enabled_flags(flags))
   8238c:	b1cd      	cbz	r5, 823c2 <udd_ep_set_halt+0x11e>
		cpu_irq_enable();
   8238e:	f04f 0001 	mov.w	r0, #1
   82392:	f240 03e4 	movw	r3, #228	; 0xe4
   82396:	f2c2 0307 	movt	r3, #8199	; 0x2007
   8239a:	7018      	strb	r0, [r3, #0]
   8239c:	f3bf 8f5f 	dmb	sy
   823a0:	b662      	cpsie	i
   823a2:	e010      	b.n	823c6 <udd_ep_set_halt+0x122>
	uint8_t ep_index = ep & USB_EP_ADDR_MASK;
	udd_ep_job_t *ptr_job = &udd_ep_job[ep_index - 1];
	irqflags_t flags;

	if (USB_DEVICE_MAX_EP < ep_index) {
		return false;
   823a4:	f04f 0000 	mov.w	r0, #0
   823a8:	e00d      	b.n	823c6 <udd_ep_set_halt+0x122>
	}

	if (Is_udd_endpoint_stall_requested(ep_index) // Endpoint stalled
			|| ptr_job->stall_requested) { // Endpoint stall is requested
		return true; // Already STALL
   823aa:	f04f 0001 	mov.w	r0, #1
   823ae:	e00a      	b.n	823c6 <udd_ep_set_halt+0x122>
   823b0:	f04f 0001 	mov.w	r0, #1
   823b4:	e007      	b.n	823c6 <udd_ep_set_halt+0x122>
	}

	if (ptr_job->busy == true) {
		return false; // Job on going, stall impossible
   823b6:	f04f 0000 	mov.w	r0, #0
   823ba:	e004      	b.n	823c6 <udd_ep_set_halt+0x122>
		udd_enable_endpoint_bank_autoswitch(ep_index);
#endif
		udd_enable_bank_interrupt(ep_index);
		udd_enable_endpoint_interrupt(ep_index);
		cpu_irq_restore(flags);
		return true;
   823bc:	f04f 0001 	mov.w	r0, #1
   823c0:	e001      	b.n	823c6 <udd_ep_set_halt+0x122>
	// Stall endpoint immediately
	udd_disable_endpoint_bank_autoswitch(ep_index);
	udd_ack_stall(ep_index);
	udd_enable_stall_handshake(ep_index);
	cpu_irq_restore(flags);
	return true;
   823c2:	f04f 0001 	mov.w	r0, #1
}
   823c6:	bc30      	pop	{r4, r5}
   823c8:	4770      	bx	lr
   823ca:	bf00      	nop

000823cc <udd_ep_clear_halt>:


bool udd_ep_clear_halt(udd_ep_id_t ep)
{
   823cc:	b508      	push	{r3, lr}
	uint8_t ep_index = ep & USB_EP_ADDR_MASK;
   823ce:	f000 000f 	and.w	r0, r0, #15
	udd_ep_job_t *ptr_job = &udd_ep_job[ep_index - 1];
	bool b_stall_cleared = false;

	if (USB_DEVICE_MAX_EP < ep_index)
   823d2:	2803      	cmp	r0, #3
   823d4:	d85f      	bhi.n	82496 <udd_ep_clear_halt+0xca>


bool udd_ep_clear_halt(udd_ep_id_t ep)
{
	uint8_t ep_index = ep & USB_EP_ADDR_MASK;
	udd_ep_job_t *ptr_job = &udd_ep_job[ep_index - 1];
   823d6:	f100 33ff 	add.w	r3, r0, #4294967295
   823da:	eb03 0143 	add.w	r1, r3, r3, lsl #1
   823de:	f240 6294 	movw	r2, #1684	; 0x694
   823e2:	f2c2 0207 	movt	r2, #8199	; 0x2007
   823e6:	eb02 03c1 	add.w	r3, r2, r1, lsl #3
	bool b_stall_cleared = false;

	if (USB_DEVICE_MAX_EP < ep_index)
		return false;

	if (ptr_job->stall_requested) {
   823ea:	7d19      	ldrb	r1, [r3, #20]
   823ec:	f001 0204 	and.w	r2, r1, #4
   823f0:	b2d1      	uxtb	r1, r2
   823f2:	2900      	cmp	r1, #0
   823f4:	d055      	beq.n	824a2 <udd_ep_clear_halt+0xd6>
		// Endpoint stall has been requested but not done
		// Remove stall request
		ptr_job->stall_requested = false;
   823f6:	7d1a      	ldrb	r2, [r3, #20]
   823f8:	f36f 0282 	bfc	r2, #2, #1
   823fc:	751a      	strb	r2, [r3, #20]
		udd_disable_bank_interrupt(ep_index);
   823fe:	f24c 2120 	movw	r1, #49696	; 0xc220
   82402:	f2c4 010a 	movt	r1, #16394	; 0x400a
   82406:	f44f 5280 	mov.w	r2, #4096	; 0x1000
   8240a:	f841 2020 	str.w	r2, [r1, r0, lsl #2]
		udd_disable_endpoint_interrupt(ep_index);
   8240e:	fa02 f100 	lsl.w	r1, r2, r0
   82412:	f44f 4240 	mov.w	r2, #49152	; 0xc000
   82416:	f2c4 020a 	movt	r2, #16394	; 0x400a
   8241a:	6151      	str	r1, [r2, #20]
		b_stall_cleared = true;
	}
	if (Is_udd_endpoint_stall_requested(ep_index)) {
   8241c:	ea4f 0280 	mov.w	r2, r0, lsl #2
   82420:	f24c 11c0 	movw	r1, #49600	; 0xc1c0
   82424:	f2c4 010a 	movt	r1, #16394	; 0x400a
   82428:	f851 0020 	ldr.w	r0, [r1, r0, lsl #2]
   8242c:	f410 2f00 	tst.w	r0, #524288	; 0x80000
   82430:	d024      	beq.n	8247c <udd_ep_clear_halt+0xb0>
		if (Is_udd_stall(ep_index)) {
   82432:	f24c 1130 	movw	r1, #49456	; 0xc130
   82436:	f2c4 010a 	movt	r1, #16394	; 0x400a
   8243a:	5850      	ldr	r0, [r2, r1]
   8243c:	f010 0f40 	tst.w	r0, #64	; 0x40
   82440:	d00d      	beq.n	8245e <udd_ep_clear_halt+0x92>
			udd_ack_stall(ep_index);
   82442:	f24c 1160 	movw	r1, #49504	; 0xc160
   82446:	f2c4 010a 	movt	r1, #16394	; 0x400a
   8244a:	f04f 0040 	mov.w	r0, #64	; 0x40
   8244e:	5050      	str	r0, [r2, r1]
			// A packet has been stalled
			// then reset datatoggle
			udd_reset_data_toggle(ep_index);
   82450:	f24c 11f0 	movw	r1, #49648	; 0xc1f0
   82454:	f2c4 010a 	movt	r1, #16394	; 0x400a
   82458:	f44f 2080 	mov.w	r0, #262144	; 0x40000
   8245c:	5050      	str	r0, [r2, r1]
		}
		// Disable stall
		udd_disable_stall_handshake(ep_index);
   8245e:	f24c 2120 	movw	r1, #49696	; 0xc220
   82462:	f2c4 010a 	movt	r1, #16394	; 0x400a
   82466:	f44f 2000 	mov.w	r0, #524288	; 0x80000
   8246a:	5050      	str	r0, [r2, r1]
		udd_enable_endpoint_bank_autoswitch(ep_index);
   8246c:	f44f 4141 	mov.w	r1, #49408	; 0xc100
   82470:	f2c4 010a 	movt	r1, #16394	; 0x400a
   82474:	5850      	ldr	r0, [r2, r1]
   82476:	f440 7000 	orr.w	r0, r0, #512	; 0x200
   8247a:	5050      	str	r0, [r2, r1]
		b_stall_cleared = true;
	}
	if (b_stall_cleared) {
		// If a job is register on clear halt action
		// then execute callback
		if (ptr_job->busy == true) {
   8247c:	7d1a      	ldrb	r2, [r3, #20]
   8247e:	f012 0f01 	tst.w	r2, #1
   82482:	d00b      	beq.n	8249c <udd_ep_clear_halt+0xd0>
			ptr_job->busy = false;
   82484:	7d19      	ldrb	r1, [r3, #20]
   82486:	f36f 0100 	bfc	r1, #0, #1
   8248a:	7519      	strb	r1, [r3, #20]
			ptr_job->call_nohalt();
   8248c:	681b      	ldr	r3, [r3, #0]
   8248e:	4798      	blx	r3
		}
	}
	return true;
   82490:	f04f 0001 	mov.w	r0, #1
   82494:	bd08      	pop	{r3, pc}
	uint8_t ep_index = ep & USB_EP_ADDR_MASK;
	udd_ep_job_t *ptr_job = &udd_ep_job[ep_index - 1];
	bool b_stall_cleared = false;

	if (USB_DEVICE_MAX_EP < ep_index)
		return false;
   82496:	f04f 0000 	mov.w	r0, #0
   8249a:	bd08      	pop	{r3, pc}
		if (ptr_job->busy == true) {
			ptr_job->busy = false;
			ptr_job->call_nohalt();
		}
	}
	return true;
   8249c:	f04f 0001 	mov.w	r0, #1
   824a0:	bd08      	pop	{r3, pc}
		ptr_job->stall_requested = false;
		udd_disable_bank_interrupt(ep_index);
		udd_disable_endpoint_interrupt(ep_index);
		b_stall_cleared = true;
	}
	if (Is_udd_endpoint_stall_requested(ep_index)) {
   824a2:	ea4f 0280 	mov.w	r2, r0, lsl #2
   824a6:	f24c 11c0 	movw	r1, #49600	; 0xc1c0
   824aa:	f2c4 010a 	movt	r1, #16394	; 0x400a
   824ae:	f851 0020 	ldr.w	r0, [r1, r0, lsl #2]
   824b2:	f410 2f00 	tst.w	r0, #524288	; 0x80000
   824b6:	d1bc      	bne.n	82432 <udd_ep_clear_halt+0x66>
		if (ptr_job->busy == true) {
			ptr_job->busy = false;
			ptr_job->call_nohalt();
		}
	}
	return true;
   824b8:	f04f 0001 	mov.w	r0, #1
}
   824bc:	bd08      	pop	{r3, pc}
   824be:	bf00      	nop

000824c0 <udd_ep_run>:


bool udd_ep_run(udd_ep_id_t ep, bool b_shortpacket,
		uint8_t * buf, iram_size_t buf_size,
		udd_callback_trans_t callback)
{
   824c0:	b5f8      	push	{r3, r4, r5, r6, r7, lr}
	bool b_dir_in = Is_udd_endpoint_in(ep & USB_EP_ADDR_MASK);
#endif
	udd_ep_job_t *ptr_job;
	irqflags_t flags;

	ep &= USB_EP_ADDR_MASK;
   824c2:	f000 000f 	and.w	r0, r0, #15
	if (USB_DEVICE_MAX_EP < ep) {
   824c6:	2803      	cmp	r0, #3
   824c8:	d86c      	bhi.n	825a4 <udd_ep_run+0xe4>
	}

	// Get job about endpoint
	ptr_job = &udd_ep_job[ep - 1];

	if ((!Is_udd_endpoint_enabled(ep))
   824ca:	f44f 4440 	mov.w	r4, #49152	; 0xc000
   824ce:	f2c4 040a 	movt	r4, #16394	; 0x400a
   824d2:	69e4      	ldr	r4, [r4, #28]
   824d4:	f04f 0501 	mov.w	r5, #1
   824d8:	fa05 f500 	lsl.w	r5, r5, r0
   824dc:	4225      	tst	r5, r4
   824de:	d064      	beq.n	825aa <udd_ep_run+0xea>
			|| Is_udd_endpoint_stall_requested(ep)
   824e0:	f24c 14c0 	movw	r4, #49600	; 0xc1c0
   824e4:	f2c4 040a 	movt	r4, #16394	; 0x400a
   824e8:	f854 4020 	ldr.w	r4, [r4, r0, lsl #2]
   824ec:	f414 2f00 	tst.w	r4, #524288	; 0x80000
   824f0:	d15e      	bne.n	825b0 <udd_ep_run+0xf0>
	if (USB_DEVICE_MAX_EP < ep) {
		return false;
	}

	// Get job about endpoint
	ptr_job = &udd_ep_job[ep - 1];
   824f2:	f100 35ff 	add.w	r5, r0, #4294967295
   824f6:	eb05 0645 	add.w	r6, r5, r5, lsl #1
   824fa:	f240 6494 	movw	r4, #1684	; 0x694
   824fe:	f2c2 0407 	movt	r4, #8199	; 0x2007
   82502:	eb04 04c6 	add.w	r4, r4, r6, lsl #3

	if ((!Is_udd_endpoint_enabled(ep))
			|| Is_udd_endpoint_stall_requested(ep)
			|| ptr_job->stall_requested) {
   82506:	7d25      	ldrb	r5, [r4, #20]
   82508:	f005 0604 	and.w	r6, r5, #4
   8250c:	b2f6      	uxtb	r6, r6
   8250e:	2e00      	cmp	r6, #0
   82510:	d151      	bne.n	825b6 <udd_ep_run+0xf6>
 */
__attribute__( ( always_inline ) ) __STATIC_INLINE uint32_t __get_PRIMASK(void)
{
  uint32_t result;

  __ASM volatile ("MRS %0, primask" : "=r" (result) );
   82512:	f3ef 8710 	mrs	r7, PRIMASK
static volatile uint32_t cpu_irq_critical_section_counter;
static volatile bool     cpu_irq_prev_interrupt_state;

static inline irqflags_t cpu_irq_save(void)
{
	irqflags_t flags = cpu_irq_is_enabled();
   82516:	f1d7 0601 	rsbs	r6, r7, #1
   8251a:	bf38      	it	cc
   8251c:	2600      	movcc	r6, #0
  This function disables IRQ interrupts by setting the I-bit in the CPSR.
  Can only be executed in Privileged modes.
 */
__attribute__( ( always_inline ) ) __STATIC_INLINE void __disable_irq(void)
{
  __ASM volatile ("cpsid i");
   8251e:	b672      	cpsid	i
   82520:	f3bf 8f5f 	dmb	sy
	cpu_irq_disable();
   82524:	f240 07e4 	movw	r7, #228	; 0xe4
   82528:	f2c2 0707 	movt	r7, #8199	; 0x2007
   8252c:	f04f 0c00 	mov.w	ip, #0
   82530:	f887 c000 	strb.w	ip, [r7]
		return false; // Endpoint is halted
	}

	flags = cpu_irq_save();
	if (ptr_job->busy == true) {
   82534:	f015 0f01 	tst.w	r5, #1
   82538:	d009      	beq.n	8254e <udd_ep_run+0x8e>
	return (flags);
}

static inline void cpu_irq_restore(irqflags_t flags)
{
	if (cpu_irq_is_enabled_flags(flags))
   8253a:	2e00      	cmp	r6, #0
   8253c:	d03e      	beq.n	825bc <udd_ep_run+0xfc>
		cpu_irq_enable();
   8253e:	f04f 0301 	mov.w	r3, #1
   82542:	703b      	strb	r3, [r7, #0]
   82544:	f3bf 8f5f 	dmb	sy
  This function enables IRQ interrupts by clearing the I-bit in the CPSR.
  Can only be executed in Privileged modes.
 */
__attribute__( ( always_inline ) ) __STATIC_INLINE void __enable_irq(void)
{
  __ASM volatile ("cpsie i");
   82548:	b662      	cpsie	i
		cpu_irq_restore(flags);
		return false; // Job already on going
   8254a:	4660      	mov	r0, ip
   8254c:	bdf8      	pop	{r3, r4, r5, r6, r7, pc}
	}
	ptr_job->busy = true;
   8254e:	7d25      	ldrb	r5, [r4, #20]
   82550:	f045 0501 	orr.w	r5, r5, #1
   82554:	7525      	strb	r5, [r4, #20]
	return (flags);
}

static inline void cpu_irq_restore(irqflags_t flags)
{
	if (cpu_irq_is_enabled_flags(flags))
   82556:	b14e      	cbz	r6, 8256c <udd_ep_run+0xac>
		cpu_irq_enable();
   82558:	f240 05e4 	movw	r5, #228	; 0xe4
   8255c:	f2c2 0507 	movt	r5, #8199	; 0x2007
   82560:	f04f 0601 	mov.w	r6, #1
   82564:	702e      	strb	r6, [r5, #0]
   82566:	f3bf 8f5f 	dmb	sy
   8256a:	b662      	cpsie	i
	cpu_irq_restore(flags);

	// No job running. Let's setup a new one.
	ptr_job->buf = buf;
   8256c:	6062      	str	r2, [r4, #4]
	ptr_job->buf_size = buf_size;
   8256e:	60a3      	str	r3, [r4, #8]
	ptr_job->buf_cnt = 0;
   82570:	f04f 0200 	mov.w	r2, #0
   82574:	60e2      	str	r2, [r4, #12]
	ptr_job->buf_load = 0;
   82576:	6122      	str	r2, [r4, #16]
	ptr_job->call_trans = callback;
   82578:	9a06      	ldr	r2, [sp, #24]
   8257a:	6022      	str	r2, [r4, #0]
	ptr_job->b_shortpacket = b_shortpacket || (buf_size == 0);
   8257c:	b921      	cbnz	r1, 82588 <udd_ep_run+0xc8>
   8257e:	f1d3 0301 	rsbs	r3, r3, #1
   82582:	bf38      	it	cc
   82584:	2300      	movcc	r3, #0
   82586:	e001      	b.n	8258c <udd_ep_run+0xcc>
   82588:	f04f 0301 	mov.w	r3, #1
   8258c:	7d21      	ldrb	r1, [r4, #20]
   8258e:	f363 0141 	bfi	r1, r3, #1, #1
   82592:	7521      	strb	r1, [r4, #20]
#endif // UDD_EP_FIFO_SUPPORTED

#ifdef UDD_EP_DMA_SUPPORTED
	// Request first DMA transfer
	dbg_print("(exDMA%x) ", ep);
	udd_ep_trans_done(ep);
   82594:	f241 522d 	movw	r2, #5421	; 0x152d
   82598:	f2c0 0208 	movt	r2, #8
   8259c:	4790      	blx	r2
	return true;
   8259e:	f04f 0001 	mov.w	r0, #1
   825a2:	bdf8      	pop	{r3, r4, r5, r6, r7, pc}
	udd_ep_job_t *ptr_job;
	irqflags_t flags;

	ep &= USB_EP_ADDR_MASK;
	if (USB_DEVICE_MAX_EP < ep) {
		return false;
   825a4:	f04f 0000 	mov.w	r0, #0
   825a8:	bdf8      	pop	{r3, r4, r5, r6, r7, pc}
	ptr_job = &udd_ep_job[ep - 1];

	if ((!Is_udd_endpoint_enabled(ep))
			|| Is_udd_endpoint_stall_requested(ep)
			|| ptr_job->stall_requested) {
		return false; // Endpoint is halted
   825aa:	f04f 0000 	mov.w	r0, #0
   825ae:	bdf8      	pop	{r3, r4, r5, r6, r7, pc}
   825b0:	f04f 0000 	mov.w	r0, #0
   825b4:	bdf8      	pop	{r3, r4, r5, r6, r7, pc}
   825b6:	f04f 0000 	mov.w	r0, #0
   825ba:	bdf8      	pop	{r3, r4, r5, r6, r7, pc}
	}

	flags = cpu_irq_save();
	if (ptr_job->busy == true) {
		cpu_irq_restore(flags);
		return false; // Job already on going
   825bc:	f04f 0000 	mov.w	r0, #0
	// Request first DMA transfer
	dbg_print("(exDMA%x) ", ep);
	udd_ep_trans_done(ep);
	return true;
#endif
}
   825c0:	bdf8      	pop	{r3, r4, r5, r6, r7, pc}
   825c2:	bf00      	nop

000825c4 <udd_ep_alloc>:


#if (0 != USB_DEVICE_MAX_EP)
bool udd_ep_alloc(udd_ep_id_t ep, uint8_t bmAttributes,
		uint16_t MaxEndpointSize)
{
   825c4:	e92d 4ff0 	stmdb	sp!, {r4, r5, r6, r7, r8, r9, sl, fp, lr}
   825c8:	b085      	sub	sp, #20
	bool b_dir_in;
	uint16_t ep_allocated;
	uint8_t nb_bank, bank, i;

	b_dir_in = ep & USB_EP_DIR_IN;
	ep = ep & USB_EP_ADDR_MASK;
   825ca:	f000 040f 	and.w	r4, r0, #15

	if (ep > USB_DEVICE_MAX_EP) {
   825ce:	2c03      	cmp	r4, #3
   825d0:	f200 80fb 	bhi.w	827ca <udd_ep_alloc+0x206>
		return false;
	}
	if (Is_udd_endpoint_enabled(ep)) {
   825d4:	f44f 4340 	mov.w	r3, #49152	; 0xc000
   825d8:	f2c4 030a 	movt	r3, #16394	; 0x400a
   825dc:	69db      	ldr	r3, [r3, #28]
   825de:	f04f 0501 	mov.w	r5, #1
   825e2:	fa05 f504 	lsl.w	r5, r5, r4
   825e6:	421d      	tst	r5, r3
   825e8:	f040 80f2 	bne.w	827d0 <udd_ep_alloc+0x20c>
		return false;
	}
	dbg_print("alloc(%x, %d) ", ep, MaxEndpointSize);

	// Bank choise
	switch (bmAttributes & USB_EP_TYPE_MASK) {
   825ec:	f011 0303 	ands.w	r3, r1, #3
   825f0:	f000 80f1 	beq.w	827d6 <udd_ep_alloc+0x212>
   825f4:	2b02      	cmp	r3, #2
   825f6:	d903      	bls.n	82600 <udd_ep_alloc+0x3c>
   825f8:	2b03      	cmp	r3, #3
   825fa:	f040 80ec 	bne.w	827d6 <udd_ep_alloc+0x212>
   825fe:	e002      	b.n	82606 <udd_ep_alloc+0x42>
	case 1:
		bank = UOTGHS_DEVEPTCFG_EPBK_1_BANK >>
				UOTGHS_DEVEPTCFG_EPBK_Pos;
		break;
	case 2:
		bank = UOTGHS_DEVEPTCFG_EPBK_2_BANK >>
   82600:	f04f 0501 	mov.w	r5, #1
   82604:	e001      	b.n	8260a <udd_ep_alloc+0x46>
		Assert(false);
		return false;
	}
	switch (nb_bank) {
	case 1:
		bank = UOTGHS_DEVEPTCFG_EPBK_1_BANK >>
   82606:	f04f 0500 	mov.w	r5, #0
	Assert((MaxEndpointSize == 1023)
		|| !(MaxEndpointSize & (MaxEndpointSize - 1)));
	Assert(MaxEndpointSize >= 8);

	// Set configuration of new endpoint
	udd_configure_endpoint(ep, bmAttributes, (b_dir_in ? 1 : 0),
   8260a:	f44f 4741 	mov.w	r7, #49408	; 0xc100
   8260e:	f2c4 070a 	movt	r7, #16394	; 0x400a
   82612:	eb07 0684 	add.w	r6, r7, r4, lsl #2
   82616:	f857 3024 	ldr.w	r3, [r7, r4, lsl #2]
   8261a:	f423 57cb 	bic.w	r7, r3, #6496	; 0x1960
   8261e:	f027 071c 	bic.w	r7, r7, #28
   82622:	ea4f 21c1 	mov.w	r1, r1, lsl #11
   82626:	f401 51c0 	and.w	r1, r1, #6144	; 0x1800
   8262a:	f000 0080 	and.w	r0, r0, #128	; 0x80
   8262e:	2800      	cmp	r0, #0
   82630:	bf14      	ite	ne
   82632:	f44f 7080 	movne.w	r0, #256	; 0x100
   82636:	2000      	moveq	r0, #0
   82638:	f5a2 6380 	sub.w	r3, r2, #1024	; 0x400
   8263c:	b29b      	uxth	r3, r3
   8263e:	f5b3 4f7c 	cmp.w	r3, #64512	; 0xfc00
   82642:	d306      	bcc.n	82652 <udd_ep_alloc+0x8e>
   82644:	2a08      	cmp	r2, #8
   82646:	d907      	bls.n	82658 <udd_ep_alloc+0x94>
   82648:	ea4f 0342 	mov.w	r3, r2, lsl #1
   8264c:	f103 32ff 	add.w	r2, r3, #4294967295
   82650:	e004      	b.n	8265c <udd_ep_alloc+0x98>
   82652:	f240 72ff 	movw	r2, #2047	; 0x7ff
   82656:	e001      	b.n	8265c <udd_ep_alloc+0x98>
   82658:	f04f 020f 	mov.w	r2, #15
   8265c:	fab2 f282 	clz	r2, r2
   82660:	ea41 0585 	orr.w	r5, r1, r5, lsl #2
   82664:	4305      	orrs	r5, r0
   82666:	f1c2 011c 	rsb	r1, r2, #28
   8266a:	ea45 1001 	orr.w	r0, r5, r1, lsl #4
   8266e:	f641 1374 	movw	r3, #6516	; 0x1974
   82672:	4003      	ands	r3, r0
   82674:	433b      	orrs	r3, r7
   82676:	6033      	str	r3, [r6, #0]
			MaxEndpointSize, bank);
	ep_allocated = 1 << ep;
   82678:	f04f 0601 	mov.w	r6, #1
   8267c:	fa06 f604 	lsl.w	r6, r6, r4
   82680:	b2b7      	uxth	r7, r6

	// Unalloc endpoints superior
	for (i = USB_DEVICE_MAX_EP; i > ep; i--) {
   82682:	2c02      	cmp	r4, #2
   82684:	f200 80b0 	bhi.w	827e8 <udd_ep_alloc+0x224>
   82688:	f24c 110c 	movw	r1, #49420	; 0xc10c
   8268c:	f2c4 010a 	movt	r1, #16394	; 0x400a
   82690:	f04f 0303 	mov.w	r3, #3
		if (Is_udd_endpoint_enabled(i)) {
   82694:	f44f 4240 	mov.w	r2, #49152	; 0xc000
   82698:	f2c4 020a 	movt	r2, #16394	; 0x400a
   8269c:	f04f 0001 	mov.w	r0, #1
   826a0:	ea6f 0504 	mvn.w	r5, r4
   826a4:	18ee      	adds	r6, r5, r3
   826a6:	ea06 0c00 	and.w	ip, r6, r0
   826aa:	69d6      	ldr	r6, [r2, #28]
   826ac:	fa00 f503 	lsl.w	r5, r0, r3
   826b0:	4235      	tst	r5, r6
   826b2:	f000 81bf 	beq.w	82a34 <udd_ep_alloc+0x470>
   826b6:	e1b1      	b.n	82a1c <udd_ep_alloc+0x458>
   826b8:	46a0      	mov	r8, r4
   826ba:	e7ff      	b.n	826bc <udd_ep_alloc+0xf8>
   826bc:	69d4      	ldr	r4, [r2, #28]
   826be:	fa00 f603 	lsl.w	r6, r0, r3
   826c2:	4226      	tst	r6, r4
   826c4:	d009      	beq.n	826da <udd_ep_alloc+0x116>
			ep_allocated |= 1 << i;
   826c6:	4337      	orrs	r7, r6
   826c8:	b2bf      	uxth	r7, r7
			udd_disable_endpoint(i);
   826ca:	69d4      	ldr	r4, [r2, #28]
   826cc:	ea24 0606 	bic.w	r6, r4, r6
   826d0:	61d6      	str	r6, [r2, #28]
			udd_unallocate_memory(i);
   826d2:	680d      	ldr	r5, [r1, #0]
   826d4:	f025 0402 	bic.w	r4, r5, #2
   826d8:	600c      	str	r4, [r1, #0]
   826da:	f103 33ff 	add.w	r3, r3, #4294967295
   826de:	f1a1 0904 	sub.w	r9, r1, #4
			MaxEndpointSize, bank);
	ep_allocated = 1 << ep;

	// Unalloc endpoints superior
	for (i = USB_DEVICE_MAX_EP; i > ep; i--) {
		if (Is_udd_endpoint_enabled(i)) {
   826e2:	69d4      	ldr	r4, [r2, #28]
   826e4:	fa00 f503 	lsl.w	r5, r0, r3
   826e8:	4225      	tst	r5, r4
   826ea:	f000 81d8 	beq.w	82a9e <udd_ep_alloc+0x4da>
   826ee:	e1c8      	b.n	82a82 <udd_ep_alloc+0x4be>
		}
	}

	// Realloc/Enable endpoints
	for (i = ep; i <= USB_DEVICE_MAX_EP; i++) {
		if (ep_allocated & (1 << i)) {
   826f0:	fa47 f004 	asr.w	r0, r7, r4
   826f4:	f010 0f01 	tst.w	r0, #1
   826f8:	d05a      	beq.n	827b0 <udd_ep_alloc+0x1ec>
			udd_ep_job_t *ptr_job = &udd_ep_job[i - 1];
   826fa:	f104 33ff 	add.w	r3, r4, #4294967295
   826fe:	eb03 0c43 	add.w	ip, r3, r3, lsl #1
   82702:	eb09 05cc 	add.w	r5, r9, ip, lsl #3
			bool b_restart = ptr_job->busy;
   82706:	7d29      	ldrb	r1, [r5, #20]
   82708:	f001 0201 	and.w	r2, r1, #1
   8270c:	9203      	str	r2, [sp, #12]
			// Restart running job because
			// memory window slides up and its data is lost
			ptr_job->busy = false;
   8270e:	f36f 0100 	bfc	r1, #0, #1
   82712:	7529      	strb	r1, [r5, #20]
			// Re-allocate memory
			udd_allocate_memory(i);
   82714:	ea4f 0184 	mov.w	r1, r4, lsl #2
   82718:	198a      	adds	r2, r1, r6
   8271a:	f856 0024 	ldr.w	r0, [r6, r4, lsl #2]
   8271e:	f040 0302 	orr.w	r3, r0, #2
   82722:	f846 3024 	str.w	r3, [r6, r4, lsl #2]
			udd_enable_endpoint(i);
   82726:	f8d8 301c 	ldr.w	r3, [r8, #28]
   8272a:	f04f 0001 	mov.w	r0, #1
   8272e:	fa00 fb04 	lsl.w	fp, r0, r4
   82732:	ea4b 0303 	orr.w	r3, fp, r3
   82736:	f8c8 301c 	str.w	r3, [r8, #28]
			if (!Is_udd_endpoint_configured(i)) {
   8273a:	f85a 3024 	ldr.w	r3, [sl, r4, lsl #2]
   8273e:	f413 2f80 	tst.w	r3, #262144	; 0x40000
   82742:	d110      	bne.n	82766 <udd_ep_alloc+0x1a2>
				dbg_print("ErrRealloc%d ", i);
				if (NULL == ptr_job->call_trans) {
   82744:	682b      	ldr	r3, [r5, #0]
   82746:	2b00      	cmp	r3, #0
   82748:	d048      	beq.n	827dc <udd_ep_alloc+0x218>
					return false;
				}
				if (Is_udd_endpoint_in(i)) {
   8274a:	6811      	ldr	r1, [r2, #0]
   8274c:	f411 7f80 	tst.w	r1, #256	; 0x100
					i |= USB_EP_DIR_IN;
   82750:	bf18      	it	ne
   82752:	f044 0480 	orrne.w	r4, r4, #128	; 0x80
				}
				ptr_job->call_trans(UDD_EP_TRANSFER_ABORT,
   82756:	f04f 0001 	mov.w	r0, #1
   8275a:	68e9      	ldr	r1, [r5, #12]
   8275c:	4622      	mov	r2, r4
   8275e:	4798      	blx	r3
						ptr_job->buf_cnt, i);
				return false;
   82760:	f04f 0000 	mov.w	r0, #0
   82764:	e05a      	b.n	8281c <udd_ep_alloc+0x258>
			}
			udd_enable_endpoint_bank_autoswitch(i);
   82766:	f856 2024 	ldr.w	r2, [r6, r4, lsl #2]
   8276a:	f442 7300 	orr.w	r3, r2, #512	; 0x200
   8276e:	f846 3024 	str.w	r3, [r6, r4, lsl #2]
			if (b_restart) {
   82772:	9a03      	ldr	r2, [sp, #12]
   82774:	b1e2      	cbz	r2, 827b0 <udd_ep_alloc+0x1ec>
				if (!Is_udd_endpoint_dma_supported(i)
					&& !Is_udd_endpoint_in(i)) {
					ptr_job->buf_cnt -= ptr_job->buf_load;
				}
#  else
				ptr_job->buf_cnt -= ptr_job->buf_load;
   82776:	68ea      	ldr	r2, [r5, #12]
   82778:	692b      	ldr	r3, [r5, #16]
   8277a:	1ad3      	subs	r3, r2, r3
   8277c:	60eb      	str	r3, [r5, #12]
#  endif
				b_restart = udd_ep_run(Is_udd_endpoint_in(i) ?
   8277e:	5989      	ldr	r1, [r1, r6]
   82780:	f411 7f80 	tst.w	r1, #256	; 0x100
   82784:	bf14      	ite	ne
   82786:	f044 0080 	orrne.w	r0, r4, #128	; 0x80
   8278a:	4620      	moveq	r0, r4
							(i | USB_EP_DIR_IN) : i,
						ptr_job->b_shortpacket,
   8278c:	7d29      	ldrb	r1, [r5, #20]
					ptr_job->buf_cnt -= ptr_job->buf_load;
				}
#  else
				ptr_job->buf_cnt -= ptr_job->buf_load;
#  endif
				b_restart = udd_ep_run(Is_udd_endpoint_in(i) ?
   8278e:	f8d5 e004 	ldr.w	lr, [r5, #4]
   82792:	68ad      	ldr	r5, [r5, #8]
   82794:	f859 203c 	ldr.w	r2, [r9, ip, lsl #3]
   82798:	9200      	str	r2, [sp, #0]
   8279a:	f3c1 0140 	ubfx	r1, r1, #1, #1
   8279e:	eb0e 0203 	add.w	r2, lr, r3
   827a2:	1aeb      	subs	r3, r5, r3
   827a4:	f242 45c1 	movw	r5, #9409	; 0x24c1
   827a8:	f2c0 0508 	movt	r5, #8
   827ac:	47a8      	blx	r5
						ptr_job->b_shortpacket,
						&ptr_job->buf[ptr_job->buf_cnt],
						ptr_job->buf_size
							- ptr_job->buf_cnt,
						ptr_job->call_trans);
				if (!b_restart) {
   827ae:	b1c0      	cbz	r0, 827e2 <udd_ep_alloc+0x21e>
			udd_unallocate_memory(i);
		}
	}

	// Realloc/Enable endpoints
	for (i = ep; i <= USB_DEVICE_MAX_EP; i++) {
   827b0:	f104 0401 	add.w	r4, r4, #1
   827b4:	b2e4      	uxtb	r4, r4
		if (ep_allocated & (1 << i)) {
   827b6:	fa47 f004 	asr.w	r0, r7, r4
   827ba:	f010 0f01 	tst.w	r0, #1
   827be:	f000 8126 	beq.w	82a0e <udd_ep_alloc+0x44a>
   827c2:	e0d5      	b.n	82970 <udd_ep_alloc+0x3ac>
					return false;
				}
			}
		}
	}
	return true;
   827c4:	f04f 0001 	mov.w	r0, #1
   827c8:	e028      	b.n	8281c <udd_ep_alloc+0x258>

	b_dir_in = ep & USB_EP_DIR_IN;
	ep = ep & USB_EP_ADDR_MASK;

	if (ep > USB_DEVICE_MAX_EP) {
		return false;
   827ca:	f04f 0000 	mov.w	r0, #0
   827ce:	e025      	b.n	8281c <udd_ep_alloc+0x258>
	}
	if (Is_udd_endpoint_enabled(ep)) {
		return false;
   827d0:	f04f 0000 	mov.w	r0, #0
   827d4:	e022      	b.n	8281c <udd_ep_alloc+0x258>
	case USB_EP_TYPE_BULK:
		nb_bank = UDD_BULK_NB_BANK(ep);
		break;
	default:
		Assert(false);
		return false;
   827d6:	f04f 0000 	mov.w	r0, #0
   827da:	e01f      	b.n	8281c <udd_ep_alloc+0x258>
			udd_allocate_memory(i);
			udd_enable_endpoint(i);
			if (!Is_udd_endpoint_configured(i)) {
				dbg_print("ErrRealloc%d ", i);
				if (NULL == ptr_job->call_trans) {
					return false;
   827dc:	f04f 0000 	mov.w	r0, #0
   827e0:	e01c      	b.n	8281c <udd_ep_alloc+0x258>
						ptr_job->buf_size
							- ptr_job->buf_cnt,
						ptr_job->call_trans);
				if (!b_restart) {
					dbg_print("ErrReRun%d ", i);
					return false;
   827e2:	f04f 0000 	mov.w	r0, #0
   827e6:	e019      	b.n	8281c <udd_ep_alloc+0x258>
	}

	// Realloc/Enable endpoints
	for (i = ep; i <= USB_DEVICE_MAX_EP; i++) {
		if (ep_allocated & (1 << i)) {
			udd_ep_job_t *ptr_job = &udd_ep_job[i - 1];
   827e8:	f240 6994 	movw	r9, #1684	; 0x694
   827ec:	f2c2 0907 	movt	r9, #8199	; 0x2007
			bool b_restart = ptr_job->busy;
			// Restart running job because
			// memory window slides up and its data is lost
			ptr_job->busy = false;
			// Re-allocate memory
			udd_allocate_memory(i);
   827f0:	f44f 4641 	mov.w	r6, #49408	; 0xc100
   827f4:	f2c4 060a 	movt	r6, #16394	; 0x400a
			udd_enable_endpoint(i);
   827f8:	f44f 4840 	mov.w	r8, #49152	; 0xc000
   827fc:	f2c4 080a 	movt	r8, #16394	; 0x400a
			if (!Is_udd_endpoint_configured(i)) {
   82800:	f24c 1a30 	movw	sl, #49456	; 0xc130
   82804:	f2c4 0a0a 	movt	sl, #16394	; 0x400a
   82808:	f1c4 0b03 	rsb	fp, r4, #3
   8280c:	f00b 0b01 	and.w	fp, fp, #1
		}
	}

	// Realloc/Enable endpoints
	for (i = ep; i <= USB_DEVICE_MAX_EP; i++) {
		if (ep_allocated & (1 << i)) {
   82810:	fa47 f204 	asr.w	r2, r7, r4
   82814:	f012 0f01 	tst.w	r2, #1
   82818:	d04c      	beq.n	828b4 <udd_ep_alloc+0x2f0>
   8281a:	e002      	b.n	82822 <udd_ep_alloc+0x25e>
				}
			}
		}
	}
	return true;
}
   8281c:	b005      	add	sp, #20
   8281e:	e8bd 8ff0 	ldmia.w	sp!, {r4, r5, r6, r7, r8, r9, sl, fp, pc}
	}

	// Realloc/Enable endpoints
	for (i = ep; i <= USB_DEVICE_MAX_EP; i++) {
		if (ep_allocated & (1 << i)) {
			udd_ep_job_t *ptr_job = &udd_ep_job[i - 1];
   82822:	f104 30ff 	add.w	r0, r4, #4294967295
   82826:	eb00 0540 	add.w	r5, r0, r0, lsl #1
   8282a:	eb09 05c5 	add.w	r5, r9, r5, lsl #3
			bool b_restart = ptr_job->busy;
   8282e:	7d2b      	ldrb	r3, [r5, #20]
   82830:	f003 0c01 	and.w	ip, r3, #1
			// Restart running job because
			// memory window slides up and its data is lost
			ptr_job->busy = false;
   82834:	f36f 0300 	bfc	r3, #0, #1
   82838:	752b      	strb	r3, [r5, #20]
			// Re-allocate memory
			udd_allocate_memory(i);
   8283a:	ea4f 0384 	mov.w	r3, r4, lsl #2
   8283e:	199a      	adds	r2, r3, r6
   82840:	6811      	ldr	r1, [r2, #0]
   82842:	f041 0002 	orr.w	r0, r1, #2
   82846:	6010      	str	r0, [r2, #0]
			udd_enable_endpoint(i);
   82848:	f8d8 101c 	ldr.w	r1, [r8, #28]
   8284c:	f04f 0001 	mov.w	r0, #1
   82850:	fa00 f004 	lsl.w	r0, r0, r4
   82854:	4301      	orrs	r1, r0
   82856:	f8c8 101c 	str.w	r1, [r8, #28]
			if (!Is_udd_endpoint_configured(i)) {
   8285a:	4453      	add	r3, sl
   8285c:	6818      	ldr	r0, [r3, #0]
   8285e:	f410 2f80 	tst.w	r0, #262144	; 0x40000
   82862:	f43f af6f 	beq.w	82744 <udd_ep_alloc+0x180>
				}
				ptr_job->call_trans(UDD_EP_TRANSFER_ABORT,
						ptr_job->buf_cnt, i);
				return false;
			}
			udd_enable_endpoint_bank_autoswitch(i);
   82866:	6811      	ldr	r1, [r2, #0]
   82868:	f441 7300 	orr.w	r3, r1, #512	; 0x200
   8286c:	6013      	str	r3, [r2, #0]
			if (b_restart) {
   8286e:	f1bc 0f00 	cmp.w	ip, #0
   82872:	d01f      	beq.n	828b4 <udd_ep_alloc+0x2f0>
				if (!Is_udd_endpoint_dma_supported(i)
					&& !Is_udd_endpoint_in(i)) {
					ptr_job->buf_cnt -= ptr_job->buf_load;
				}
#  else
				ptr_job->buf_cnt -= ptr_job->buf_load;
   82874:	68e8      	ldr	r0, [r5, #12]
   82876:	6929      	ldr	r1, [r5, #16]
   82878:	1a43      	subs	r3, r0, r1
   8287a:	60eb      	str	r3, [r5, #12]
#  endif
				b_restart = udd_ep_run(Is_udd_endpoint_in(i) ?
   8287c:	6812      	ldr	r2, [r2, #0]
   8287e:	f412 7f80 	tst.w	r2, #256	; 0x100
   82882:	d012      	beq.n	828aa <udd_ep_alloc+0x2e6>
   82884:	e013      	b.n	828ae <udd_ep_alloc+0x2ea>
							(i | USB_EP_DIR_IN) : i,
						ptr_job->b_shortpacket,
   82886:	7d29      	ldrb	r1, [r5, #20]
					ptr_job->buf_cnt -= ptr_job->buf_load;
				}
#  else
				ptr_job->buf_cnt -= ptr_job->buf_load;
#  endif
				b_restart = udd_ep_run(Is_udd_endpoint_in(i) ?
   82888:	686a      	ldr	r2, [r5, #4]
   8288a:	f8d5 e008 	ldr.w	lr, [r5, #8]
   8288e:	682d      	ldr	r5, [r5, #0]
   82890:	9500      	str	r5, [sp, #0]
   82892:	f3c1 0140 	ubfx	r1, r1, #1, #1
   82896:	18d2      	adds	r2, r2, r3
   82898:	ebc3 030e 	rsb	r3, r3, lr
   8289c:	f242 45c1 	movw	r5, #9409	; 0x24c1
   828a0:	f2c0 0508 	movt	r5, #8
   828a4:	47a8      	blx	r5
						ptr_job->b_shortpacket,
						&ptr_job->buf[ptr_job->buf_cnt],
						ptr_job->buf_size
							- ptr_job->buf_cnt,
						ptr_job->call_trans);
				if (!b_restart) {
   828a6:	b928      	cbnz	r0, 828b4 <udd_ep_alloc+0x2f0>
   828a8:	e79b      	b.n	827e2 <udd_ep_alloc+0x21e>
					ptr_job->buf_cnt -= ptr_job->buf_load;
				}
#  else
				ptr_job->buf_cnt -= ptr_job->buf_load;
#  endif
				b_restart = udd_ep_run(Is_udd_endpoint_in(i) ?
   828aa:	4620      	mov	r0, r4
   828ac:	e7eb      	b.n	82886 <udd_ep_alloc+0x2c2>
   828ae:	f044 0080 	orr.w	r0, r4, #128	; 0x80
   828b2:	e7e8      	b.n	82886 <udd_ep_alloc+0x2c2>
			udd_unallocate_memory(i);
		}
	}

	// Realloc/Enable endpoints
	for (i = ep; i <= USB_DEVICE_MAX_EP; i++) {
   828b4:	f104 0401 	add.w	r4, r4, #1
   828b8:	b2e4      	uxtb	r4, r4
   828ba:	2c04      	cmp	r4, #4
   828bc:	d082      	beq.n	827c4 <udd_ep_alloc+0x200>
   828be:	fa4f f08b 	sxtb.w	r0, fp
   828c2:	2800      	cmp	r0, #0
   828c4:	f43f af14 	beq.w	826f0 <udd_ep_alloc+0x12c>
		if (ep_allocated & (1 << i)) {
   828c8:	fa47 f304 	asr.w	r3, r7, r4
   828cc:	f013 0f01 	tst.w	r3, #1
   828d0:	d047      	beq.n	82962 <udd_ep_alloc+0x39e>
			udd_ep_job_t *ptr_job = &udd_ep_job[i - 1];
   828d2:	f104 31ff 	add.w	r1, r4, #4294967295
   828d6:	eb01 0241 	add.w	r2, r1, r1, lsl #1
   828da:	eb09 05c2 	add.w	r5, r9, r2, lsl #3
			bool b_restart = ptr_job->busy;
   828de:	7d28      	ldrb	r0, [r5, #20]
   828e0:	f000 0101 	and.w	r1, r0, #1
			// Restart running job because
			// memory window slides up and its data is lost
			ptr_job->busy = false;
   828e4:	f36f 0000 	bfc	r0, #0, #1
   828e8:	7528      	strb	r0, [r5, #20]
			// Re-allocate memory
			udd_allocate_memory(i);
   828ea:	ea4f 0384 	mov.w	r3, r4, lsl #2
   828ee:	199a      	adds	r2, r3, r6
   828f0:	6810      	ldr	r0, [r2, #0]
   828f2:	f040 0002 	orr.w	r0, r0, #2
   828f6:	6010      	str	r0, [r2, #0]
			udd_enable_endpoint(i);
   828f8:	f8d8 001c 	ldr.w	r0, [r8, #28]
   828fc:	f04f 0b01 	mov.w	fp, #1
   82900:	fa0b fc04 	lsl.w	ip, fp, r4
   82904:	ea4c 0000 	orr.w	r0, ip, r0
   82908:	f8c8 001c 	str.w	r0, [r8, #28]
			if (!Is_udd_endpoint_configured(i)) {
   8290c:	4453      	add	r3, sl
   8290e:	6818      	ldr	r0, [r3, #0]
   82910:	f410 2f80 	tst.w	r0, #262144	; 0x40000
   82914:	f43f af16 	beq.w	82744 <udd_ep_alloc+0x180>
				}
				ptr_job->call_trans(UDD_EP_TRANSFER_ABORT,
						ptr_job->buf_cnt, i);
				return false;
			}
			udd_enable_endpoint_bank_autoswitch(i);
   82918:	6813      	ldr	r3, [r2, #0]
   8291a:	f443 7000 	orr.w	r0, r3, #512	; 0x200
   8291e:	6010      	str	r0, [r2, #0]
			if (b_restart) {
   82920:	b1f9      	cbz	r1, 82962 <udd_ep_alloc+0x39e>
				if (!Is_udd_endpoint_dma_supported(i)
					&& !Is_udd_endpoint_in(i)) {
					ptr_job->buf_cnt -= ptr_job->buf_load;
				}
#  else
				ptr_job->buf_cnt -= ptr_job->buf_load;
   82922:	68e9      	ldr	r1, [r5, #12]
   82924:	692b      	ldr	r3, [r5, #16]
   82926:	1acb      	subs	r3, r1, r3
   82928:	60eb      	str	r3, [r5, #12]
#  endif
				b_restart = udd_ep_run(Is_udd_endpoint_in(i) ?
   8292a:	6812      	ldr	r2, [r2, #0]
   8292c:	f412 7f80 	tst.w	r2, #256	; 0x100
   82930:	d012      	beq.n	82958 <udd_ep_alloc+0x394>
   82932:	e013      	b.n	8295c <udd_ep_alloc+0x398>
							(i | USB_EP_DIR_IN) : i,
						ptr_job->b_shortpacket,
   82934:	7d29      	ldrb	r1, [r5, #20]
					ptr_job->buf_cnt -= ptr_job->buf_load;
				}
#  else
				ptr_job->buf_cnt -= ptr_job->buf_load;
#  endif
				b_restart = udd_ep_run(Is_udd_endpoint_in(i) ?
   82936:	686a      	ldr	r2, [r5, #4]
   82938:	f8d5 e008 	ldr.w	lr, [r5, #8]
   8293c:	682d      	ldr	r5, [r5, #0]
   8293e:	9500      	str	r5, [sp, #0]
   82940:	f3c1 0140 	ubfx	r1, r1, #1, #1
   82944:	18d2      	adds	r2, r2, r3
   82946:	ebc3 030e 	rsb	r3, r3, lr
   8294a:	f242 45c1 	movw	r5, #9409	; 0x24c1
   8294e:	f2c0 0508 	movt	r5, #8
   82952:	47a8      	blx	r5
						ptr_job->b_shortpacket,
						&ptr_job->buf[ptr_job->buf_cnt],
						ptr_job->buf_size
							- ptr_job->buf_cnt,
						ptr_job->call_trans);
				if (!b_restart) {
   82954:	b928      	cbnz	r0, 82962 <udd_ep_alloc+0x39e>
   82956:	e744      	b.n	827e2 <udd_ep_alloc+0x21e>
					ptr_job->buf_cnt -= ptr_job->buf_load;
				}
#  else
				ptr_job->buf_cnt -= ptr_job->buf_load;
#  endif
				b_restart = udd_ep_run(Is_udd_endpoint_in(i) ?
   82958:	4620      	mov	r0, r4
   8295a:	e7eb      	b.n	82934 <udd_ep_alloc+0x370>
   8295c:	f044 0080 	orr.w	r0, r4, #128	; 0x80
   82960:	e7e8      	b.n	82934 <udd_ep_alloc+0x370>
			udd_unallocate_memory(i);
		}
	}

	// Realloc/Enable endpoints
	for (i = ep; i <= USB_DEVICE_MAX_EP; i++) {
   82962:	f104 0401 	add.w	r4, r4, #1
   82966:	b2e4      	uxtb	r4, r4
   82968:	2c04      	cmp	r4, #4
   8296a:	f47f aec1 	bne.w	826f0 <udd_ep_alloc+0x12c>
   8296e:	e729      	b.n	827c4 <udd_ep_alloc+0x200>
		if (ep_allocated & (1 << i)) {
			udd_ep_job_t *ptr_job = &udd_ep_job[i - 1];
   82970:	f104 33ff 	add.w	r3, r4, #4294967295
   82974:	eb03 0c43 	add.w	ip, r3, r3, lsl #1
   82978:	eb09 05cc 	add.w	r5, r9, ip, lsl #3
			bool b_restart = ptr_job->busy;
   8297c:	7d29      	ldrb	r1, [r5, #20]
   8297e:	f001 0201 	and.w	r2, r1, #1
   82982:	9203      	str	r2, [sp, #12]
			// Restart running job because
			// memory window slides up and its data is lost
			ptr_job->busy = false;
   82984:	f36f 0100 	bfc	r1, #0, #1
   82988:	7529      	strb	r1, [r5, #20]
			// Re-allocate memory
			udd_allocate_memory(i);
   8298a:	ea4f 0184 	mov.w	r1, r4, lsl #2
   8298e:	198a      	adds	r2, r1, r6
   82990:	f856 0024 	ldr.w	r0, [r6, r4, lsl #2]
   82994:	f040 0302 	orr.w	r3, r0, #2
   82998:	f846 3024 	str.w	r3, [r6, r4, lsl #2]
			udd_enable_endpoint(i);
   8299c:	f8d8 301c 	ldr.w	r3, [r8, #28]
   829a0:	f04f 0001 	mov.w	r0, #1
   829a4:	fa00 fb04 	lsl.w	fp, r0, r4
   829a8:	ea4b 0303 	orr.w	r3, fp, r3
   829ac:	f8c8 301c 	str.w	r3, [r8, #28]
			if (!Is_udd_endpoint_configured(i)) {
   829b0:	f85a 0024 	ldr.w	r0, [sl, r4, lsl #2]
   829b4:	f410 2f80 	tst.w	r0, #262144	; 0x40000
   829b8:	f43f aec4 	beq.w	82744 <udd_ep_alloc+0x180>
				}
				ptr_job->call_trans(UDD_EP_TRANSFER_ABORT,
						ptr_job->buf_cnt, i);
				return false;
			}
			udd_enable_endpoint_bank_autoswitch(i);
   829bc:	f856 2024 	ldr.w	r2, [r6, r4, lsl #2]
   829c0:	f442 7300 	orr.w	r3, r2, #512	; 0x200
   829c4:	f846 3024 	str.w	r3, [r6, r4, lsl #2]
			if (b_restart) {
   829c8:	9803      	ldr	r0, [sp, #12]
   829ca:	b300      	cbz	r0, 82a0e <udd_ep_alloc+0x44a>
				if (!Is_udd_endpoint_dma_supported(i)
					&& !Is_udd_endpoint_in(i)) {
					ptr_job->buf_cnt -= ptr_job->buf_load;
				}
#  else
				ptr_job->buf_cnt -= ptr_job->buf_load;
   829cc:	68ea      	ldr	r2, [r5, #12]
   829ce:	692b      	ldr	r3, [r5, #16]
   829d0:	1ad3      	subs	r3, r2, r3
   829d2:	60eb      	str	r3, [r5, #12]
#  endif
				b_restart = udd_ep_run(Is_udd_endpoint_in(i) ?
   829d4:	5989      	ldr	r1, [r1, r6]
   829d6:	f411 7f80 	tst.w	r1, #256	; 0x100
   829da:	d013      	beq.n	82a04 <udd_ep_alloc+0x440>
   829dc:	e014      	b.n	82a08 <udd_ep_alloc+0x444>
							(i | USB_EP_DIR_IN) : i,
						ptr_job->b_shortpacket,
   829de:	7d29      	ldrb	r1, [r5, #20]
					ptr_job->buf_cnt -= ptr_job->buf_load;
				}
#  else
				ptr_job->buf_cnt -= ptr_job->buf_load;
#  endif
				b_restart = udd_ep_run(Is_udd_endpoint_in(i) ?
   829e0:	f8d5 e004 	ldr.w	lr, [r5, #4]
   829e4:	68ad      	ldr	r5, [r5, #8]
   829e6:	f859 203c 	ldr.w	r2, [r9, ip, lsl #3]
   829ea:	9200      	str	r2, [sp, #0]
   829ec:	f3c1 0140 	ubfx	r1, r1, #1, #1
   829f0:	eb0e 0203 	add.w	r2, lr, r3
   829f4:	1aeb      	subs	r3, r5, r3
   829f6:	f242 45c1 	movw	r5, #9409	; 0x24c1
   829fa:	f2c0 0508 	movt	r5, #8
   829fe:	47a8      	blx	r5
						ptr_job->b_shortpacket,
						&ptr_job->buf[ptr_job->buf_cnt],
						ptr_job->buf_size
							- ptr_job->buf_cnt,
						ptr_job->call_trans);
				if (!b_restart) {
   82a00:	b928      	cbnz	r0, 82a0e <udd_ep_alloc+0x44a>
   82a02:	e6ee      	b.n	827e2 <udd_ep_alloc+0x21e>
					ptr_job->buf_cnt -= ptr_job->buf_load;
				}
#  else
				ptr_job->buf_cnt -= ptr_job->buf_load;
#  endif
				b_restart = udd_ep_run(Is_udd_endpoint_in(i) ?
   82a04:	4620      	mov	r0, r4
   82a06:	e7ea      	b.n	829de <udd_ep_alloc+0x41a>
   82a08:	f044 0080 	orr.w	r0, r4, #128	; 0x80
   82a0c:	e7e7      	b.n	829de <udd_ep_alloc+0x41a>
			udd_unallocate_memory(i);
		}
	}

	// Realloc/Enable endpoints
	for (i = ep; i <= USB_DEVICE_MAX_EP; i++) {
   82a0e:	f104 0401 	add.w	r4, r4, #1
   82a12:	b2e4      	uxtb	r4, r4
   82a14:	2c04      	cmp	r4, #4
   82a16:	f47f ae6b 	bne.w	826f0 <udd_ep_alloc+0x12c>
   82a1a:	e6d3      	b.n	827c4 <udd_ep_alloc+0x200>
	ep_allocated = 1 << ep;

	// Unalloc endpoints superior
	for (i = USB_DEVICE_MAX_EP; i > ep; i--) {
		if (Is_udd_endpoint_enabled(i)) {
			ep_allocated |= 1 << i;
   82a1c:	fa00 f603 	lsl.w	r6, r0, r3
   82a20:	4337      	orrs	r7, r6
   82a22:	b2bf      	uxth	r7, r7
			udd_disable_endpoint(i);
   82a24:	69d6      	ldr	r6, [r2, #28]
   82a26:	ea26 0505 	bic.w	r5, r6, r5
   82a2a:	61d5      	str	r5, [r2, #28]
			udd_unallocate_memory(i);
   82a2c:	680e      	ldr	r6, [r1, #0]
   82a2e:	f026 0502 	bic.w	r5, r6, #2
   82a32:	600d      	str	r5, [r1, #0]
   82a34:	f103 33ff 	add.w	r3, r3, #4294967295
   82a38:	f1a1 0104 	sub.w	r1, r1, #4
	udd_configure_endpoint(ep, bmAttributes, (b_dir_in ? 1 : 0),
			MaxEndpointSize, bank);
	ep_allocated = 1 << ep;

	// Unalloc endpoints superior
	for (i = USB_DEVICE_MAX_EP; i > ep; i--) {
   82a3c:	b2dd      	uxtb	r5, r3
   82a3e:	42a5      	cmp	r5, r4
   82a40:	f67f aed2 	bls.w	827e8 <udd_ep_alloc+0x224>
   82a44:	fa4f f68c 	sxtb.w	r6, ip
   82a48:	2e00      	cmp	r6, #0
   82a4a:	f43f ae35 	beq.w	826b8 <udd_ep_alloc+0xf4>
		if (Is_udd_endpoint_enabled(i)) {
   82a4e:	69d6      	ldr	r6, [r2, #28]
   82a50:	fa00 f503 	lsl.w	r5, r0, r3
   82a54:	4235      	tst	r5, r6
   82a56:	d009      	beq.n	82a6c <udd_ep_alloc+0x4a8>
			ep_allocated |= 1 << i;
   82a58:	432f      	orrs	r7, r5
   82a5a:	b2bf      	uxth	r7, r7
			udd_disable_endpoint(i);
   82a5c:	69d6      	ldr	r6, [r2, #28]
   82a5e:	ea26 0505 	bic.w	r5, r6, r5
   82a62:	61d5      	str	r5, [r2, #28]
			udd_unallocate_memory(i);
   82a64:	680e      	ldr	r6, [r1, #0]
   82a66:	f026 0502 	bic.w	r5, r6, #2
   82a6a:	600d      	str	r5, [r1, #0]
   82a6c:	f103 33ff 	add.w	r3, r3, #4294967295
   82a70:	f1a1 0104 	sub.w	r1, r1, #4
	udd_configure_endpoint(ep, bmAttributes, (b_dir_in ? 1 : 0),
			MaxEndpointSize, bank);
	ep_allocated = 1 << ep;

	// Unalloc endpoints superior
	for (i = USB_DEVICE_MAX_EP; i > ep; i--) {
   82a74:	b2dd      	uxtb	r5, r3
   82a76:	42a5      	cmp	r5, r4
   82a78:	bf88      	it	hi
   82a7a:	46a0      	movhi	r8, r4
   82a7c:	f63f ae1e 	bhi.w	826bc <udd_ep_alloc+0xf8>
   82a80:	e6b2      	b.n	827e8 <udd_ep_alloc+0x224>
		if (Is_udd_endpoint_enabled(i)) {
			ep_allocated |= 1 << i;
   82a82:	fa00 f603 	lsl.w	r6, r0, r3
   82a86:	4337      	orrs	r7, r6
   82a88:	b2bf      	uxth	r7, r7
			udd_disable_endpoint(i);
   82a8a:	69d4      	ldr	r4, [r2, #28]
   82a8c:	ea24 0505 	bic.w	r5, r4, r5
   82a90:	61d5      	str	r5, [r2, #28]
			udd_unallocate_memory(i);
   82a92:	f851 6c04 	ldr.w	r6, [r1, #-4]
   82a96:	f026 0402 	bic.w	r4, r6, #2
   82a9a:	f841 4c04 	str.w	r4, [r1, #-4]
   82a9e:	f103 33ff 	add.w	r3, r3, #4294967295
   82aa2:	f1a9 0104 	sub.w	r1, r9, #4
	udd_configure_endpoint(ep, bmAttributes, (b_dir_in ? 1 : 0),
			MaxEndpointSize, bank);
	ep_allocated = 1 << ep;

	// Unalloc endpoints superior
	for (i = USB_DEVICE_MAX_EP; i > ep; i--) {
   82aa6:	b2dd      	uxtb	r5, r3
   82aa8:	4545      	cmp	r5, r8
   82aaa:	f63f ae07 	bhi.w	826bc <udd_ep_alloc+0xf8>
   82aae:	4644      	mov	r4, r8
   82ab0:	e69a      	b.n	827e8 <udd_ep_alloc+0x224>
   82ab2:	bf00      	nop

00082ab4 <udd_ep_abort>:
#endif
}


void udd_ep_abort(udd_ep_id_t ep)
{
   82ab4:	b538      	push	{r3, r4, r5, lr}
	uint8_t ep_index = ep & USB_EP_ADDR_MASK;
   82ab6:	f000 030f 	and.w	r3, r0, #15
		udd_disable_in_send_interrupt(ep_index);
	} else
#endif
	{
		// Stop DMA transfer
		udd_disable_endpoint_dma_interrupt(ep_index);
   82aba:	f103 32ff 	add.w	r2, r3, #4294967295
   82abe:	f04f 7100 	mov.w	r1, #33554432	; 0x2000000
   82ac2:	fa01 f102 	lsl.w	r1, r1, r2
   82ac6:	f44f 4240 	mov.w	r2, #49152	; 0xc000
   82aca:	f2c4 020a 	movt	r2, #16394	; 0x400a
   82ace:	6151      	str	r1, [r2, #20]
		udd_endpoint_dma_set_control(ep_index, 0);
   82ad0:	f44f 4443 	mov.w	r4, #49920	; 0xc300
   82ad4:	f2c4 040a 	movt	r4, #16394	; 0x400a
   82ad8:	eb04 1103 	add.w	r1, r4, r3, lsl #4
   82adc:	f04f 0400 	mov.w	r4, #0
   82ae0:	608c      	str	r4, [r1, #8]
	}
	udd_disable_endpoint_interrupt(ep_index);
   82ae2:	f44f 5180 	mov.w	r1, #4096	; 0x1000
   82ae6:	fa01 f103 	lsl.w	r1, r1, r3
   82aea:	6151      	str	r1, [r2, #20]
	// Kill IN banks
	if (ep & USB_EP_DIR_IN) {
   82aec:	f010 0f80 	tst.w	r0, #128	; 0x80
   82af0:	d01c      	beq.n	82b2c <udd_ep_abort+0x78>
		while(udd_nb_busy_bank(ep_index)) {
   82af2:	ea4f 0383 	mov.w	r3, r3, lsl #2
   82af6:	f24c 1530 	movw	r5, #49456	; 0xc130
   82afa:	f2c4 050a 	movt	r5, #16394	; 0x400a
   82afe:	1959      	adds	r1, r3, r5
			udd_kill_last_in_bank(ep_index);
   82b00:	f24c 12f0 	movw	r2, #49648	; 0xc1f0
   82b04:	f2c4 020a 	movt	r2, #16394	; 0x400a
   82b08:	189c      	adds	r4, r3, r2
   82b0a:	f44f 5500 	mov.w	r5, #8192	; 0x2000
			while(Is_udd_kill_last(ep_index));
   82b0e:	f24c 12c0 	movw	r2, #49600	; 0xc1c0
   82b12:	f2c4 020a 	movt	r2, #16394	; 0x400a
   82b16:	189a      	adds	r2, r3, r2
   82b18:	e004      	b.n	82b24 <udd_ep_abort+0x70>
	}
	udd_disable_endpoint_interrupt(ep_index);
	// Kill IN banks
	if (ep & USB_EP_DIR_IN) {
		while(udd_nb_busy_bank(ep_index)) {
			udd_kill_last_in_bank(ep_index);
   82b1a:	6025      	str	r5, [r4, #0]
			while(Is_udd_kill_last(ep_index));
   82b1c:	6813      	ldr	r3, [r2, #0]
   82b1e:	f413 5f00 	tst.w	r3, #8192	; 0x2000
   82b22:	d1fb      	bne.n	82b1c <udd_ep_abort+0x68>
		udd_endpoint_dma_set_control(ep_index, 0);
	}
	udd_disable_endpoint_interrupt(ep_index);
	// Kill IN banks
	if (ep & USB_EP_DIR_IN) {
		while(udd_nb_busy_bank(ep_index)) {
   82b24:	680b      	ldr	r3, [r1, #0]
   82b26:	f413 5f40 	tst.w	r3, #12288	; 0x3000
   82b2a:	d1f6      	bne.n	82b1a <udd_ep_abort+0x66>
			udd_kill_last_in_bank(ep_index);
			while(Is_udd_kill_last(ep_index));
		}
	}
	udd_ep_abort_job(ep);
   82b2c:	f241 5101 	movw	r1, #5377	; 0x1501
   82b30:	f2c0 0108 	movt	r1, #8
   82b34:	4788      	blx	r1
   82b36:	bd38      	pop	{r3, r4, r5, pc}

00082b38 <main>:
 * Atmel Software Framework (ASF).
 */
#include <asf.h>

int main (void)
{
   82b38:	b580      	push	{r7, lr}
	board_init();
   82b3a:	f642 3371 	movw	r3, #11121	; 0x2b71
   82b3e:	f2c0 0308 	movt	r3, #8
   82b42:	4798      	blx	r3

	// Insert application code here, after the board has been initialized.

	while (true)
	{
	gpio_set_pin_low(PHYCMD_DIGITAL_OUTPUT_0) ;
   82b44:	f04f 070e 	mov.w	r7, #14
   82b48:	f642 6675 	movw	r6, #11893	; 0x2e75
   82b4c:	f2c0 0608 	movt	r6, #8
	gpio_set_pin_high(PHYCMD_DIGITAL_OUTPUT_15) ;
   82b50:	f04f 052e 	mov.w	r5, #46	; 0x2e
   82b54:	f642 6455 	movw	r4, #11861	; 0x2e55
   82b58:	f2c0 0408 	movt	r4, #8

	// Insert application code here, after the board has been initialized.

	while (true)
	{
	gpio_set_pin_low(PHYCMD_DIGITAL_OUTPUT_0) ;
   82b5c:	4638      	mov	r0, r7
   82b5e:	47b0      	blx	r6
	gpio_set_pin_high(PHYCMD_DIGITAL_OUTPUT_15) ;
   82b60:	4628      	mov	r0, r5
   82b62:	47a0      	blx	r4
	gpio_set_pin_high(PHYCMD_DIGITAL_OUTPUT_0) ;
   82b64:	4638      	mov	r0, r7
   82b66:	47a0      	blx	r4
	gpio_set_pin_low(PHYCMD_DIGITAL_OUTPUT_15) ;
   82b68:	4628      	mov	r0, r5
   82b6a:	47b0      	blx	r6
   82b6c:	e7f6      	b.n	82b5c <main+0x24>
   82b6e:	bf00      	nop

00082b70 <board_init>:
#include "conf_board.h"
#include "gpio.h"
#include "ioport.h"

void board_init(void)
{
   82b70:	b538      	push	{r3, r4, r5, lr}
#ifndef CONF_BOARD_KEEP_WATCHDOG_AT_INIT
	/* Disable the watchdog */
	WDT->WDT_MR = WDT_MR_WDDIS;
   82b72:	f641 2350 	movw	r3, #6736	; 0x1a50
   82b76:	f2c4 030e 	movt	r3, #16398	; 0x400e
   82b7a:	f44f 4200 	mov.w	r2, #32768	; 0x8000
   82b7e:	605a      	str	r2, [r3, #4]
 *
 * \param ul_id Id (number) of the peripheral clock.
 */
static inline void sysclk_enable_peripheral_clock(uint32_t ul_id)
{
	pmc_enable_periph_clk(ul_id);
   82b80:	f04f 000b 	mov.w	r0, #11
   82b84:	f243 1421 	movw	r4, #12577	; 0x3121
   82b88:	f2c0 0408 	movt	r4, #8
   82b8c:	47a0      	blx	r4
   82b8e:	f04f 000c 	mov.w	r0, #12
   82b92:	47a0      	blx	r4
   82b94:	f04f 000d 	mov.w	r0, #13
   82b98:	47a0      	blx	r4
   82b9a:	f04f 000e 	mov.w	r0, #14
   82b9e:	47a0      	blx	r4
	 * In new designs IOPORT is used instead.
	 * Here IOPORT must be initialized for others to use before setting up IO.
	 */
	ioport_init();
	/* Configure LED pins */
	gpio_configure_pin(LED0_GPIO, LED0_FLAGS);
   82ba0:	f04f 003b 	mov.w	r0, #59	; 0x3b
   82ba4:	f04f 5160 	mov.w	r1, #939524096	; 0x38000000
   82ba8:	f642 6495 	movw	r4, #11925	; 0x2e95
   82bac:	f2c0 0408 	movt	r4, #8
   82bb0:	47a0      	blx	r4
	gpio_configure_pin(LED1_GPIO, LED1_FLAGS);
   82bb2:	f04f 0055 	mov.w	r0, #85	; 0x55
   82bb6:	f04f 5160 	mov.w	r1, #939524096	; 0x38000000
   82bba:	47a0      	blx	r4
	gpio_configure_pin(LED2_GPIO, LED2_FLAGS);
   82bbc:	f04f 0056 	mov.w	r0, #86	; 0x56
   82bc0:	f04f 5160 	mov.w	r1, #939524096	; 0x38000000
   82bc4:	47a0      	blx	r4

	/* Configure Push Button pins */
	gpio_configure_pin(GPIO_PUSH_BUTTON_1, GPIO_PUSH_BUTTON_1_FLAGS);
   82bc6:	f04f 0579 	mov.w	r5, #121	; 0x79
   82bca:	f6c2 0500 	movt	r5, #10240	; 0x2800
   82bce:	f04f 0068 	mov.w	r0, #104	; 0x68
   82bd2:	4629      	mov	r1, r5
   82bd4:	47a0      	blx	r4
	gpio_configure_pin(GPIO_PUSH_BUTTON_2, GPIO_PUSH_BUTTON_2_FLAGS);
   82bd6:	f04f 005c 	mov.w	r0, #92	; 0x5c
   82bda:	f04f 0101 	mov.w	r1, #1
   82bde:	f6c2 0100 	movt	r1, #10240	; 0x2800
   82be2:	47a0      	blx	r4

	/* Configure PhysicalCommander OUTPUT GPIO */
	gpio_configure_pin(PHYCMD_DIGITAL_OUTPUT_0, PHYCMD_DIGITAL_OUTPUT_0_FLAGS) ;
   82be4:	f04f 000e 	mov.w	r0, #14
   82be8:	f04f 5160 	mov.w	r1, #939524096	; 0x38000000
   82bec:	47a0      	blx	r4
	gpio_configure_pin(PHYCMD_DIGITAL_OUTPUT_1, PHYCMD_DIGITAL_OUTPUT_1_FLAGS) ;
   82bee:	f04f 0060 	mov.w	r0, #96	; 0x60
   82bf2:	f04f 5160 	mov.w	r1, #939524096	; 0x38000000
   82bf6:	47a0      	blx	r4
	gpio_configure_pin(PHYCMD_DIGITAL_OUTPUT_2, PHYCMD_DIGITAL_OUTPUT_2_FLAGS) ;
   82bf8:	f04f 0062 	mov.w	r0, #98	; 0x62
   82bfc:	f04f 5160 	mov.w	r1, #939524096	; 0x38000000
   82c00:	47a0      	blx	r4
	gpio_configure_pin(PHYCMD_DIGITAL_OUTPUT_3, PHYCMD_DIGITAL_OUTPUT_3_FLAGS) ;
   82c02:	f04f 0066 	mov.w	r0, #102	; 0x66
   82c06:	f04f 5160 	mov.w	r1, #939524096	; 0x38000000
   82c0a:	47a0      	blx	r4
	gpio_configure_pin(PHYCMD_DIGITAL_OUTPUT_4, PHYCMD_DIGITAL_OUTPUT_4_FLAGS) ;
   82c0c:	f04f 0007 	mov.w	r0, #7
   82c10:	f04f 5160 	mov.w	r1, #939524096	; 0x38000000
   82c14:	47a0      	blx	r4
	gpio_configure_pin(PHYCMD_DIGITAL_OUTPUT_5, PHYCMD_DIGITAL_OUTPUT_5_FLAGS) ;
   82c16:	f04f 0041 	mov.w	r0, #65	; 0x41
   82c1a:	f04f 5160 	mov.w	r1, #939524096	; 0x38000000
   82c1e:	47a0      	blx	r4
	gpio_configure_pin(PHYCMD_DIGITAL_OUTPUT_6, PHYCMD_DIGITAL_OUTPUT_6_FLAGS) ;
   82c20:	f04f 0043 	mov.w	r0, #67	; 0x43
   82c24:	f04f 5160 	mov.w	r1, #939524096	; 0x38000000
   82c28:	47a0      	blx	r4
	gpio_configure_pin(PHYCMD_DIGITAL_OUTPUT_7, PHYCMD_DIGITAL_OUTPUT_7_FLAGS) ;
   82c2a:	f04f 0045 	mov.w	r0, #69	; 0x45
   82c2e:	f04f 5160 	mov.w	r1, #939524096	; 0x38000000
   82c32:	47a0      	blx	r4
	gpio_configure_pin(PHYCMD_DIGITAL_OUTPUT_8, PHYCMD_DIGITAL_OUTPUT_8_FLAGS) ;
   82c34:	f04f 0047 	mov.w	r0, #71	; 0x47
   82c38:	f04f 5160 	mov.w	r1, #939524096	; 0x38000000
   82c3c:	47a0      	blx	r4
	gpio_configure_pin(PHYCMD_DIGITAL_OUTPUT_9, PHYCMD_DIGITAL_OUTPUT_9_FLAGS) ;
   82c3e:	f04f 0049 	mov.w	r0, #73	; 0x49
   82c42:	f04f 5160 	mov.w	r1, #939524096	; 0x38000000
   82c46:	47a0      	blx	r4
	gpio_configure_pin(PHYCMD_DIGITAL_OUTPUT_10, PHYCMD_DIGITAL_OUTPUT_10_FLAGS) ;
   82c48:	f04f 0014 	mov.w	r0, #20
   82c4c:	f04f 5160 	mov.w	r1, #939524096	; 0x38000000
   82c50:	47a0      	blx	r4
	gpio_configure_pin(PHYCMD_DIGITAL_OUTPUT_11, PHYCMD_DIGITAL_OUTPUT_11_FLAGS) ;
   82c52:	f04f 0052 	mov.w	r0, #82	; 0x52
   82c56:	f04f 5160 	mov.w	r1, #939524096	; 0x38000000
   82c5a:	47a0      	blx	r4
	gpio_configure_pin(PHYCMD_DIGITAL_OUTPUT_12, PHYCMD_DIGITAL_OUTPUT_12_FLAGS) ;
   82c5c:	f04f 0050 	mov.w	r0, #80	; 0x50
   82c60:	f04f 5160 	mov.w	r1, #939524096	; 0x38000000
   82c64:	47a0      	blx	r4
	gpio_configure_pin(PHYCMD_DIGITAL_OUTPUT_13, PHYCMD_DIGITAL_OUTPUT_13_FLAGS) ;
   82c66:	f04f 004e 	mov.w	r0, #78	; 0x4e
   82c6a:	f04f 5160 	mov.w	r1, #939524096	; 0x38000000
   82c6e:	47a0      	blx	r4
	gpio_configure_pin(PHYCMD_DIGITAL_OUTPUT_14, PHYCMD_DIGITAL_OUTPUT_14_FLAGS) ;
   82c70:	f04f 004c 	mov.w	r0, #76	; 0x4c
   82c74:	f04f 5160 	mov.w	r1, #939524096	; 0x38000000
   82c78:	47a0      	blx	r4
	gpio_configure_pin(PHYCMD_DIGITAL_OUTPUT_15, PHYCMD_DIGITAL_OUTPUT_15_FLAGS) ;
   82c7a:	f04f 002e 	mov.w	r0, #46	; 0x2e
   82c7e:	f04f 5160 	mov.w	r1, #939524096	; 0x38000000
   82c82:	47a0      	blx	r4
	
	/* Configure PhysicalCommander INPUT GPIO */
	gpio_configure_pin(PHYCMD_DIGITAL_INPUT_0, PHYCMD_DIGITAL_INPUT_0_FLAGS) ;
   82c84:	f04f 003a 	mov.w	r0, #58	; 0x3a
   82c88:	4629      	mov	r1, r5
   82c8a:	47a0      	blx	r4
	gpio_configure_pin(PHYCMD_DIGITAL_INPUT_1, PHYCMD_DIGITAL_INPUT_1_FLAGS) ;
   82c8c:	f04f 000f 	mov.w	r0, #15
   82c90:	4629      	mov	r1, r5
   82c92:	47a0      	blx	r4
	gpio_configure_pin(PHYCMD_DIGITAL_INPUT_2, PHYCMD_DIGITAL_INPUT_2_FLAGS) ;
   82c94:	f04f 0061 	mov.w	r0, #97	; 0x61
   82c98:	4629      	mov	r1, r5
   82c9a:	47a0      	blx	r4
	gpio_configure_pin(PHYCMD_DIGITAL_INPUT_3, PHYCMD_DIGITAL_INPUT_3_FLAGS) ;
   82c9c:	f04f 0063 	mov.w	r0, #99	; 0x63
   82ca0:	4629      	mov	r1, r5
   82ca2:	47a0      	blx	r4
	gpio_configure_pin(PHYCMD_DIGITAL_INPUT_4, PHYCMD_DIGITAL_INPUT_4_FLAGS) ;
   82ca4:	f04f 0069 	mov.w	r0, #105	; 0x69
   82ca8:	4629      	mov	r1, r5
   82caa:	47a0      	blx	r4
	gpio_configure_pin(PHYCMD_DIGITAL_INPUT_5, PHYCMD_DIGITAL_INPUT_5_FLAGS) ;
   82cac:	f04f 006a 	mov.w	r0, #106	; 0x6a
   82cb0:	4629      	mov	r1, r5
   82cb2:	47a0      	blx	r4
	gpio_configure_pin(PHYCMD_DIGITAL_INPUT_6, PHYCMD_DIGITAL_INPUT_6_FLAGS) ;
   82cb4:	f04f 0042 	mov.w	r0, #66	; 0x42
   82cb8:	4629      	mov	r1, r5
   82cba:	47a0      	blx	r4
	gpio_configure_pin(PHYCMD_DIGITAL_INPUT_7, PHYCMD_DIGITAL_INPUT_7_FLAGS) ;
   82cbc:	f04f 0044 	mov.w	r0, #68	; 0x44
   82cc0:	4629      	mov	r1, r5
   82cc2:	47a0      	blx	r4
	gpio_configure_pin(PHYCMD_DIGITAL_INPUT_8, PHYCMD_DIGITAL_INPUT_8_FLAGS) ;
   82cc4:	f04f 0046 	mov.w	r0, #70	; 0x46
   82cc8:	4629      	mov	r1, r5
   82cca:	47a0      	blx	r4
	gpio_configure_pin(PHYCMD_DIGITAL_INPUT_9, PHYCMD_DIGITAL_INPUT_9_FLAGS) ;
   82ccc:	f04f 0048 	mov.w	r0, #72	; 0x48
   82cd0:	4629      	mov	r1, r5
   82cd2:	47a0      	blx	r4
	gpio_configure_pin(PHYCMD_DIGITAL_INPUT_10, PHYCMD_DIGITAL_INPUT_10_FLAGS) ;
   82cd4:	f04f 0013 	mov.w	r0, #19
   82cd8:	4629      	mov	r1, r5
   82cda:	47a0      	blx	r4
	gpio_configure_pin(PHYCMD_DIGITAL_INPUT_11, PHYCMD_DIGITAL_INPUT_11_FLAGS) ;
   82cdc:	f04f 0053 	mov.w	r0, #83	; 0x53
   82ce0:	4629      	mov	r1, r5
   82ce2:	47a0      	blx	r4
	gpio_configure_pin(PHYCMD_DIGITAL_INPUT_12, PHYCMD_DIGITAL_INPUT_12_FLAGS) ;
   82ce4:	f04f 0051 	mov.w	r0, #81	; 0x51
   82ce8:	4629      	mov	r1, r5
   82cea:	47a0      	blx	r4
	gpio_configure_pin(PHYCMD_DIGITAL_INPUT_13, PHYCMD_DIGITAL_INPUT_13_FLAGS) ;
   82cec:	f04f 004f 	mov.w	r0, #79	; 0x4f
   82cf0:	4629      	mov	r1, r5
   82cf2:	47a0      	blx	r4
	gpio_configure_pin(PHYCMD_DIGITAL_INPUT_14, PHYCMD_DIGITAL_INPUT_14_FLAGS) ;
   82cf4:	f04f 004d 	mov.w	r0, #77	; 0x4d
   82cf8:	4629      	mov	r1, r5
   82cfa:	47a0      	blx	r4
	gpio_configure_pin(PHYCMD_DIGITAL_INPUT_15, PHYCMD_DIGITAL_INPUT_15_FLAGS) ;
   82cfc:	f04f 0055 	mov.w	r0, #85	; 0x55
   82d00:	4629      	mov	r1, r5
   82d02:	47a0      	blx	r4

#ifdef CONF_BOARD_UART_CONSOLE
	/* Configure UART pins */
	gpio_configure_group(PINS_UART_PIO, PINS_UART, PINS_UART_FLAGS);
   82d04:	f44f 6060 	mov.w	r0, #3584	; 0xe00
   82d08:	f2c4 000e 	movt	r0, #16398	; 0x400e
   82d0c:	f44f 7140 	mov.w	r1, #768	; 0x300
   82d10:	f04f 6200 	mov.w	r2, #134217728	; 0x8000000
   82d14:	f642 7395 	movw	r3, #12181	; 0x2f95
   82d18:	f2c0 0308 	movt	r3, #8
   82d1c:	4798      	blx	r3
#endif

	/* Configure ADC example pins */
#ifdef CONF_BOARD_ADC
	/* TC TIOA configuration */
	gpio_configure_pin(PIN_TC0_TIOA0,PIN_TC0_TIOA0_FLAGS);
   82d1e:	f04f 0039 	mov.w	r0, #57	; 0x39
   82d22:	f04f 5120 	mov.w	r1, #671088640	; 0x28000000
   82d26:	47a0      	blx	r4

	/* ADC Trigger configuration */
	gpio_configure_pin(PINS_ADC_TRIG, PINS_ADC_TRIG_FLAG);
   82d28:	f04f 000b 	mov.w	r0, #11
   82d2c:	f04f 5180 	mov.w	r1, #268435456	; 0x10000000
   82d30:	47a0      	blx	r4

	/* PWMH0 configuration */
	gpio_configure_pin(PIN_PWMC_PWMH0_TRIG, PIN_PWMC_PWMH0_TRIG_FLAG);
   82d32:	f04f 002c 	mov.w	r0, #44	; 0x2c
   82d36:	f04f 5180 	mov.w	r1, #268435456	; 0x10000000
   82d3a:	47a0      	blx	r4
#endif

#ifdef CONF_BOARD_PWM_LED0
	/* Configure PWM LED0 pin */
	gpio_configure_pin(PIN_PWM_LED0_GPIO, PIN_PWM_LED0_FLAGS);
   82d3c:	f04f 0055 	mov.w	r0, #85	; 0x55
   82d40:	f04f 5180 	mov.w	r1, #268435456	; 0x10000000
   82d44:	47a0      	blx	r4
#endif

#ifdef CONF_BOARD_PWM_LED1
	/* Configure PWM LED1 pin */
	gpio_configure_pin(PIN_PWM_LED1_GPIO, PIN_PWM_LED1_FLAGS);
   82d46:	f04f 0056 	mov.w	r0, #86	; 0x56
   82d4a:	f04f 5180 	mov.w	r1, #268435456	; 0x10000000
   82d4e:	47a0      	blx	r4
#endif

#ifdef CONF_BOARD_PWM_LED2
	/* Configure PWM LED2 pin */
	gpio_configure_pin(PIN_PWM_LED2_GPIO, PIN_PWM_LED2_FLAGS);
   82d50:	f04f 0057 	mov.w	r0, #87	; 0x57
   82d54:	f04f 5180 	mov.w	r1, #268435456	; 0x10000000
   82d58:	47a0      	blx	r4
	gpio_configure_pin(PIN_USART0_TXD_IDX, PIN_USART0_TXD_FLAGS);
#endif

#ifdef CONF_BOARD_USB_PORT
	/* Configure USB_ID (UOTGID) pin */
	gpio_configure_pin(USB_ID_GPIO, USB_ID_FLAGS);
   82d5a:	f04f 002b 	mov.w	r0, #43	; 0x2b
   82d5e:	f04f 6100 	mov.w	r1, #134217728	; 0x8000000
   82d62:	47a0      	blx	r4
	/* Configure USB_VBOF (UOTGVBOF) pin */
	gpio_configure_pin(USB_VBOF_GPIO, USB_VBOF_FLAGS);
   82d64:	f04f 002a 	mov.w	r0, #42	; 0x2a
   82d68:	f04f 6100 	mov.w	r1, #134217728	; 0x8000000
   82d6c:	47a0      	blx	r4
   82d6e:	bd38      	pop	{r3, r4, r5, pc}

00082d70 <pio_pull_up>:
 */
void pio_pull_up(Pio *p_pio, const uint32_t ul_mask,
		const uint32_t ul_pull_up_enable)
{
	/* Enable the pull-up(s) if necessary */
	if (ul_pull_up_enable) {
   82d70:	b10a      	cbz	r2, 82d76 <pio_pull_up+0x6>
		p_pio->PIO_PUER = ul_mask;
   82d72:	6641      	str	r1, [r0, #100]	; 0x64
   82d74:	4770      	bx	lr
	} else {
		p_pio->PIO_PUDR = ul_mask;
   82d76:	6601      	str	r1, [r0, #96]	; 0x60
   82d78:	4770      	bx	lr
   82d7a:	bf00      	nop

00082d7c <pio_set_peripheral>:
		const uint32_t ul_mask)
{
	uint32_t ul_sr;

	/* Disable interrupts on the pin(s) */
	p_pio->PIO_IDR = ul_mask;
   82d7c:	6442      	str	r2, [r0, #68]	; 0x44
	case PIO_OUTPUT_1:
	case PIO_NOT_A_PIN:
		return;
	}
#elif (SAM3XA|| SAM3U)
	switch (ul_type) {
   82d7e:	f1b1 5f80 	cmp.w	r1, #268435456	; 0x10000000
   82d82:	d016      	beq.n	82db2 <pio_set_peripheral+0x36>
   82d84:	d804      	bhi.n	82d90 <pio_set_peripheral+0x14>
   82d86:	b1c9      	cbz	r1, 82dbc <pio_set_peripheral+0x40>
   82d88:	f1b1 6f00 	cmp.w	r1, #134217728	; 0x8000000
   82d8c:	d115      	bne.n	82dba <pio_set_peripheral+0x3e>
   82d8e:	e009      	b.n	82da4 <pio_set_peripheral+0x28>
   82d90:	f1b1 5f40 	cmp.w	r1, #805306368	; 0x30000000
   82d94:	d012      	beq.n	82dbc <pio_set_peripheral+0x40>
   82d96:	f1b1 5f60 	cmp.w	r1, #939524096	; 0x38000000
   82d9a:	d00f      	beq.n	82dbc <pio_set_peripheral+0x40>
   82d9c:	f1b1 5f20 	cmp.w	r1, #671088640	; 0x28000000
   82da0:	d10b      	bne.n	82dba <pio_set_peripheral+0x3e>
   82da2:	4770      	bx	lr
	case PIO_PERIPH_A:
		ul_sr = p_pio->PIO_ABSR;
   82da4:	6f03      	ldr	r3, [r0, #112]	; 0x70
		p_pio->PIO_ABSR &= (~ul_mask & ul_sr);
   82da6:	6f01      	ldr	r1, [r0, #112]	; 0x70
   82da8:	400b      	ands	r3, r1
   82daa:	ea23 0302 	bic.w	r3, r3, r2
   82dae:	6703      	str	r3, [r0, #112]	; 0x70
		break;
   82db0:	e003      	b.n	82dba <pio_set_peripheral+0x3e>

	case PIO_PERIPH_B:
		ul_sr = p_pio->PIO_ABSR;
   82db2:	6f03      	ldr	r3, [r0, #112]	; 0x70
		p_pio->PIO_ABSR = (ul_mask | ul_sr);
   82db4:	ea42 0103 	orr.w	r1, r2, r3
   82db8:	6701      	str	r1, [r0, #112]	; 0x70
#else
#error "Unsupported device"
#endif

	/* Remove the pins from under the control of PIO */
	p_pio->PIO_PDR = ul_mask;
   82dba:	6042      	str	r2, [r0, #4]
   82dbc:	4770      	bx	lr
   82dbe:	bf00      	nop

00082dc0 <pio_disable_interrupt>:
 * \param p_pio Pointer to a PIO instance.
 * \param ul_mask Interrupt sources bit map.
 */
void pio_disable_interrupt(Pio *p_pio, const uint32_t ul_mask)
{
	p_pio->PIO_IDR = ul_mask;
   82dc0:	6441      	str	r1, [r0, #68]	; 0x44
   82dc2:	4770      	bx	lr

00082dc4 <pio_set_output>:
 */
void pio_set_output(Pio *p_pio, const uint32_t ul_mask,
		const uint32_t ul_default_level,
		const uint32_t ul_multidrive_enable,
		const uint32_t ul_pull_up_enable)
{
   82dc4:	b5f8      	push	{r3, r4, r5, r6, r7, lr}
   82dc6:	4604      	mov	r4, r0
   82dc8:	460d      	mov	r5, r1
   82dca:	4616      	mov	r6, r2
   82dcc:	461f      	mov	r7, r3
	pio_disable_interrupt(p_pio, ul_mask);
   82dce:	f642 53c1 	movw	r3, #11713	; 0x2dc1
   82dd2:	f2c0 0308 	movt	r3, #8
   82dd6:	4798      	blx	r3
	pio_pull_up(p_pio, ul_mask, ul_pull_up_enable);
   82dd8:	4620      	mov	r0, r4
   82dda:	4629      	mov	r1, r5
   82ddc:	9a06      	ldr	r2, [sp, #24]
   82dde:	f642 5371 	movw	r3, #11633	; 0x2d71
   82de2:	f2c0 0308 	movt	r3, #8
   82de6:	4798      	blx	r3

	/* Enable multi-drive if necessary */
	if (ul_multidrive_enable) {
   82de8:	b10f      	cbz	r7, 82dee <pio_set_output+0x2a>
		p_pio->PIO_MDER = ul_mask;
   82dea:	6525      	str	r5, [r4, #80]	; 0x50
   82dec:	e000      	b.n	82df0 <pio_set_output+0x2c>
	} else {
		p_pio->PIO_MDDR = ul_mask;
   82dee:	6565      	str	r5, [r4, #84]	; 0x54
	}

	/* Set default value */
	if (ul_default_level) {
   82df0:	b10e      	cbz	r6, 82df6 <pio_set_output+0x32>
		p_pio->PIO_SODR = ul_mask;
   82df2:	6325      	str	r5, [r4, #48]	; 0x30
   82df4:	e000      	b.n	82df8 <pio_set_output+0x34>
	} else {
		p_pio->PIO_CODR = ul_mask;
   82df6:	6365      	str	r5, [r4, #52]	; 0x34
	}

	/* Configure pin(s) as output(s) */
	p_pio->PIO_OER = ul_mask;
   82df8:	6125      	str	r5, [r4, #16]
	p_pio->PIO_PER = ul_mask;
   82dfa:	6025      	str	r5, [r4, #0]
   82dfc:	bdf8      	pop	{r3, r4, r5, r6, r7, pc}
   82dfe:	bf00      	nop

00082e00 <pio_set_input>:
 * \param ul_mask Bitmask indicating which pin(s) to configure as input(s).
 * \param ul_attribute PIO attribute(s).
 */
void pio_set_input(Pio *p_pio, const uint32_t ul_mask,
		const uint32_t ul_attribute)
{
   82e00:	b570      	push	{r4, r5, r6, lr}
   82e02:	4604      	mov	r4, r0
   82e04:	460d      	mov	r5, r1
   82e06:	4616      	mov	r6, r2
	pio_disable_interrupt(p_pio, ul_mask);
   82e08:	f642 53c1 	movw	r3, #11713	; 0x2dc1
   82e0c:	f2c0 0308 	movt	r3, #8
   82e10:	4798      	blx	r3
	pio_pull_up(p_pio, ul_mask, ul_attribute & PIO_PULLUP);
   82e12:	4620      	mov	r0, r4
   82e14:	4629      	mov	r1, r5
   82e16:	f006 0201 	and.w	r2, r6, #1
   82e1a:	f642 5371 	movw	r3, #11633	; 0x2d71
   82e1e:	f2c0 0308 	movt	r3, #8
   82e22:	4798      	blx	r3

	/* Enable Input Filter if necessary */
	if (ul_attribute & (PIO_DEGLITCH | PIO_DEBOUNCE)) {
   82e24:	f016 0f0a 	tst.w	r6, #10
		p_pio->PIO_IFER = ul_mask;
   82e28:	bf14      	ite	ne
   82e2a:	6225      	strne	r5, [r4, #32]
	} else {
		p_pio->PIO_IFDR = ul_mask;
   82e2c:	6265      	streq	r5, [r4, #36]	; 0x24
			p_pio->PIO_IFSCER = ul_mask;
		}
	}
#elif (SAM3XA|| SAM3U)
	/* Enable de-glitch or de-bounce if necessary */
	if (ul_attribute & PIO_DEGLITCH) {
   82e2e:	f016 0f02 	tst.w	r6, #2
   82e32:	d002      	beq.n	82e3a <pio_set_input+0x3a>
		p_pio->PIO_SCIFSR = ul_mask;
   82e34:	f8c4 5080 	str.w	r5, [r4, #128]	; 0x80
   82e38:	e004      	b.n	82e44 <pio_set_input+0x44>
	} else {
		if (ul_attribute & PIO_DEBOUNCE) {
   82e3a:	f016 0f08 	tst.w	r6, #8
			p_pio->PIO_SCIFSR = ul_mask;
   82e3e:	bf18      	it	ne
   82e40:	f8c4 5080 	strne.w	r5, [r4, #128]	; 0x80
#else
#error "Unsupported device"
#endif

	/* Configure pin as input */
	p_pio->PIO_ODR = ul_mask;
   82e44:	6165      	str	r5, [r4, #20]
	p_pio->PIO_PER = ul_mask;
   82e46:	6025      	str	r5, [r4, #0]
   82e48:	bd70      	pop	{r4, r5, r6, pc}
   82e4a:	bf00      	nop

00082e4c <pio_get_interrupt_status>:
 *
 * \return The interrupt status mask value.
 */
uint32_t pio_get_interrupt_status(const Pio *p_pio)
{
	return p_pio->PIO_ISR;
   82e4c:	6cc0      	ldr	r0, [r0, #76]	; 0x4c
}
   82e4e:	4770      	bx	lr

00082e50 <pio_get_interrupt_mask>:
 *
 * \return The interrupt mask value.
 */
uint32_t pio_get_interrupt_mask(const Pio *p_pio)
{
	return p_pio->PIO_IMR;
   82e50:	6c80      	ldr	r0, [r0, #72]	; 0x48
}
   82e52:	4770      	bx	lr

00082e54 <pio_set_pin_high>:
 *
 * \note The function \ref pio_configure_pin must be called beforehand.
 */
void pio_set_pin_high(uint32_t ul_pin)
{
	Pio *p_pio = (Pio *)((uint32_t)PIOA + (PIO_DELTA * (ul_pin >> 5)));
   82e54:	ea4f 1350 	mov.w	r3, r0, lsr #5
   82e58:	f503 1100 	add.w	r1, r3, #2097152	; 0x200000
   82e5c:	f201 7207 	addw	r2, r1, #1799	; 0x707
   82e60:	ea4f 2342 	mov.w	r3, r2, lsl #9
	/* Value to be driven on the I/O line: 1. */
	p_pio->PIO_SODR = 1 << (ul_pin & 0x1F);
   82e64:	f000 001f 	and.w	r0, r0, #31
   82e68:	f04f 0101 	mov.w	r1, #1
   82e6c:	fa01 f200 	lsl.w	r2, r1, r0
   82e70:	631a      	str	r2, [r3, #48]	; 0x30
   82e72:	4770      	bx	lr

00082e74 <pio_set_pin_low>:
 *
 * \note The function \ref pio_configure_pin must be called before.
 */
void pio_set_pin_low(uint32_t ul_pin)
{
	Pio *p_pio = (Pio *)((uint32_t)PIOA + (PIO_DELTA * (ul_pin >> 5)));
   82e74:	ea4f 1350 	mov.w	r3, r0, lsr #5
   82e78:	f503 1100 	add.w	r1, r3, #2097152	; 0x200000
   82e7c:	f201 7207 	addw	r2, r1, #1799	; 0x707
   82e80:	ea4f 2342 	mov.w	r3, r2, lsl #9
	/* Value to be driven on the I/O line: 0. */
	p_pio->PIO_CODR = 1 << (ul_pin & 0x1F);
   82e84:	f000 001f 	and.w	r0, r0, #31
   82e88:	f04f 0101 	mov.w	r1, #1
   82e8c:	fa01 f200 	lsl.w	r2, r1, r0
   82e90:	635a      	str	r2, [r3, #52]	; 0x34
   82e92:	4770      	bx	lr

00082e94 <pio_configure_pin>:
 * \param ul_flags Pins attributes.
 *
 * \return Whether the pin(s) have been configured properly.
 */
uint32_t pio_configure_pin(uint32_t ul_pin, const uint32_t ul_flags)
{
   82e94:	b5f0      	push	{r4, r5, r6, r7, lr}
   82e96:	b083      	sub	sp, #12
   82e98:	460d      	mov	r5, r1
	Pio *p_pio = (Pio *)((uint32_t)PIOA + (PIO_DELTA * (ul_pin >> 5)));
   82e9a:	ea4f 1650 	mov.w	r6, r0, lsr #5
   82e9e:	f506 1100 	add.w	r1, r6, #2097152	; 0x200000
   82ea2:	f201 7207 	addw	r2, r1, #1799	; 0x707
   82ea6:	ea4f 2642 	mov.w	r6, r2, lsl #9

	/* Configure pins */
	switch (ul_flags & PIO_TYPE_Msk) {
   82eaa:	f005 44f0 	and.w	r4, r5, #2013265920	; 0x78000000
   82eae:	f1b4 5f20 	cmp.w	r4, #671088640	; 0x28000000
   82eb2:	d042      	beq.n	82f3a <pio_configure_pin+0xa6>
   82eb4:	d806      	bhi.n	82ec4 <pio_configure_pin+0x30>
   82eb6:	f1b4 6f00 	cmp.w	r4, #134217728	; 0x8000000
   82eba:	d00a      	beq.n	82ed2 <pio_configure_pin+0x3e>
   82ebc:	f1b4 5f80 	cmp.w	r4, #268435456	; 0x10000000
   82ec0:	d164      	bne.n	82f8c <pio_configure_pin+0xf8>
   82ec2:	e020      	b.n	82f06 <pio_configure_pin+0x72>
   82ec4:	f1b4 5f40 	cmp.w	r4, #805306368	; 0x30000000
   82ec8:	d046      	beq.n	82f58 <pio_configure_pin+0xc4>
   82eca:	f1b4 5f60 	cmp.w	r4, #939524096	; 0x38000000
   82ece:	d15d      	bne.n	82f8c <pio_configure_pin+0xf8>
   82ed0:	e042      	b.n	82f58 <pio_configure_pin+0xc4>
	case PIO_TYPE_PIO_PERIPH_A:
		pio_set_peripheral(p_pio, PIO_PERIPH_A, (1 << (ul_pin & 0x1F)));
   82ed2:	f000 071f 	and.w	r7, r0, #31
   82ed6:	f04f 0401 	mov.w	r4, #1
   82eda:	fa04 f707 	lsl.w	r7, r4, r7
   82ede:	4630      	mov	r0, r6
   82ee0:	f04f 6100 	mov.w	r1, #134217728	; 0x8000000
   82ee4:	463a      	mov	r2, r7
   82ee6:	f642 537d 	movw	r3, #11645	; 0x2d7d
   82eea:	f2c0 0308 	movt	r3, #8
   82eee:	4798      	blx	r3
		pio_pull_up(p_pio, (1 << (ul_pin & 0x1F)),
   82ef0:	4630      	mov	r0, r6
   82ef2:	4639      	mov	r1, r7
   82ef4:	ea05 0204 	and.w	r2, r5, r4
   82ef8:	f642 5371 	movw	r3, #11633	; 0x2d71
   82efc:	f2c0 0308 	movt	r3, #8
   82f00:	4798      	blx	r3

	default:
		return 0;
	}

	return 1;
   82f02:	4620      	mov	r0, r4
	switch (ul_flags & PIO_TYPE_Msk) {
	case PIO_TYPE_PIO_PERIPH_A:
		pio_set_peripheral(p_pio, PIO_PERIPH_A, (1 << (ul_pin & 0x1F)));
		pio_pull_up(p_pio, (1 << (ul_pin & 0x1F)),
				(ul_flags & PIO_PULLUP));
		break;
   82f04:	e044      	b.n	82f90 <pio_configure_pin+0xfc>
	case PIO_TYPE_PIO_PERIPH_B:
		pio_set_peripheral(p_pio, PIO_PERIPH_B, (1 << (ul_pin & 0x1F)));
   82f06:	f000 001f 	and.w	r0, r0, #31
   82f0a:	f04f 0401 	mov.w	r4, #1
   82f0e:	fa04 f700 	lsl.w	r7, r4, r0
   82f12:	4630      	mov	r0, r6
   82f14:	f04f 5180 	mov.w	r1, #268435456	; 0x10000000
   82f18:	463a      	mov	r2, r7
   82f1a:	f642 537d 	movw	r3, #11645	; 0x2d7d
   82f1e:	f2c0 0308 	movt	r3, #8
   82f22:	4798      	blx	r3
		pio_pull_up(p_pio, (1 << (ul_pin & 0x1F)),
   82f24:	4630      	mov	r0, r6
   82f26:	4639      	mov	r1, r7
   82f28:	ea05 0204 	and.w	r2, r5, r4
   82f2c:	f642 5371 	movw	r3, #11633	; 0x2d71
   82f30:	f2c0 0308 	movt	r3, #8
   82f34:	4798      	blx	r3

	default:
		return 0;
	}

	return 1;
   82f36:	4620      	mov	r0, r4
		break;
	case PIO_TYPE_PIO_PERIPH_B:
		pio_set_peripheral(p_pio, PIO_PERIPH_B, (1 << (ul_pin & 0x1F)));
		pio_pull_up(p_pio, (1 << (ul_pin & 0x1F)),
				(ul_flags & PIO_PULLUP));
		break;
   82f38:	e02a      	b.n	82f90 <pio_configure_pin+0xfc>
				(ul_flags & PIO_PULLUP));
		break;
#endif

	case PIO_TYPE_PIO_INPUT:
		pio_set_input(p_pio, (1 << (ul_pin & 0x1F)), ul_flags);
   82f3a:	f000 021f 	and.w	r2, r0, #31
   82f3e:	f04f 0401 	mov.w	r4, #1
   82f42:	4630      	mov	r0, r6
   82f44:	fa04 f102 	lsl.w	r1, r4, r2
   82f48:	462a      	mov	r2, r5
   82f4a:	f642 6301 	movw	r3, #11777	; 0x2e01
   82f4e:	f2c0 0308 	movt	r3, #8
   82f52:	4798      	blx	r3

	default:
		return 0;
	}

	return 1;
   82f54:	4620      	mov	r0, r4
		break;
#endif

	case PIO_TYPE_PIO_INPUT:
		pio_set_input(p_pio, (1 << (ul_pin & 0x1F)), ul_flags);
		break;
   82f56:	e01b      	b.n	82f90 <pio_configure_pin+0xfc>

	case PIO_TYPE_PIO_OUTPUT_0:
	case PIO_TYPE_PIO_OUTPUT_1:
		pio_set_output(p_pio, (1 << (ul_pin & 0x1F)),
   82f58:	f000 021f 	and.w	r2, r0, #31
   82f5c:	f04f 0401 	mov.w	r4, #1
				((ul_flags & PIO_TYPE_PIO_OUTPUT_1)
   82f60:	f005 5360 	and.w	r3, r5, #939524096	; 0x38000000
		pio_set_input(p_pio, (1 << (ul_pin & 0x1F)), ul_flags);
		break;

	case PIO_TYPE_PIO_OUTPUT_0:
	case PIO_TYPE_PIO_OUTPUT_1:
		pio_set_output(p_pio, (1 << (ul_pin & 0x1F)),
   82f64:	ea05 0104 	and.w	r1, r5, r4
   82f68:	9100      	str	r1, [sp, #0]
   82f6a:	4630      	mov	r0, r6
   82f6c:	fa04 f102 	lsl.w	r1, r4, r2
   82f70:	f1b3 5f60 	cmp.w	r3, #939524096	; 0x38000000
   82f74:	bf14      	ite	ne
   82f76:	2200      	movne	r2, #0
   82f78:	2201      	moveq	r2, #1
   82f7a:	f3c5 0380 	ubfx	r3, r5, #2, #1
   82f7e:	f642 55c5 	movw	r5, #11717	; 0x2dc5
   82f82:	f2c0 0508 	movt	r5, #8
   82f86:	47a8      	blx	r5

	default:
		return 0;
	}

	return 1;
   82f88:	4620      	mov	r0, r4
		pio_set_output(p_pio, (1 << (ul_pin & 0x1F)),
				((ul_flags & PIO_TYPE_PIO_OUTPUT_1)
				== PIO_TYPE_PIO_OUTPUT_1) ? 1 : 0,
				(ul_flags & PIO_OPENDRAIN) ? 1 : 0,
				(ul_flags & PIO_PULLUP) ? 1 : 0);
		break;
   82f8a:	e001      	b.n	82f90 <pio_configure_pin+0xfc>

	default:
		return 0;
   82f8c:	f04f 0000 	mov.w	r0, #0
	}

	return 1;
}
   82f90:	b003      	add	sp, #12
   82f92:	bdf0      	pop	{r4, r5, r6, r7, pc}

00082f94 <pio_configure_pin_group>:
 *
 * \return Whether the pin(s) have been configured properly.
 */
uint32_t pio_configure_pin_group(Pio *p_pio,
		uint32_t ul_mask, const uint32_t ul_flags)
{
   82f94:	b5f0      	push	{r4, r5, r6, r7, lr}
   82f96:	b083      	sub	sp, #12
   82f98:	4607      	mov	r7, r0
   82f9a:	460e      	mov	r6, r1
   82f9c:	4615      	mov	r5, r2
	/* Configure pins */
	switch (ul_flags & PIO_TYPE_Msk) {
   82f9e:	f002 44f0 	and.w	r4, r2, #2013265920	; 0x78000000
   82fa2:	f1b4 5f20 	cmp.w	r4, #671088640	; 0x28000000
   82fa6:	d036      	beq.n	83016 <pio_configure_pin_group+0x82>
   82fa8:	d806      	bhi.n	82fb8 <pio_configure_pin_group+0x24>
   82faa:	f1b4 6f00 	cmp.w	r4, #134217728	; 0x8000000
   82fae:	d00a      	beq.n	82fc6 <pio_configure_pin_group+0x32>
   82fb0:	f1b4 5f80 	cmp.w	r4, #268435456	; 0x10000000
   82fb4:	d14d      	bne.n	83052 <pio_configure_pin_group+0xbe>
   82fb6:	e01a      	b.n	82fee <pio_configure_pin_group+0x5a>
   82fb8:	f1b4 5f40 	cmp.w	r4, #805306368	; 0x30000000
   82fbc:	d033      	beq.n	83026 <pio_configure_pin_group+0x92>
   82fbe:	f1b4 5f60 	cmp.w	r4, #939524096	; 0x38000000
   82fc2:	d146      	bne.n	83052 <pio_configure_pin_group+0xbe>
   82fc4:	e02f      	b.n	83026 <pio_configure_pin_group+0x92>
	case PIO_TYPE_PIO_PERIPH_A:
		pio_set_peripheral(p_pio, PIO_PERIPH_A, ul_mask);
   82fc6:	f04f 6100 	mov.w	r1, #134217728	; 0x8000000
   82fca:	4632      	mov	r2, r6
   82fcc:	f642 537d 	movw	r3, #11645	; 0x2d7d
   82fd0:	f2c0 0308 	movt	r3, #8
   82fd4:	4798      	blx	r3
		pio_pull_up(p_pio, ul_mask, (ul_flags & PIO_PULLUP));
   82fd6:	4638      	mov	r0, r7
   82fd8:	4631      	mov	r1, r6
   82fda:	f005 0201 	and.w	r2, r5, #1
   82fde:	f642 5371 	movw	r3, #11633	; 0x2d71
   82fe2:	f2c0 0308 	movt	r3, #8
   82fe6:	4798      	blx	r3

	default:
		return 0;
	}

	return 1;
   82fe8:	f04f 0001 	mov.w	r0, #1
	/* Configure pins */
	switch (ul_flags & PIO_TYPE_Msk) {
	case PIO_TYPE_PIO_PERIPH_A:
		pio_set_peripheral(p_pio, PIO_PERIPH_A, ul_mask);
		pio_pull_up(p_pio, ul_mask, (ul_flags & PIO_PULLUP));
		break;
   82fec:	e033      	b.n	83056 <pio_configure_pin_group+0xc2>
	case PIO_TYPE_PIO_PERIPH_B:
		pio_set_peripheral(p_pio, PIO_PERIPH_B, ul_mask);
   82fee:	f04f 5180 	mov.w	r1, #268435456	; 0x10000000
   82ff2:	4632      	mov	r2, r6
   82ff4:	f642 537d 	movw	r3, #11645	; 0x2d7d
   82ff8:	f2c0 0308 	movt	r3, #8
   82ffc:	4798      	blx	r3
		pio_pull_up(p_pio, ul_mask, (ul_flags & PIO_PULLUP));
   82ffe:	4638      	mov	r0, r7
   83000:	4631      	mov	r1, r6
   83002:	f005 0201 	and.w	r2, r5, #1
   83006:	f642 5371 	movw	r3, #11633	; 0x2d71
   8300a:	f2c0 0308 	movt	r3, #8
   8300e:	4798      	blx	r3

	default:
		return 0;
	}

	return 1;
   83010:	f04f 0001 	mov.w	r0, #1
		pio_pull_up(p_pio, ul_mask, (ul_flags & PIO_PULLUP));
		break;
	case PIO_TYPE_PIO_PERIPH_B:
		pio_set_peripheral(p_pio, PIO_PERIPH_B, ul_mask);
		pio_pull_up(p_pio, ul_mask, (ul_flags & PIO_PULLUP));
		break;
   83014:	e01f      	b.n	83056 <pio_configure_pin_group+0xc2>
		pio_pull_up(p_pio, ul_mask, (ul_flags & PIO_PULLUP));
		break;
#endif

	case PIO_TYPE_PIO_INPUT:
		pio_set_input(p_pio, ul_mask, ul_flags);
   83016:	f642 6301 	movw	r3, #11777	; 0x2e01
   8301a:	f2c0 0308 	movt	r3, #8
   8301e:	4798      	blx	r3

	default:
		return 0;
	}

	return 1;
   83020:	f04f 0001 	mov.w	r0, #1
		break;
#endif

	case PIO_TYPE_PIO_INPUT:
		pio_set_input(p_pio, ul_mask, ul_flags);
		break;
   83024:	e017      	b.n	83056 <pio_configure_pin_group+0xc2>

	case PIO_TYPE_PIO_OUTPUT_0:
	case PIO_TYPE_PIO_OUTPUT_1:
		pio_set_output(p_pio, ul_mask,
				((ul_flags & PIO_TYPE_PIO_OUTPUT_1)
   83026:	f005 5260 	and.w	r2, r5, #939524096	; 0x38000000
		pio_set_input(p_pio, ul_mask, ul_flags);
		break;

	case PIO_TYPE_PIO_OUTPUT_0:
	case PIO_TYPE_PIO_OUTPUT_1:
		pio_set_output(p_pio, ul_mask,
   8302a:	f005 0001 	and.w	r0, r5, #1
   8302e:	9000      	str	r0, [sp, #0]
   83030:	4638      	mov	r0, r7
   83032:	4631      	mov	r1, r6
   83034:	f1b2 5f60 	cmp.w	r2, #939524096	; 0x38000000
   83038:	bf14      	ite	ne
   8303a:	2200      	movne	r2, #0
   8303c:	2201      	moveq	r2, #1
   8303e:	f3c5 0380 	ubfx	r3, r5, #2, #1
   83042:	f642 54c5 	movw	r4, #11717	; 0x2dc5
   83046:	f2c0 0408 	movt	r4, #8
   8304a:	47a0      	blx	r4

	default:
		return 0;
	}

	return 1;
   8304c:	f04f 0001 	mov.w	r0, #1
		pio_set_output(p_pio, ul_mask,
				((ul_flags & PIO_TYPE_PIO_OUTPUT_1)
				== PIO_TYPE_PIO_OUTPUT_1) ? 1 : 0,
				(ul_flags & PIO_OPENDRAIN) ? 1 : 0,
				(ul_flags & PIO_PULLUP) ? 1 : 0);
		break;
   83050:	e001      	b.n	83056 <pio_configure_pin_group+0xc2>

	default:
		return 0;
   83052:	f04f 0000 	mov.w	r0, #0
	}

	return 1;
}
   83056:	b003      	add	sp, #12
   83058:	bdf0      	pop	{r4, r5, r6, r7, pc}
   8305a:	bf00      	nop

0008305c <pio_handler_process>:
 *
 * \param p_pio PIO controller base address.
 * \param ul_id PIO controller ID.
 */
void pio_handler_process(Pio *p_pio, uint32_t ul_id)
{
   8305c:	b5f8      	push	{r3, r4, r5, r6, r7, lr}
   8305e:	4604      	mov	r4, r0
   83060:	460e      	mov	r6, r1
	uint32_t status;
	uint32_t i;

	/* Read PIO controller status */
	status = pio_get_interrupt_status(p_pio);
   83062:	f642 634d 	movw	r3, #11853	; 0x2e4d
   83066:	f2c0 0308 	movt	r3, #8
   8306a:	4798      	blx	r3
   8306c:	4605      	mov	r5, r0
	status &= pio_get_interrupt_mask(p_pio);
   8306e:	4620      	mov	r0, r4
   83070:	f642 6151 	movw	r1, #11857	; 0x2e51
   83074:	f2c0 0108 	movt	r1, #8
   83078:	4788      	blx	r1

	/* Check pending events */
	if (status != 0) {
   8307a:	4005      	ands	r5, r0
   8307c:	d014      	beq.n	830a8 <pio_handler_process+0x4c>
   8307e:	4c0b      	ldr	r4, [pc, #44]	; (830ac <pio_handler_process+0x50>)
 * \brief Process an interrupt request on the given PIO controller.
 *
 * \param p_pio PIO controller base address.
 * \param ul_id PIO controller ID.
 */
void pio_handler_process(Pio *p_pio, uint32_t ul_id)
   83080:	4627      	mov	r7, r4
	if (status != 0) {
		/* Find triggering source */
		i = 0;
		while (status != 0) {
			/* Source is configured on the same controller */
			if (gs_interrupt_sources[i].id == ul_id) {
   83082:	f854 0c0c 	ldr.w	r0, [r4, #-12]
   83086:	42b0      	cmp	r0, r6
   83088:	d10a      	bne.n	830a0 <pio_handler_process+0x44>
				/* Source has PIOs whose statuses have changed */
				if ((status & gs_interrupt_sources[i].mask) != 0) {
   8308a:	f854 1c08 	ldr.w	r1, [r4, #-8]
   8308e:	4229      	tst	r1, r5
   83090:	d006      	beq.n	830a0 <pio_handler_process+0x44>
					gs_interrupt_sources[i].handler(gs_interrupt_sources[i].id,
   83092:	6822      	ldr	r2, [r4, #0]
   83094:	4630      	mov	r0, r6
   83096:	4790      	blx	r2
							gs_interrupt_sources[i].mask);
					status &= ~(gs_interrupt_sources[i].mask);
   83098:	f854 3c08 	ldr.w	r3, [r4, #-8]
   8309c:	ea25 0503 	bic.w	r5, r5, r3
   830a0:	f104 0410 	add.w	r4, r4, #16

	/* Check pending events */
	if (status != 0) {
		/* Find triggering source */
		i = 0;
		while (status != 0) {
   830a4:	2d00      	cmp	r5, #0
   830a6:	d1eb      	bne.n	83080 <pio_handler_process+0x24>
   830a8:	bdf8      	pop	{r3, r4, r5, r6, r7, pc}
   830aa:	bf00      	nop
   830ac:	200706f0 	.word	0x200706f0

000830b0 <PIOA_Handler>:
/**
 * \brief Parallel IO Controller A interrupt handler.
 * Redefined PIOA interrupt handler for NVIC interrupt table.
 */
void PIOA_Handler(void)
{
   830b0:	b508      	push	{r3, lr}
	pio_handler_process(PIOA, ID_PIOA);
   830b2:	f44f 6060 	mov.w	r0, #3584	; 0xe00
   830b6:	f2c4 000e 	movt	r0, #16398	; 0x400e
   830ba:	f04f 010b 	mov.w	r1, #11
   830be:	f243 035d 	movw	r3, #12381	; 0x305d
   830c2:	f2c0 0308 	movt	r3, #8
   830c6:	4798      	blx	r3
   830c8:	bd08      	pop	{r3, pc}
   830ca:	bf00      	nop

000830cc <PIOB_Handler>:
/**
 * \brief Parallel IO Controller B interrupt handler
 * Redefined PIOB interrupt handler for NVIC interrupt table.
 */
void PIOB_Handler(void)
{
   830cc:	b508      	push	{r3, lr}
    pio_handler_process(PIOB, ID_PIOB);
   830ce:	f44f 5080 	mov.w	r0, #4096	; 0x1000
   830d2:	f2c4 000e 	movt	r0, #16398	; 0x400e
   830d6:	f04f 010c 	mov.w	r1, #12
   830da:	f243 035d 	movw	r3, #12381	; 0x305d
   830de:	f2c0 0308 	movt	r3, #8
   830e2:	4798      	blx	r3
   830e4:	bd08      	pop	{r3, pc}
   830e6:	bf00      	nop

000830e8 <PIOC_Handler>:
/**
 * \brief Parallel IO Controller C interrupt handler.
 * Redefined PIOC interrupt handler for NVIC interrupt table.
 */
void PIOC_Handler(void)
{
   830e8:	b508      	push	{r3, lr}
	pio_handler_process(PIOC, ID_PIOC);
   830ea:	f44f 5090 	mov.w	r0, #4608	; 0x1200
   830ee:	f2c4 000e 	movt	r0, #16398	; 0x400e
   830f2:	f04f 010d 	mov.w	r1, #13
   830f6:	f243 035d 	movw	r3, #12381	; 0x305d
   830fa:	f2c0 0308 	movt	r3, #8
   830fe:	4798      	blx	r3
   83100:	bd08      	pop	{r3, pc}
   83102:	bf00      	nop

00083104 <PIOD_Handler>:
/**
 * \brief Parallel IO Controller D interrupt handler.
 * Redefined PIOD interrupt handler for NVIC interrupt table.
 */
void PIOD_Handler(void)
{
   83104:	b508      	push	{r3, lr}
	pio_handler_process(PIOD, ID_PIOD);
   83106:	f44f 50a0 	mov.w	r0, #5120	; 0x1400
   8310a:	f2c4 000e 	movt	r0, #16398	; 0x400e
   8310e:	f04f 010e 	mov.w	r1, #14
   83112:	f243 035d 	movw	r3, #12381	; 0x305d
   83116:	f2c0 0308 	movt	r3, #8
   8311a:	4798      	blx	r3
   8311c:	bd08      	pop	{r3, pc}
   8311e:	bf00      	nop

00083120 <pmc_enable_periph_clk>:
 * \retval 0 Success.
 * \retval 1 Invalid parameter.
 */
uint32_t pmc_enable_periph_clk(uint32_t ul_id)
{
	if (ul_id > MAX_PERIPH_ID) {
   83120:	282c      	cmp	r0, #44	; 0x2c
   83122:	d835      	bhi.n	83190 <pmc_enable_periph_clk+0x70>
		return 1;
	}

	if (ul_id < 32) {
   83124:	281f      	cmp	r0, #31
   83126:	d817      	bhi.n	83158 <pmc_enable_periph_clk+0x38>
		if ((PMC->PMC_PCSR0 & (1u << ul_id)) != (1u << ul_id)) {
   83128:	f44f 61c0 	mov.w	r1, #1536	; 0x600
   8312c:	f2c4 010e 	movt	r1, #16398	; 0x400e
   83130:	698a      	ldr	r2, [r1, #24]
   83132:	f04f 0301 	mov.w	r3, #1
   83136:	fa03 f300 	lsl.w	r3, r3, r0
   8313a:	401a      	ands	r2, r3
   8313c:	4293      	cmp	r3, r2
   8313e:	d02a      	beq.n	83196 <pmc_enable_periph_clk+0x76>
			PMC->PMC_PCER0 = 1 << ul_id;
   83140:	f04f 0101 	mov.w	r1, #1
   83144:	fa01 f000 	lsl.w	r0, r1, r0
   83148:	f44f 62c0 	mov.w	r2, #1536	; 0x600
   8314c:	f2c4 020e 	movt	r2, #16398	; 0x400e
   83150:	6110      	str	r0, [r2, #16]
			PMC->PMC_PCER1 = 1 << ul_id;
		}
#endif
	}

	return 0;
   83152:	f04f 0000 	mov.w	r0, #0
   83156:	4770      	bx	lr
			PMC->PMC_PCER0 = 1 << ul_id;
		}
#if (SAM3S || SAM3XA || SAM4S || SAM4E)
	} else {
		ul_id -= 32;
		if ((PMC->PMC_PCSR1 & (1u << ul_id)) != (1u << ul_id)) {
   83158:	f44f 63c0 	mov.w	r3, #1536	; 0x600
   8315c:	f2c4 030e 	movt	r3, #16398	; 0x400e
   83160:	f8d3 2108 	ldr.w	r2, [r3, #264]	; 0x108
		if ((PMC->PMC_PCSR0 & (1u << ul_id)) != (1u << ul_id)) {
			PMC->PMC_PCER0 = 1 << ul_id;
		}
#if (SAM3S || SAM3XA || SAM4S || SAM4E)
	} else {
		ul_id -= 32;
   83164:	f1a0 0020 	sub.w	r0, r0, #32
		if ((PMC->PMC_PCSR1 & (1u << ul_id)) != (1u << ul_id)) {
   83168:	f04f 0101 	mov.w	r1, #1
   8316c:	fa01 f100 	lsl.w	r1, r1, r0
   83170:	400a      	ands	r2, r1
   83172:	4291      	cmp	r1, r2
   83174:	d012      	beq.n	8319c <pmc_enable_periph_clk+0x7c>
			PMC->PMC_PCER1 = 1 << ul_id;
   83176:	f04f 0301 	mov.w	r3, #1
   8317a:	fa03 f000 	lsl.w	r0, r3, r0
   8317e:	f44f 62c0 	mov.w	r2, #1536	; 0x600
   83182:	f2c4 020e 	movt	r2, #16398	; 0x400e
   83186:	f8c2 0100 	str.w	r0, [r2, #256]	; 0x100
		}
#endif
	}

	return 0;
   8318a:	f04f 0000 	mov.w	r0, #0
   8318e:	4770      	bx	lr
 * \retval 1 Invalid parameter.
 */
uint32_t pmc_enable_periph_clk(uint32_t ul_id)
{
	if (ul_id > MAX_PERIPH_ID) {
		return 1;
   83190:	f04f 0001 	mov.w	r0, #1
   83194:	4770      	bx	lr
			PMC->PMC_PCER1 = 1 << ul_id;
		}
#endif
	}

	return 0;
   83196:	f04f 0000 	mov.w	r0, #0
   8319a:	4770      	bx	lr
   8319c:	f04f 0000 	mov.w	r0, #0
}
   831a0:	4770      	bx	lr
   831a2:	bf00      	nop

000831a4 <pmc_is_wakeup_clocks_restored>:
	}
}

bool pmc_is_wakeup_clocks_restored(void)
{
	return !b_is_fastrc_used;
   831a4:	f240 7354 	movw	r3, #1876	; 0x754
   831a8:	f2c2 0307 	movt	r3, #8199	; 0x2007
   831ac:	7818      	ldrb	r0, [r3, #0]
}
   831ae:	f080 0001 	eor.w	r0, r0, #1
   831b2:	4770      	bx	lr

000831b4 <Dummy_Handler>:

/**
 * \brief Default interrupt handler for unused IRQs.
 */
void Dummy_Handler(void)
{
   831b4:	e7fe      	b.n	831b4 <Dummy_Handler>
   831b6:	bf00      	nop

000831b8 <Reset_Handler>:
/**
 * \brief This is the code that gets called on processor reset.
 * To initialize the device, and call the main() routine.
 */
void Reset_Handler(void)
{
   831b8:	b538      	push	{r3, r4, r5, lr}

	/* Initialize the relocate segment */
	pSrc = &_etext;
	pDest = &_srelocate;

	if (pSrc != pDest) {
   831ba:	f240 0300 	movw	r3, #0
   831be:	f2c2 0307 	movt	r3, #8199	; 0x2007
   831c2:	f243 4258 	movw	r2, #13400	; 0x3458
   831c6:	f2c0 0208 	movt	r2, #8
   831ca:	429a      	cmp	r2, r3
   831cc:	d003      	beq.n	831d6 <Reset_Handler+0x1e>
		for (; pDest < &_erelocate;) {
   831ce:	4840      	ldr	r0, [pc, #256]	; (832d0 <Reset_Handler+0x118>)
   831d0:	4940      	ldr	r1, [pc, #256]	; (832d4 <Reset_Handler+0x11c>)
   831d2:	4281      	cmp	r1, r0
   831d4:	d304      	bcc.n	831e0 <Reset_Handler+0x28>
			*pDest++ = *pSrc++;
		}
	}

	/* Clear the zero segment */
	for (pDest = &_szero; pDest < &_ezero;) {
   831d6:	4b40      	ldr	r3, [pc, #256]	; (832d8 <Reset_Handler+0x120>)
   831d8:	4a40      	ldr	r2, [pc, #256]	; (832dc <Reset_Handler+0x124>)
   831da:	429a      	cmp	r2, r3
   831dc:	d325      	bcc.n	8322a <Reset_Handler+0x72>
   831de:	e042      	b.n	83266 <Reset_Handler+0xae>

/**
 * \brief This is the code that gets called on processor reset.
 * To initialize the device, and call the main() routine.
 */
void Reset_Handler(void)
   831e0:	4d3f      	ldr	r5, [pc, #252]	; (832e0 <Reset_Handler+0x128>)
   831e2:	4c40      	ldr	r4, [pc, #256]	; (832e4 <Reset_Handler+0x12c>)
   831e4:	1b63      	subs	r3, r4, r5
   831e6:	f023 0503 	bic.w	r5, r3, #3
   831ea:	f04f 0300 	mov.w	r3, #0
	pSrc = &_etext;
	pDest = &_srelocate;

	if (pSrc != pDest) {
		for (; pDest < &_erelocate;) {
			*pDest++ = *pSrc++;
   831ee:	f240 0200 	movw	r2, #0
   831f2:	f2c2 0207 	movt	r2, #8199	; 0x2007
   831f6:	f243 4158 	movw	r1, #13400	; 0x3458
   831fa:	f2c0 0108 	movt	r1, #8
   831fe:	f105 0004 	add.w	r0, r5, #4
   83202:	f3c5 0480 	ubfx	r4, r5, #2, #1
   83206:	585d      	ldr	r5, [r3, r1]
   83208:	509d      	str	r5, [r3, r2]
   8320a:	f103 0304 	add.w	r3, r3, #4
	/* Initialize the relocate segment */
	pSrc = &_etext;
	pDest = &_srelocate;

	if (pSrc != pDest) {
		for (; pDest < &_erelocate;) {
   8320e:	4283      	cmp	r3, r0
   83210:	d155      	bne.n	832be <Reset_Handler+0x106>
   83212:	e7e0      	b.n	831d6 <Reset_Handler+0x1e>
			*pDest++ = *pSrc++;
   83214:	585d      	ldr	r5, [r3, r1]
   83216:	509d      	str	r5, [r3, r2]
   83218:	f103 0304 	add.w	r3, r3, #4
   8321c:	585c      	ldr	r4, [r3, r1]
   8321e:	509c      	str	r4, [r3, r2]
   83220:	f103 0304 	add.w	r3, r3, #4
	/* Initialize the relocate segment */
	pSrc = &_etext;
	pDest = &_srelocate;

	if (pSrc != pDest) {
		for (; pDest < &_erelocate;) {
   83224:	4283      	cmp	r3, r0
   83226:	d1f5      	bne.n	83214 <Reset_Handler+0x5c>
   83228:	e7d5      	b.n	831d6 <Reset_Handler+0x1e>
   8322a:	4d2f      	ldr	r5, [pc, #188]	; (832e8 <Reset_Handler+0x130>)

/**
 * \brief This is the code that gets called on processor reset.
 * To initialize the device, and call the main() routine.
 */
void Reset_Handler(void)
   8322c:	492f      	ldr	r1, [pc, #188]	; (832ec <Reset_Handler+0x134>)
   8322e:	1b48      	subs	r0, r1, r5
   83230:	f020 0403 	bic.w	r4, r0, #3
   83234:	f240 5318 	movw	r3, #1304	; 0x518
   83238:	f2c2 0307 	movt	r3, #8199	; 0x2007
   8323c:	18e2      	adds	r2, r4, r3
		}
	}

	/* Clear the zero segment */
	for (pDest = &_szero; pDest < &_ezero;) {
		*pDest++ = 0;
   8323e:	f04f 0100 	mov.w	r1, #0
   83242:	1b50      	subs	r0, r2, r5
   83244:	f1a0 0004 	sub.w	r0, r0, #4
   83248:	f3c0 0480 	ubfx	r4, r0, #2, #1
   8324c:	f845 1f04 	str.w	r1, [r5, #4]!
			*pDest++ = *pSrc++;
		}
	}

	/* Clear the zero segment */
	for (pDest = &_szero; pDest < &_ezero;) {
   83250:	4295      	cmp	r5, r2
   83252:	d12d      	bne.n	832b0 <Reset_Handler+0xf8>
   83254:	e007      	b.n	83266 <Reset_Handler+0xae>
   83256:	f105 0304 	add.w	r3, r5, #4
		*pDest++ = 0;
   8325a:	6069      	str	r1, [r5, #4]
   8325c:	f105 0508 	add.w	r5, r5, #8
   83260:	6059      	str	r1, [r3, #4]
			*pDest++ = *pSrc++;
		}
	}

	/* Clear the zero segment */
	for (pDest = &_szero; pDest < &_ezero;) {
   83262:	4295      	cmp	r5, r2
   83264:	d1f7      	bne.n	83256 <Reset_Handler+0x9e>
		*pDest++ = 0;
	}

	/* Set the vector table base address */
	pSrc = (uint32_t *) & _sfixed;
	SCB->VTOR = ((uint32_t) pSrc & SCB_VTOR_TBLOFF_Msk);
   83266:	f240 0500 	movw	r5, #0
   8326a:	f2c0 0508 	movt	r5, #8
   8326e:	f025 4260 	bic.w	r2, r5, #3758096384	; 0xe0000000
   83272:	f022 017f 	bic.w	r1, r2, #127	; 0x7f
   83276:	f44f 406d 	mov.w	r0, #60672	; 0xed00
   8327a:	f2ce 0000 	movt	r0, #57344	; 0xe000
   8327e:	6081      	str	r1, [r0, #8]

	if (((uint32_t) pSrc >= IRAM0_ADDR) && ((uint32_t) pSrc < NFC_RAM_ADDR)) {
   83280:	f105 4460 	add.w	r4, r5, #3758096384	; 0xe0000000
   83284:	f5b4 1f80 	cmp.w	r4, #1048576	; 0x100000
   83288:	d207      	bcs.n	8329a <Reset_Handler+0xe2>
		SCB->VTOR |= 1 << SCB_VTOR_TBLBASE_Pos;
   8328a:	f44f 436d 	mov.w	r3, #60672	; 0xed00
   8328e:	f2ce 0300 	movt	r3, #57344	; 0xe000
   83292:	689d      	ldr	r5, [r3, #8]
   83294:	f045 5200 	orr.w	r2, r5, #536870912	; 0x20000000
   83298:	609a      	str	r2, [r3, #8]
	}

	/* Initialize the C library */
	__libc_init_array();
   8329a:	f243 31b9 	movw	r1, #13241	; 0x33b9
   8329e:	f2c0 0108 	movt	r1, #8
   832a2:	4788      	blx	r1

	/* Branch to main function */
	main();
   832a4:	f642 3039 	movw	r0, #11065	; 0x2b39
   832a8:	f2c0 0008 	movt	r0, #8
   832ac:	4780      	blx	r0
   832ae:	e7fe      	b.n	832ae <Reset_Handler+0xf6>
   832b0:	2c00      	cmp	r4, #0
   832b2:	d0d0      	beq.n	83256 <Reset_Handler+0x9e>
		}
	}

	/* Clear the zero segment */
	for (pDest = &_szero; pDest < &_ezero;) {
		*pDest++ = 0;
   832b4:	f845 1f04 	str.w	r1, [r5, #4]!
			*pDest++ = *pSrc++;
		}
	}

	/* Clear the zero segment */
	for (pDest = &_szero; pDest < &_ezero;) {
   832b8:	4295      	cmp	r5, r2
   832ba:	d1cc      	bne.n	83256 <Reset_Handler+0x9e>
   832bc:	e7d3      	b.n	83266 <Reset_Handler+0xae>
   832be:	2c00      	cmp	r4, #0
   832c0:	d0a8      	beq.n	83214 <Reset_Handler+0x5c>
	pSrc = &_etext;
	pDest = &_srelocate;

	if (pSrc != pDest) {
		for (; pDest < &_erelocate;) {
			*pDest++ = *pSrc++;
   832c2:	585c      	ldr	r4, [r3, r1]
   832c4:	509c      	str	r4, [r3, r2]
   832c6:	f103 0304 	add.w	r3, r3, #4
	/* Initialize the relocate segment */
	pSrc = &_etext;
	pDest = &_srelocate;

	if (pSrc != pDest) {
		for (; pDest < &_erelocate;) {
   832ca:	4283      	cmp	r3, r0
   832cc:	d1a2      	bne.n	83214 <Reset_Handler+0x5c>
   832ce:	e782      	b.n	831d6 <Reset_Handler+0x1e>
   832d0:	20070518 	.word	0x20070518
   832d4:	20070000 	.word	0x20070000
   832d8:	20070778 	.word	0x20070778
   832dc:	20070518 	.word	0x20070518
   832e0:	20070004 	.word	0x20070004
   832e4:	2007051b 	.word	0x2007051b
   832e8:	20070514 	.word	0x20070514
   832ec:	20070773 	.word	0x20070773

000832f0 <__register_exitproc>:
   832f0:	e92d 43f8 	stmdb	sp!, {r3, r4, r5, r6, r7, r8, r9, lr}
   832f4:	4698      	mov	r8, r3
   832f6:	4b23      	ldr	r3, [pc, #140]	; (83384 <__register_exitproc+0x94>)
   832f8:	4606      	mov	r6, r0
   832fa:	681c      	ldr	r4, [r3, #0]
   832fc:	460f      	mov	r7, r1
   832fe:	f8d4 0148 	ldr.w	r0, [r4, #328]	; 0x148
   83302:	4691      	mov	r9, r2
   83304:	b918      	cbnz	r0, 8330e <__register_exitproc+0x1e>
   83306:	f504 70a6 	add.w	r0, r4, #332	; 0x14c
   8330a:	f8c4 0148 	str.w	r0, [r4, #328]	; 0x148
   8330e:	6841      	ldr	r1, [r0, #4]
   83310:	291f      	cmp	r1, #31
   83312:	dd16      	ble.n	83342 <__register_exitproc+0x52>
   83314:	481c      	ldr	r0, [pc, #112]	; (83388 <__register_exitproc+0x98>)
   83316:	b918      	cbnz	r0, 83320 <__register_exitproc+0x30>
   83318:	f04f 30ff 	mov.w	r0, #4294967295
   8331c:	e8bd 83f8 	ldmia.w	sp!, {r3, r4, r5, r6, r7, r8, r9, pc}
   83320:	f44f 70c8 	mov.w	r0, #400	; 0x190
   83324:	f3af 8000 	nop.w
   83328:	2800      	cmp	r0, #0
   8332a:	d0f5      	beq.n	83318 <__register_exitproc+0x28>
   8332c:	f8d4 2148 	ldr.w	r2, [r4, #328]	; 0x148
   83330:	2500      	movs	r5, #0
   83332:	6045      	str	r5, [r0, #4]
   83334:	6002      	str	r2, [r0, #0]
   83336:	f8c4 0148 	str.w	r0, [r4, #328]	; 0x148
   8333a:	f8c0 5188 	str.w	r5, [r0, #392]	; 0x188
   8333e:	f8c0 518c 	str.w	r5, [r0, #396]	; 0x18c
   83342:	b1b6      	cbz	r6, 83372 <__register_exitproc+0x82>
   83344:	6844      	ldr	r4, [r0, #4]
   83346:	2201      	movs	r2, #1
   83348:	fa02 f204 	lsl.w	r2, r2, r4
   8334c:	f8d0 1188 	ldr.w	r1, [r0, #392]	; 0x188
   83350:	eb00 0384 	add.w	r3, r0, r4, lsl #2
   83354:	4311      	orrs	r1, r2
   83356:	2e02      	cmp	r6, #2
   83358:	f8c3 9088 	str.w	r9, [r3, #136]	; 0x88
   8335c:	f8c0 1188 	str.w	r1, [r0, #392]	; 0x188
   83360:	461c      	mov	r4, r3
   83362:	f8c3 8108 	str.w	r8, [r3, #264]	; 0x108
   83366:	d104      	bne.n	83372 <__register_exitproc+0x82>
   83368:	f8d0 318c 	ldr.w	r3, [r0, #396]	; 0x18c
   8336c:	431a      	orrs	r2, r3
   8336e:	f8c0 218c 	str.w	r2, [r0, #396]	; 0x18c
   83372:	6841      	ldr	r1, [r0, #4]
   83374:	1c8b      	adds	r3, r1, #2
   83376:	1c4a      	adds	r2, r1, #1
   83378:	f840 7023 	str.w	r7, [r0, r3, lsl #2]
   8337c:	6042      	str	r2, [r0, #4]
   8337e:	2000      	movs	r0, #0
   83380:	e8bd 83f8 	ldmia.w	sp!, {r3, r4, r5, r6, r7, r8, r9, pc}
   83384:	0008342c 	.word	0x0008342c
   83388:	00000000 	.word	0x00000000

0008338c <__libc_fini_array>:
   8338c:	b570      	push	{r4, r5, r6, lr}
   8338e:	4b08      	ldr	r3, [pc, #32]	; (833b0 <__libc_fini_array+0x24>)
   83390:	4c08      	ldr	r4, [pc, #32]	; (833b4 <__libc_fini_array+0x28>)
   83392:	2500      	movs	r5, #0
   83394:	1ae0      	subs	r0, r4, r3
   83396:	1084      	asrs	r4, r0, #2
   83398:	eb03 0684 	add.w	r6, r3, r4, lsl #2
   8339c:	3d04      	subs	r5, #4
   8339e:	b11c      	cbz	r4, 833a8 <__libc_fini_array+0x1c>
   833a0:	5972      	ldr	r2, [r6, r5]
   833a2:	4790      	blx	r2
   833a4:	3c01      	subs	r4, #1
   833a6:	e7f9      	b.n	8339c <__libc_fini_array+0x10>
   833a8:	e8bd 4070 	ldmia.w	sp!, {r4, r5, r6, lr}
   833ac:	f000 b84c 	b.w	83448 <_fini>
   833b0:	00083454 	.word	0x00083454
   833b4:	00083458 	.word	0x00083458

000833b8 <__libc_init_array>:
   833b8:	b538      	push	{r3, r4, r5, lr}
   833ba:	4d0e      	ldr	r5, [pc, #56]	; (833f4 <__libc_init_array+0x3c>)
   833bc:	4b0e      	ldr	r3, [pc, #56]	; (833f8 <__libc_init_array+0x40>)
   833be:	2400      	movs	r4, #0
   833c0:	1ae8      	subs	r0, r5, r3
   833c2:	1085      	asrs	r5, r0, #2
   833c4:	42ac      	cmp	r4, r5
   833c6:	d005      	beq.n	833d4 <__libc_init_array+0x1c>
   833c8:	490b      	ldr	r1, [pc, #44]	; (833f8 <__libc_init_array+0x40>)
   833ca:	f851 2024 	ldr.w	r2, [r1, r4, lsl #2]
   833ce:	4790      	blx	r2
   833d0:	3401      	adds	r4, #1
   833d2:	e7f7      	b.n	833c4 <__libc_init_array+0xc>
   833d4:	f000 f82e 	bl	83434 <_init>
   833d8:	4908      	ldr	r1, [pc, #32]	; (833fc <__libc_init_array+0x44>)
   833da:	4a09      	ldr	r2, [pc, #36]	; (83400 <__libc_init_array+0x48>)
   833dc:	1a54      	subs	r4, r2, r1
   833de:	10a5      	asrs	r5, r4, #2
   833e0:	2400      	movs	r4, #0
   833e2:	42ac      	cmp	r4, r5
   833e4:	d005      	beq.n	833f2 <__libc_init_array+0x3a>
   833e6:	4b05      	ldr	r3, [pc, #20]	; (833fc <__libc_init_array+0x44>)
   833e8:	f853 0024 	ldr.w	r0, [r3, r4, lsl #2]
   833ec:	4780      	blx	r0
   833ee:	3401      	adds	r4, #1
   833f0:	e7f7      	b.n	833e2 <__libc_init_array+0x2a>
   833f2:	bd38      	pop	{r3, r4, r5, pc}
   833f4:	00083440 	.word	0x00083440
   833f8:	00083440 	.word	0x00083440
   833fc:	00083440 	.word	0x00083440
   83400:	00083448 	.word	0x00083448

00083404 <register_fini>:
   83404:	4b02      	ldr	r3, [pc, #8]	; (83410 <register_fini+0xc>)
   83406:	b113      	cbz	r3, 8340e <register_fini+0xa>
   83408:	4802      	ldr	r0, [pc, #8]	; (83414 <register_fini+0x10>)
   8340a:	f000 b805 	b.w	83418 <atexit>
   8340e:	4770      	bx	lr
   83410:	00000000 	.word	0x00000000
   83414:	0008338d 	.word	0x0008338d

00083418 <atexit>:
   83418:	4601      	mov	r1, r0
   8341a:	2000      	movs	r0, #0
   8341c:	4602      	mov	r2, r0
   8341e:	4603      	mov	r3, r0
   83420:	f7ff bf66 	b.w	832f0 <__register_exitproc>
   83424:	30303030 	.word	0x30303030
   83428:	00003030 	.word	0x00003030

0008342c <_global_impure_ptr>:
   8342c:	200700f0 00000043                       ... C...

00083434 <_init>:
   83434:	b5f8      	push	{r3, r4, r5, r6, r7, lr}
   83436:	bf00      	nop
   83438:	bcf8      	pop	{r3, r4, r5, r6, r7}
   8343a:	bc08      	pop	{r3}
   8343c:	469e      	mov	lr, r3
   8343e:	4770      	bx	lr

00083440 <__init_array_start>:
   83440:	00083405 	.word	0x00083405

00083444 <__frame_dummy_init_array_entry>:
   83444:	0008016d                                m...

00083448 <_fini>:
   83448:	b5f8      	push	{r3, r4, r5, r6, r7, lr}
   8344a:	bf00      	nop
   8344c:	bcf8      	pop	{r3, r4, r5, r6, r7}
   8344e:	bc08      	pop	{r3}
   83450:	469e      	mov	lr, r3
   83452:	4770      	bx	lr

00083454 <__fini_array_start>:
   83454:	00080145 	.word	0x00080145
